1000250586 32 1 4 2
1000251620 2 0 1 1
1000254806 32 1 4 3
1000255840 2 0 1 0
1000261434 32 1 2 2
1000262468 0 0 1 1
1000265778 32 1 2 3
1000266812 0 0 1 0
1000270718 32 1 4 2
1000271752 2 0 1 1
1000274218 32 1 4 3
1000275252 2 0 1 0
1000276626 32 1 2 2
1000277660 0 0 1 1
1000280002 32 1 4 2
1000280970 32 1 4 3
1000281036 2 0 1 1
1000282004 2 0 1 0
1000282658 32 1 2 3
1000283692 0 0 1 0
1000390689 37 1 3 2
1000391609 37 1 3 3
1000392291 21 0 1 1
1000393481 21 0 1 0
1000483361 37 1 5 2
1000483605 37 1 5 3
1000484395 23 0 1 1
1000485477 23 0 1 0
1000573387 37 1 5 2
1000574421 23 0 1 1
1000578107 37 1 5 3
1000579141 23 0 1 0
1000581945 37 1 1 2
1000582673 37 1 5 2
1000583334 41 1 6 1
1000584178 23 0 1 1
1000586520 37 1 4 2
1000587027 37 1 4 3
1000587554 22 0 1 1
1000587871 37 1 5 3
1000588061 22 0 1 0
1000588763 37 1 1 3
1000589290 23 0 1 0
1000590503 41 1 6 0
1000594558 37 1 5 2
1000594969 37 1 4 2
1000594975 37 1 1 2
1000595592 23 0 1 1
1000595899 37 1 1 3
1000596047 22 0 1 1
1000596759 37 1 1 2
1000596795 41 1 6 1
1000597691 41 1 6 0
1000598527 37 1 1 3
1000598579 41 1 6 1
1000599467 37 1 4 3
1000600363 41 1 6 0
1000600501 22 0 1 0
1000603035 37 1 5 3
1000604069 23 0 1 0
1000611073 37 1 5 2
1000612107 23 0 1 1
1000612767 37 1 1 2
1000614635 41 1 6 1
1000615523 37 1 1 3
1000615668 41 1 5 2
1000616415 37 1 5 3
1000616976 36 1 1 1
1000617345 41 1 6 0
1000617449 23 0 1 0
1000620021 41 1 5 3
1000621029 37 1 5 2
1000621739 36 1 1 0
1000622063 23 0 1 1
1000622709 37 1 1 2
1000623743 41 1 6 1
1000624069 37 1 4 2
1000624913 37 1 4 3
1000625335 37 1 1 3
1000625575 22 0 1 1
1000626275 37 1 5 3
1000626409 41 1 8 2
1000626501 22 0 1 0
1000627171 41 1 6 0
1000627309 23 0 1 0
1000627443 39 1 1 1
1000628887 41 1 5 2
1000629189 41 1 8 3
1000629989 36 1 1 1
1000630223 39 1 1 0
1000632565 41 1 5 3
1000633421 37 1 5 2
1000634367 36 1 1 0
1000634455 23 0 1 1
1000641391 37 1 5 3
1000642431 23 0 1 0
1000645771 37 1 1 2
1000647639 41 1 6 1
1000648591 37 1 5 2
1000649239 37 1 4 2
1000649625 23 0 1 1
1000650311 37 1 4 3
1000650493 22 0 1 1
1000651203 37 1 1 3
1000651351 22 0 1 0
1000652123 41 1 5 2
1000652853 41 1 6 0
1000652987 37 1 5 3
1000653102 41 1 8 2
1000653853 36 1 1 1
1000654027 23 0 1 0
1000654308 39 1 1 1
1000657087 41 1 1 2
1000657415 37 1 4 2
1000657559 37 1 5 2
1000658121 42 1 2 1
1000658205 41 1 5 3
1000658339 37 1 4 3
1000659097 41 1 1 3
1000659203 22 0 1 1
1000659293 23 0 1 1
1000659379 22 0 1 0
1000659573 41 1 8 3
1000659704 36 1 1 0
1000660131 42 1 2 0
1000660607 39 1 1 0
1000661785 37 1 1 2
1000661907 37 1 1 3
1000662623 37 1 4 2
1000662861 41 1 6 1
1000663657 22 0 1 1
1000663739 41 1 6 0
1000663739 37 1 4 3
1000665068 41 1 5 2
1000665251 37 1 4 2
1000665523 22 0 1 0
1000666367 37 1 5 3
1000666401 22 0 1 1
1000666600 36 1 1 1
1000666719 41 1 8 2
1000667367 37 1 4 3
1000667407 23 0 1 0
1000667764 39 1 1 1
1000668449 22 0 1 0
1000669701 41 1 5 3
1000670545 41 1 8 3
1000671089 36 1 1 0
1000671579 39 1 1 0
1000675207 37 1 5 2
1000675287 37 1 5 3
1000676241 23 0 1 1
1000676321 23 0 1 0
1000676453 41 1 5 2
1000676847 41 1 8 2
1000676895 37 1 5 2
1000677487 36 1 1 1
1000677881 39 1 1 1
1000678141 41 1 8 3
1000678367 23 0 1 1
1000679580 39 1 1 0
1000679581 41 1 8 2
1000679829 41 1 8 3
1000680615 39 1 1 1
1000680863 39 1 1 0
1000682268 41 1 8 2
1000682658 41 1 1 2
1000683205 41 1 8 3
1000683302 39 1 1 1
1000683692 42 1 2 1
1000684049 41 1 5 3
1000684207 37 1 5 3
1000684239 39 1 1 0
1000684907 41 1 1 3
1000685247 23 0 1 0
1000685504 36 1 1 0
1000685941 42 1 2 0
1000690868 41 1 5 2
1000691645 41 1 5 3
1000692299 36 1 1 1
1000692652 41 1 5 2
1000693177 36 1 1 0
1000694114 33 1 5 2
1000694136 36 1 1 1
1000694310 33 1 5 3
1000694537 33 1 3 2
1000695148 7 0 1 1
1000695344 7 0 1 0
1000695571 5 0 1 1
1000697411 37 1 5 2
1000697490 33 1 5 2
1000698397 41 1 5 3
1000698445 23 0 1 1
1000698524 7 0 1 1
1000698770 33 1 5 3
1000699178 33 1 3 3
1000699804 7 0 1 0
1000700022 33 1 5 2
1000700140 36 1 1 0
1000700866 33 1 5 3
1000700899 5 0 1 0
1000701056 7 0 1 1
1000701900 7 0 1 0
1000702572 36 1 2 2
1000703346 41 1 1 2
1000703606 16 0 1 1
1000704057 41 1 8 2
1000704380 42 1 2 1
1000705567 37 1 5 3
1000705744 39 1 1 1
1000705993 41 1 8 3
1000706123 41 1 1 3
1000706444 41 1 5 2
1000706601 23 0 1 0
1000707027 39 1 1 0
1000707157 42 1 2 0
1000708106 36 1 1 1
1000711533 41 1 1 2
1000711986 36 1 3 2
1000712319 41 1 1 3
1000712329 33 1 3 2
1000712567 42 1 2 1
1000712745 41 1 5 3
1000713020 17 0 1 1
1000713028 33 1 5 2
1000713042 33 1 3 3
1000713353 42 1 2 0
1000713435 5 0 1 1
1000714062 7 0 1 1
1000714192 36 1 1 0
1000714361 5 0 1 0
1000714388 36 1 4 2
1000714909 33 1 3 2
1000715766 33 1 3 3
1000715943 5 0 1 1
1000716036 18 0 1 1
1000717003 5 0 1 0
1000717041 37 1 4 2
1000717097 33 1 3 2
1000717259 37 1 4 3
1000717370 41 1 2 2
1000717575 41 1 2 3
1000717746 33 1 5 3
1000717921 37 1 5 2
1000718075 22 0 1 1
1000718293 22 0 1 0
1000718442 33 1 3 3
1000718700 36 1 4 3
1000718780 7 0 1 0
1000718787 5 0 1 1
1000718955 23 0 1 1
1000718982 41 1 8 2
1000719027 43 1 2 1
1000719061 43 1 2 0
1000719665 5 0 1 0
1000720016 39 1 1 1
1000720341 41 1 8 3
1000720386 18 0 1 0
1000720484 36 1 2 3
1000721375 39 1 1 0
1000721514 41 1 8 2
1000721518 16 0 1 0
1000721590 41 1 2 2
1000722328 41 1 5 2
1000722548 39 1 1 1
1000722624 43 1 2 1
1000722879 41 1 2 3
1000723455 37 1 5 3
1000723717 41 1 8 3
1000723798 36 1 1 1
1000724235 43 1 2 0
1000724489 23 0 1 0
1000724751 39 1 1 0
1000725305 41 1 6 2
1000725474 41 1 6 3
1000726589 37 1 1 1
1000726623 37 1 1 0
1000726923 41 1 2 2
1000727359 41 1 2 3
1000727439 41 1 8 2
1000727957 43 1 2 1
1000728393 43 1 2 0
1000728473 39 1 1 1
1000729095 41 1 5 3
1000729908 33 1 5 2
1000730824 36 1 1 0
1000730942 7 0 1 1
1000731716 36 1 3 3
1000732337 37 1 5 2
1000732750 17 0 1 0
1000733845 41 1 8 3
1000733939 23 0 1 1
1000734879 39 1 1 0
1000736236 41 1 5 2
1000736314 33 1 5 3
1000736835 37 1 5 3
1000737348 7 0 1 0
1000737609 41 1 7 2
1000737634 41 1 1 2
1000737758 41 1 3 2
1000737875 23 0 1 0
1000737898 36 1 1 1
1000738365 41 1 6 2
1000738411 41 1 8 2
1000738470 41 1 4 2
1000738668 42 1 2 1
1000738792 44 1 2 1
1000738845 41 1 1 3
1000738904 36 1 4 2
1000739099 38 1 1 1
1000739445 39 1 1 1
1000739543 45 1 2 1
1000739622 41 1 3 3
1000739797 37 1 1 1
1000739879 42 1 2 0
1000739938 18 0 1 1
1000740338 41 1 3 2
1000740502 36 1 3 2
1000740631 41 1 5 3
1000740656 44 1 2 0
1000741344 41 1 3 3
1000741372 44 1 2 1
1000741536 17 0 1 1
1000742188 41 1 4 3
1000742281 41 1 7 3
1000742344 36 1 1 0
1000742395 44 1 2 0
1000742622 36 1 2 2
1000743222 45 1 2 0
1000743353 38 1 1 0
1000743656 16 0 1 1
1000743969 41 1 6 3
1000744035 37 1 5 2
1000744933 41 1 8 3
1000745069 23 0 1 1
1000745135 37 1 1 0
1000745912 36 1 3 3
1000745967 39 1 1 0
1000746804 36 1 4 3
1000746946 17 0 1 0
1000747632 33 1 5 2
1000748586 18 0 1 0
1000748666 7 0 1 1
1000749227 37 1 5 3
1000749345 40 1 2 2
1000750261 23 0 1 0
1000750379 43 1 1 1
1000751264 36 1 2 3
1000751986 40 1 8 2
1000752298 16 0 1 0
1000753020 35 1 1 1
1000754698 36 1 3 2
1000754882 33 1 5 3
1000755732 17 0 1 1
1000755904 40 1 1 2
1000755916 7 0 1 0
1000756722 36 1 2 2
1000756878 40 1 2 3
1000757548 42 1 1 1
1000757756 16 0 1 1
1000757770 40 1 8 3
1000757912 43 1 1 0
1000758804 35 1 1 0
1000758860 36 1 3 3
1000759894 17 0 1 0
1000761124 36 1 2 3
1000761555 37 1 1 2
1000762425 37 1 5 2
1000762463 37 1 1 3
1000762589 41 1 6 1
1000762882 16 0 1 0
1000763459 23 0 1 1
1000763976 40 1 2 2
1000763979 41 1 6 0
1000764916 40 1 8 2
1000765356 43 1 1 1
1000765950 35 1 1 1
1000767044 33 1 5 2
1000767863 37 1 5 3
1000768078 7 0 1 1
1000768897 23 0 1 0
1000770718 40 1 1 3
1000771752 42 1 1 0
1000773450 33 1 5 3
1000774484 7 0 1 0
1000775009 37 1 5 2
1000775303 35 1 4 2
1000775843 37 1 5 3
1000776043 23 0 1 1
1000776697 37 1 5 2
1000776877 23 0 1 0
1000776937 37 1 4 2
1000777013 14 0 1 1
1000777614 40 1 8 3
1000777627 37 1 4 3
1000777731 23 0 1 1
1000777971 22 0 1 1
1000778554 40 1 2 3
1000778721 37 1 4 2
1000778860 35 1 1 0
1000779009 22 0 1 0
1000779704 43 1 1 0
1000779887 22 0 1 1
1000781392 35 1 4 3
1000781399 37 1 1 2
1000782243 37 1 1 3
1000782779 41 1 6 1
1000783099 14 0 1 0
1000783277 41 1 6 0
1000783775 37 1 4 3
1000785061 22 0 1 0
1000786456 33 1 5 2
1000786547 37 1 5 3
1000786612 40 1 2 2
1000787581 23 0 1 0
1000787646 43 1 1 1
1000787893 7 0 1 1
1000790938 40 1 1 2
1000791972 42 1 1 1
1000792664 40 1 8 2
1000793706 33 1 5 3
1000794060 35 1 1 1
1000794967 7 0 1 0
1000797554 40 1 2 3
1000798357 37 1 4 2
1000798398 40 1 8 3
1000798588 43 1 1 0
1000799233 37 1 4 3
1000799391 22 0 1 1
1000799553 37 1 5 2
1000799960 35 1 1 0
1000800029 37 1 5 3
1000800141 37 1 4 2
1000800317 22 0 1 0
1000800587 23 0 1 1
1000801063 23 0 1 0
1000801241 37 1 5 2
1000801291 22 0 1 1
1000801870 40 1 1 3
1000802275 23 0 1 1
1000802603 37 1 4 3
1000802648 40 1 8 2
1000803480 42 1 1 0
1000803682 35 1 1 1
1000803808 40 1 2 2
1000803905 22 0 1 0
1000804775 33 1 3 2
1000804842 43 1 1 1
1000805324 40 1 1 2
1000805522 33 1 3 3
1000805745 33 1 5 2
1000806011 5 0 1 1
1000806358 42 1 1 1
1000806903 5 0 1 0
1000807345 7 0 1 1
1000808066 40 1 8 3
1000808847 37 1 5 3
1000809100 35 1 1 0
1000809754 40 1 1 3
1000809881 23 0 1 0
1000811172 42 1 1 0
1000813118 33 1 5 3
1000813524 40 1 8 2
1000814467 7 0 1 0
1000814558 35 1 1 1
1000814587 37 1 4 2
1000815902 40 1 2 3
1000816464 22 0 1 1
1000817684 43 1 1 0
1000818900 36 1 3 2
1000819321 37 1 5 2
1000819326 40 1 8 3
1000819934 17 0 1 1
1000820161 37 1 5 3
1000820355 23 0 1 1
1000820360 35 1 1 0
1000820766 40 1 1 2
1000821191 37 1 4 3
1000821195 23 0 1 0
1000821828 42 1 1 1
1000821853 37 1 5 2
1000822693 37 1 5 3
1000822694 22 0 1 0
1000822769 33 1 4 2
1000822887 23 0 1 1
1000823727 23 0 1 0
1000823748 40 1 2 2
1000823883 37 1 5 2
1000823923 6 0 1 1
1000823935 40 1 8 2
1000824088 36 1 3 3
1000824582 40 1 1 3
1000824779 40 1 8 3
1000824917 23 0 1 1
1000824934 33 1 4 3
1000824969 35 1 1 1
1000825122 17 0 1 0
1000825231 33 1 5 2
1000825280 43 1 1 1
1000825445 33 1 4 2
1000825616 42 1 1 0
1000825813 35 1 1 0
1000826557 7 0 1 1
1000826622 33 1 4 3
1000826633 6 0 1 0
1000826667 6 0 1 1
1000828437 6 0 1 0
1000832530 33 1 5 3
1000832817 40 1 8 2
1000833564 7 0 1 0
1000833823 37 1 5 3
1000833864 35 1 1 1
1000834857 23 0 1 0
1000835794 40 1 2 3
1000837096 43 1 1 0
1000838824 37 1 4 2
1000838986 37 1 1 2
1000839472 37 1 1 3
1000840110 40 1 8 3
1000840359 41 1 6 1
1000840472 22 0 1 1
1000841144 35 1 1 0
1000841285 41 1 6 0
1000841614 37 1 1 2
1000841626 40 1 1 2
1000841765 37 1 5 2
1000841803 37 1 5 3
1000842609 37 1 5 2
1000842647 37 1 5 3
1000842648 41 1 6 1
1000842799 23 0 1 1
1000842837 23 0 1 0
1000842988 40 1 8 2
1000843160 40 1 2 2
1000843408 42 1 1 1
1000843630 40 1 8 3
1000843643 23 0 1 1
1000843681 23 0 1 0
1000844022 35 1 1 1
1000844297 37 1 5 2
1000844664 35 1 1 0
1000844692 33 1 5 2
1000844692 43 1 1 1
1000844724 40 1 8 2
1000845331 23 0 1 1
1000845572 37 1 1 3
1000845726 7 0 1 1
1000845758 35 1 1 1
1000846263 37 1 4 3
1000846651 41 1 6 0
1000847054 40 1 1 3
1000847450 22 0 1 0
1000847898 40 1 8 3
1000848088 42 1 1 0
1000848932 35 1 1 0
1000851668 40 1 1 2
1000851942 33 1 5 3
1000852555 37 1 5 3
1000852976 7 0 1 0
1000852980 42 1 1 1
1000853308 40 1 8 2
1000853589 23 0 1 0
1000854868 35 1 1 1
1000855638 40 1 2 3
1000856482 40 1 1 3
1000856672 43 1 1 0
1000857724 36 1 3 2
1000857971 37 1 1 2
1000858140 42 1 1 0
1000858758 17 0 1 1
1000859005 41 1 6 1
1000860012 37 1 4 2
1000860535 37 1 4 3
1000861048 40 1 2 2
1000861341 37 1 5 2
1000861660 22 0 1 1
1000861682 40 1 1 2
1000861694 22 0 1 0
1000861796 37 1 4 2
1000862068 36 1 3 3
1000862319 37 1 4 3
1000862375 23 0 1 1
1000862416 43 1 1 1
1000862651 35 1 4 2
1000862716 42 1 1 1
1000863102 17 0 1 0
1000863260 33 1 5 2
1000863378 40 1 8 3
1000863464 22 0 1 1
1000863546 22 0 1 0
1000863901 33 1 5 3
1000864265 14 0 1 1
1000864282 37 1 1 3
1000864294 7 0 1 1
1000864324 33 1 5 2
1000864412 35 1 1 0
1000864935 7 0 1 0
1000865369 7 0 1 1
1000865458 41 1 6 0
1000866006 40 1 1 3
1000866100 35 1 4 3
1000867040 42 1 1 0
1000867719 37 1 5 3
1000867771 14 0 1 0
1000868753 23 0 1 0
1000871354 33 1 5 3
1000872010 40 1 2 3
1000872388 7 0 1 0
1000872526 37 1 4 2
1000873044 43 1 1 0
1000873306 37 1 1 2
1000874140 22 0 1 1
1000874340 41 1 6 1
1000874542 40 1 1 2
1000875636 40 1 8 2
1000876152 42 1 1 1
1000876670 35 1 1 1
1000878193 37 1 5 2
1000878452 33 1 5 2
1000878471 37 1 4 3
1000878950 33 1 5 3
1000879108 40 1 2 2
1000879227 23 0 1 1
1000879315 37 1 1 3
1000879486 7 0 1 1
1000879526 22 0 1 0
1000879984 7 0 1 0
1000880349 41 1 6 0
1000880594 40 1 1 3
1000880982 36 1 3 2
1000880984 43 1 1 1
1000881486 40 1 8 3
1000882016 17 0 1 1
1000882104 42 1 1 0
1000882297 33 1 3 2
1000882520 35 1 1 0
1000882546 33 1 3 3
1000882931 37 1 5 3
1000883573 5 0 1 1
1000883607 5 0 1 0
1000883965 23 0 1 0
1000884973 33 1 3 2
1000885078 33 1 3 3
1000885204 33 1 5 2
1000886007 5 0 1 1
1000886112 5 0 1 0
1000886238 7 0 1 1
1000887497 37 1 5 2
1000887596 36 1 3 3
1000888283 37 1 5 3
1000888531 23 0 1 1
1000888630 17 0 1 0
1000889185 37 1 5 2
1000889290 37 1 1 2
1000889317 23 0 1 0
1000890163 37 1 5 3
1000890219 23 0 1 1
1000890904 36 1 5 2
1000890962 40 1 2 3
1000890986 33 1 5 3
1000891080 36 1 4 2
1000891155 41 1 6 1
1000891176 36 1 5 3
1000891182 37 1 4 2
1000891197 23 0 1 0
1000891796 36 1 5 2
1000891996 43 1 1 0
1000892020 7 0 1 0
1000892086 19 0 1 1
1000892114 18 0 1 1
1000892892 22 0 1 1
1000892964 19 0 1 0
1000892998 19 0 1 1
1000893017 37 1 5 2
1000893683 37 1 4 3
1000893689 37 1 5 3
1000893792 40 1 8 2
1000893861 37 1 5 2
1000893906 40 1 1 2
1000894051 23 0 1 1
1000894723 23 0 1 0
1000894826 35 1 1 1
1000894895 23 0 1 1
1000895100 42 1 1 1
1000895458 22 0 1 0
1000895538 36 1 3 2
1000896194 37 1 1 3
1000896468 36 1 4 3
1000896572 17 0 1 1
1000897228 41 1 6 0
1000897276 36 1 5 3
1000897550 18 0 1 0
1000899084 19 0 1 0
1000899390 40 1 2 2
1000899498 40 1 1 3
1000899868 36 1 3 3
1000900342 40 1 8 3
1000900424 43 1 1 1
1000900532 42 1 1 0
1000900819 37 1 5 3
1000900902 17 0 1 0
1000901376 35 1 1 0
1000901853 23 0 1 0
1000903772 36 1 4 2
1000903992 33 1 5 2
1000904806 18 0 1 1
1000905026 7 0 1 1
1000905316 37 1 1 2
1000905385 37 1 5 2
1000905402 36 1 5 2
1000905944 40 1 1 2
1000906052 36 1 5 3
1000906219 37 1 5 3
1000906294 36 1 5 2
1000906367 41 1 6 1
1000906419 23 0 1 1
1000906954 19 0 1 1
1000907012 42 1 1 1
1000907073 37 1 5 2
1000907128 37 1 4 2
1000907253 23 0 1 0
1000907866 33 1 5 3
1000907880 19 0 1 0
1000907914 19 0 1 1
1000908107 23 0 1 1
1000908632 36 1 4 3
1000908728 22 0 1 1
1000908895 37 1 5 3
1000908900 7 0 1 0
1000909866 40 1 2 3
1000909929 23 0 1 0
1000909941 37 1 5 2
1000909990 18 0 1 0
1000910679 37 1 1 3
1000910900 43 1 1 0
1000910975 23 0 1 1
1000911523 37 1 4 3
1000911767 41 1 6 0
1000913222 22 0 1 0
1000913492 40 1 8 2
1000914526 35 1 1 1
1000914828 36 1 5 3
1000914978 40 1 1 3
1000916488 42 1 1 0
1000916628 19 0 1 0
1000916964 40 1 2 2
1000917767 37 1 5 3
1000917998 43 1 1 1
1000918801 23 0 1 0
1000918819 37 1 1 2
1000919294 40 1 8 3
1000919853 41 1 6 1
1000920154 37 1 1 3
1000920328 35 1 1 0
1000921399 37 1 1 2
1000921418 41 1 6 0
1000922333 37 1 5 2
1000922782 37 1 1 3
1000923219 41 1 6 1
1000923411 23 0 1 1
1000923816 41 1 6 0
1000923846 36 1 3 2
1000924106 37 1 1 2
1000924216 36 1 3 3
1000924248 33 1 5 2
1000924880 17 0 1 1
1000924892 37 1 4 2
1000925140 41 1 6 1
1000925250 17 0 1 0
1000925282 7 0 1 1
1000926444 22 0 1 1
1000926986 40 1 2 3
1000928020 43 1 1 0
1000928964 37 1 1 3
1000928966 33 1 5 3
1000929364 41 1 6 2
1000929434 41 1 4 2
1000929459 37 1 4 3
1000929676 41 1 5 2
1000929864 40 1 8 2
1000929958 40 1 1 2
1000929998 41 1 6 0
1000930000 7 0 1 0
1000930398 37 1 1 1
1000930434 41 1 6 3
1000930494 45 1 2 1
1000930568 41 1 5 3
1000930842 22 0 1 0
1000930898 35 1 1 1
1000930974 36 1 5 2
1000930992 42 1 1 1
1000931147 37 1 5 3
1000931360 41 1 4 3
1000931434 36 1 1 1
1000931876 37 1 1 0
1000932181 23 0 1 0
1000932286 36 1 3 2
1000932312 36 1 1 0
1000932370 36 1 3 3
1000932394 45 1 2 0
1000932478 19 0 1 1
1000932948 36 1 5 3
1000933320 17 0 1 1
1000933404 17 0 1 0
1000934240 36 1 5 2
1000934248 19 0 1 0
1000934774 40 1 1 3
1000935576 36 1 5 3
1000936018 19 0 1 1
1000936106 36 1 5 2
1000936236 42 1 1 0
1000936944 19 0 1 0
1000937625 40 1 2 2
1000937870 19 0 1 1
1000938156 36 1 5 3
1000938932 37 1 5 2
1000939038 36 1 3 2
1000939090 40 1 8 3
1000939440 43 1 1 1
1000939532 36 1 3 3
1000939640 19 0 1 0
1000939712 37 1 1 2
1000939966 23 0 1 1
1000940072 17 0 1 1
1000940124 35 1 1 0
1000940566 17 0 1 0
1000940746 41 1 6 1
1000941972 33 1 5 2
1000942186 37 1 1 3
1000942514 40 1 2 3
1000943006 7 0 1 1
1000943546 41 1 6 0
1000943761 43 1 1 0
1000946282 37 1 1 2
1000946356 33 1 5 3
1000946407 37 1 5 3
1000947080 40 1 8 2
1000947293 41 1 2 2
1000947299 37 1 1 3
1000947316 41 1 6 1
1000947390 7 0 1 0
1000947441 23 0 1 0
1000947674 40 1 8 3
1000948114 35 1 1 1
1000948209 41 1 6 2
1000948329 40 1 2 2
1000948426 37 1 1 2
1000948552 43 1 2 1
1000948708 35 1 1 0
1000949087 41 1 6 0
1000949243 37 1 1 1
1000949322 37 1 1 3
1000949460 41 1 6 1
1000949568 43 1 1 1
1000950302 40 1 2 3
1000950540 37 1 4 2
1000950552 40 1 8 2
1000950634 41 1 6 0
1000951378 41 1 4 2
1000951586 35 1 1 1
1000951817 37 1 5 2
1000952044 36 1 5 2
1000952044 22 0 1 1
1000952100 43 1 1 0
1000952412 45 1 2 1
1000952504 41 1 3 2
1000952816 41 1 4 3
1000953078 19 0 1 1
1000953538 44 1 2 1
1000953595 23 0 1 1
1000953660 41 1 6 3
1000953850 45 1 2 0
1000954552 41 1 2 3
1000954694 37 1 1 0
1000955586 43 1 2 0
1000956526 37 1 4 3
1000956762 36 1 3 2
1000957246 40 1 8 3
1000957796 17 0 1 1
1000958226 22 0 1 0
1000958336 36 1 5 3
1000958852 35 1 1 0
1000959024 36 1 3 3
1000959532 19 0 1 0
1000960058 17 0 1 0
1000960106 41 1 6 2
1000960902 41 1 6 3
1000961408 37 1 1 1
1000962286 37 1 1 0
1000962354 37 1 5 3
1000962494 41 1 2 2
1000963407 23 0 1 0
1000963649 43 1 2 1
1000963956 36 1 5 2
1000964130 41 1 6 2
1000964246 40 1 1 2
1000964434 36 1 3 2
1000964484 36 1 3 3
1000964990 19 0 1 1
1000965216 37 1 1 1
1000965280 42 1 1 1
1000965468 17 0 1 1
1000965518 17 0 1 0
1000965726 41 1 4 2
1000966148 41 1 3 3
1000966760 45 1 2 1
1000966966 36 1 3 2
1000967040 41 1 4 3
1000967112 36 1 3 3
1000967182 44 1 2 0
1000967195 40 1 2 2
1000968000 17 0 1 1
1000968074 45 1 2 0
1000968146 17 0 1 0
1000968229 43 1 1 1
1000968388 40 1 8 2
1000968506 40 1 1 3
1000968641 37 1 5 2
1000968956 37 1 4 2
1000969490 37 1 5 3
1000969540 42 1 1 0
1000969675 23 0 1 1
1000969824 35 1 1 1
1000970342 36 1 3 2
1000970560 41 1 6 3
1000970584 36 1 3 3
1000970601 23 0 1 0
1000970652 22 0 1 1
1000970762 41 1 4 2
1000971186 36 1 3 2
1000971221 37 1 5 2
1000971376 17 0 1 1
1000971618 17 0 1 0
1000971796 45 1 2 1
1000971876 37 1 1 0
1000972220 17 0 1 1
1000972255 23 0 1 1
1000972368 36 1 3 3
1000972498 41 1 3 2
1000973402 17 0 1 0
1000973532 44 1 2 1
1000973902 37 1 4 3
1000974612 41 1 6 2
1000974996 36 1 5 3
1000975020 41 1 2 3
1000975050 22 0 1 0
1000975402 40 1 2 3
1000975646 37 1 1 1
1000976030 19 0 1 0
1000976294 40 1 8 3
1000976490 43 1 2 0
1000976576 43 1 1 0
1000977328 35 1 1 0
1000978410 37 1 5 3
1000979432 41 1 4 3
1000979444 23 0 1 0
1000980310 36 1 3 2
1000980466 45 1 2 0
1000980468 41 1 6 3
1000981300 36 1 5 2
1000981344 17 0 1 1
1000981354 37 1 4 2
1000981892 40 1 2 2
1000981996 37 1 1 0
1000982210 40 1 1 2
1000982334 19 0 1 1
1000982548 40 1 8 2
1000982926 43 1 1 1
1000982968 22 0 1 1
1000983244 42 1 1 1
1000983868 37 1 5 2
1000984096 36 1 1 2
1000984220 35 1 1 1
1000984732 41 1 6 2
1000984890 41 1 4 2
1000984902 23 0 1 1
1000985546 37 1 5 3
1000985782 41 1 5 1
1000985924 45 1 2 1
1000986346 37 1 1 1
1000986438 37 1 4 3
1000986448 36 1 3 3
1000986625 37 1 5 2
1000986647 23 0 1 0
1000986758 40 1 1 3
1000986772 36 1 1 3
1000987482 17 0 1 0
1000987659 23 0 1 1
1000988162 22 0 1 0
1000988444 41 1 5 0
1000988572 42 1 1 0
1000989336 41 1 3 3
1000989386 40 1 2 3
1000990230 40 1 8 3
1000990370 44 1 2 0
1000990420 43 1 1 0
1000991147 41 1 2 2
1000991264 35 1 1 0
1000992181 43 1 2 1
1000992696 37 1 4 2
1000992856 41 1 4 3
1000993574 37 1 5 3
1000993890 45 1 2 0
1000994284 36 1 5 3
1000994296 22 0 1 1
1000994608 23 0 1 0
1000994652 37 1 1 2
1000995318 19 0 1 0
1000995484 41 1 6 3
1000995686 41 1 6 1
1000996250 37 1 1 3
1000997218 37 1 1 0
1000997296 37 1 5 2
1000997318 41 1 6 0
1000997986 37 1 5 3
1000998140 37 1 5 2
1000998266 41 1 4 2
1000998339 23 0 1 1
1000998484 41 1 3 2
1000998830 37 1 5 3
1000998993 37 1 3 2
1000999020 23 0 1 0
1000999064 40 1 8 2
1000999162 37 1 1 2
1000999174 23 0 1 1
1000999300 45 1 2 1
1000999364 40 1 1 2
1000999518 44 1 2 1
1000999864 23 0 1 0
1000999928 37 1 3 3
1001000098 35 1 1 1
1001000240 37 1 1 3
1001000398 42 1 1 1
1001000708 21 0 1 1
1001000846 41 1 6 2
1001000864 37 1 5 2
1001000880 41 1 6 1
1001001574 37 1 5 3
1001001682 21 0 1 0
1001001708 37 1 5 2
1001001746 37 1 4 3
1001001854 41 1 6 0
1001001880 37 1 1 1
1001001907 23 0 1 1
1001002608 23 0 1 0
1001002962 22 0 1 0
1001003512 41 1 6 3
1001003547 23 0 1 1
1001004250 36 1 5 2
1001004404 41 1 4 3
1001004546 37 1 1 0
1001004914 40 1 1 3
1001005296 41 1 2 3
1001005298 19 0 1 1
1001005438 45 1 2 0
1001005980 42 1 1 0
1001006330 43 1 2 0
1001007234 41 1 6 2
1001008268 37 1 1 1
1001008434 40 1 8 3
1001008738 36 1 3 2
1001008758 37 1 5 3
1001008970 41 1 4 2
1001009468 35 1 1 0
1001009708 41 1 3 3
1001009772 17 0 1 1
1001009792 23 0 1 0
1001010004 45 1 2 1
1001010742 44 1 2 0
1001011492 41 1 4 3
1001011550 41 1 4 2
1001012188 40 1 1 2
1001012526 45 1 2 0
1001012584 45 1 2 1
1001012844 40 1 2 2
1001013238 41 1 2 2
1001013430 41 1 3 2
1001013524 36 1 5 3
1001013878 43 1 1 1
1001014008 42 1 1 1
1001014156 36 1 3 3
1001014216 41 1 3 3
1001014272 43 1 2 1
1001014464 44 1 2 1
1001014558 19 0 1 0
1001015166 41 1 3 2
1001015190 17 0 1 0
1001015250 44 1 2 0
1001015253 37 1 4 2
1001016000 41 1 5 2
1001016200 44 1 2 1
1001016366 40 1 1 3
1001016918 22 0 1 1
1001017082 36 1 1 1
1001017576 42 1 1 0
1001017640 37 1 5 2
1001017650 41 1 1 2
1001018674 23 0 1 1
1001018684 42 1 2 1
1001019004 40 1 8 2
1001019420 40 1 1 2
1001019740 41 1 3 3
1001020038 35 1 1 1
1001020038 41 1 1 3
1001020410 36 1 3 2
1001020494 41 1 6 3
1001020584 41 1 5 3
1001020634 40 1 1 3
1001020670 36 1 5 2
1001020774 44 1 2 0
1001020780 36 1 2 2
1001021144 42 1 1 1
1001021420 41 1 4 3
1001021444 17 0 1 1
1001021478 40 1 2 3
1001021536 42 1 2 0
1001021916 37 1 1 0
1001022070 42 1 1 0
1001022138 37 1 4 3
1001022336 19 0 1 1
1001022372 36 1 1 0
1001022454 45 1 2 0
1001022490 16 0 1 1
1001022512 43 1 1 0
1001023952 22 0 1 0
1001024962 36 1 3 3
1001025736 41 1 2 3
1001025940 36 1 2 3
1001025996 17 0 1 0
1001026550 37 1 5 3
1001027199 43 1 2 0
1001027584 23 0 1 0
1001027684 16 0 1 0
1001028420 36 1 5 3
1001029454 19 0 1 0
1001030398 40 1 8 3
1001030745 40 1 2 2
1001031114 37 1 4 2
1001031432 35 1 1 0
1001031779 43 1 1 1
1001031998 41 1 3 2
1001032008 37 1 5 2
1001032158 22 0 1 1
1001033032 44 1 2 1
1001033042 23 0 1 1
1001033232 41 1 5 2
1001034107 41 1 2 2
1001034287 36 1 1 1
1001035806 43 1 2 1
1001036506 36 1 5 2
1001036622 41 1 4 2
1001037124 36 1 3 2
1001037544 40 1 8 2
1001037554 19 0 1 1
1001037608 41 1 5 3
1001037656 45 1 2 1
1001037685 41 1 4 3
1001037858 41 1 2 3
1001038158 17 0 1 1
1001038290 37 1 5 3
1001038500 41 1 3 3
1001038578 35 1 1 1
1001038651 36 1 1 2
1001038685 36 1 1 0
1001038719 45 1 2 0
1001038740 36 1 1 3
1001039324 23 0 1 0
1001039326 43 1 2 0
1001039534 44 1 2 0
1001039685 41 1 5 1
1001040563 41 1 5 0
1001040870 37 1 4 3
1001041198 40 1 2 3
1001042212 36 1 3 3
1001042408 43 1 1 0
1001042560 22 0 1 0
1001043246 17 0 1 0
1001044592 37 1 5 2
1001045626 23 0 1 1
1001046358 40 1 8 3
1001046528 36 1 5 3
1001047472 35 1 1 0
1001048305 19 0 1 0
1001048878 37 1 4 2
1001049556 40 1 2 2
1001049930 22 0 1 1
1001050590 43 1 1 1
1001051231 36 1 1 2
1001051574 37 1 5 3
1001052330 40 1 1 2
1001052608 23 0 1 0
1001053085 41 1 5 1
1001053364 42 1 1 1
1001053398 40 1 1 3
1001053530 36 1 3 2
1001053632 40 1 8 2
1001053731 36 1 5 2
1001054432 42 1 1 0
1001054564 17 0 1 1
1001054666 35 1 1 1
1001055393 19 0 1 1
1001056026 40 1 2 3
1001056762 41 1 3 2
1001057060 43 1 1 0
1001057353 41 1 5 2
1001057796 44 1 2 1
1001058387 36 1 1 1
1001058728 36 1 1 3
1001058954 33 1 5 2
1001059649 36 1 3 3
1001059746 37 1 4 3
1001059930 41 1 5 0
1001059988 7 0 1 1
1001060683 17 0 1 0
1001060780 22 0 1 0
1001063162 33 1 5 3
1001063162 40 1 8 3
1001063168 41 1 3 3
1001064196 7 0 1 0
1001064196 35 1 1 0
1001064202 44 1 2 0
1001064564 37 1 5 2
1001064904 41 1 5 3
1001065059 36 1 3 2
1001065331 36 1 4 2
1001066093 17 0 1 1
1001066172 36 1 1 0
1001066172 36 1 4 3
1001066365 18 0 1 1
1001066370 23 0 1 1
1001066456 40 1 2 2
1001067490 43 1 1 1
1001068016 18 0 1 0
1001068252 36 1 5 3
1001069740 36 1 3 3
1001070015 19 0 1 0
1001070774 17 0 1 0
1001072879 37 1 4 2
1001073913 22 0 1 1
1001074212 41 1 5 2
1001074576 40 1 8 2
1001074894 40 1 8 3
1001074910 37 1 5 3
1001075420 40 1 8 2
1001075554 40 1 2 3
1001075610 35 1 1 1
1001075684 36 1 1 1
1001075928 35 1 1 0
1001075944 23 0 1 0
1001076168 33 1 5 2
1001076454 35 1 1 1
1001076588 43 1 1 0
1001076666 33 1 5 3
1001076722 36 1 4 2
1001076838 36 1 3 2
1001077012 33 1 5 2
1001077202 7 0 1 1
1001077225 36 1 5 2
1001077468 36 1 1 2
1001077700 7 0 1 0
1001077728 36 1 1 3
1001077756 18 0 1 1
1001077872 17 0 1 1
1001078046 7 0 1 1
1001078502 41 1 5 1
1001078762 41 1 5 0
1001078825 19 0 1 1
1001079348 41 1 5 3
1001079787 35 1 4 2
1001080748 36 1 1 0
1001080906 40 1 8 3
1001081201 36 1 4 3
1001081353 14 0 1 1
1001081940 35 1 1 0
1001081940 35 1 4 3
1001082045 36 1 3 3
1001082574 33 1 5 3
1001082640 18 0 1 0
1001082652 40 1 2 2
1001083079 17 0 1 0
1001083123 14 0 1 0
1001083608 7 0 1 0
1001083686 43 1 1 1
1001084284 37 1 5 2
1001085468 36 1 5 3
1001085518 37 1 4 3
1001086042 23 0 1 1
1001086410 37 1 5 3
1001086503 19 0 1 0
1001087172 22 0 1 0
1001087826 23 0 1 0
1001089670 37 1 5 2
1001090584 40 1 8 2
1001090704 23 0 1 1
1001091122 40 1 8 3
1001091514 40 1 2 3
1001091644 35 1 1 1
1001092156 35 1 1 0
1001092272 40 1 8 2
1001092548 43 1 1 0
1001093306 35 1 1 1
1001093713 36 1 5 2
1001094192 37 1 4 2
1001095051 36 1 3 2
1001095226 22 0 1 1
1001095265 19 0 1 1
1001095672 36 1 3 3
1001096085 17 0 1 1
1001096672 41 1 5 2
1001096706 17 0 1 0
1001096739 36 1 3 2
1001097264 41 1 5 3
1001097516 41 1 5 2
1001097706 36 1 1 1
1001097773 17 0 1 1
1001097912 40 1 2 2
1001098298 36 1 1 0
1001098898 37 1 5 3
1001098956 43 1 1 1
1001099268 36 1 1 1
1001099844 41 1 5 3
1001100314 23 0 1 0
1001100338 40 1 8 3
1001100445 41 1 5 2
1001100644 33 1 5 2
1001100904 36 1 4 2
1001101038 36 1 1 0
1001101142 33 1 5 3
1001101161 36 1 3 3
1001101372 35 1 1 0
1001101479 36 1 1 1
1001101488 33 1 5 2
1001101678 7 0 1 1
1001102004 18 0 1 1
1001102176 7 0 1 0
1001102195 17 0 1 0
1001102424 41 1 5 3
1001102522 7 0 1 1
1001102830 33 1 5 3
1001103522 36 1 1 0
1001103816 36 1 5 3
1001103864 7 0 1 0
1001104020 33 1 5 2
1001104667 36 1 4 3
1001105054 7 0 1 1
1001105238 37 1 4 3
1001105667 19 0 1 0
1001106402 18 0 1 0
1001106872 22 0 1 0
1001108462 40 1 2 3
1001108738 33 1 5 3
1001109164 37 1 5 2
1001109496 43 1 1 0
1001109772 7 0 1 0
1001110466 37 1 4 2
1001110970 23 0 1 1
1001111162 36 1 1 2
1001111635 36 1 3 2
1001111704 40 1 8 2
1001111844 36 1 1 3
1001111984 22 0 1 1
1001111985 36 1 5 2
1001112137 41 1 5 2
1001112219 41 1 5 1
1001112669 17 0 1 1
1001112784 36 1 5 3
1001112877 36 1 5 2
1001113097 41 1 5 0
1001113304 35 1 1 1
1001113537 19 0 1 1
1001113722 40 1 1 2
1001113765 36 1 1 1
1001114062 37 1 4 3
1001114415 19 0 1 0
1001114449 19 0 1 1
1001114756 42 1 1 1
1001114812 40 1 2 2
1001114941 36 1 1 2
1001115408 22 0 1 0
1001115508 36 1 1 3
1001115937 43 1 1 1
1001115975 41 1 5 1
1001116258 36 1 1 2
1001116352 36 1 1 3
1001116542 41 1 5 0
1001117292 41 1 5 1
1001117386 41 1 5 0
1001117526 40 1 8 3
1001117582 37 1 5 3
1001117802 36 1 1 2
1001117976 36 1 4 2
1001118136 36 1 1 3
1001118438 41 1 5 3
1001118560 35 1 1 0
1001118616 23 0 1 0
1001118836 41 1 5 1
1001118980 36 1 3 3
1001119118 40 1 1 3
1001119170 41 1 5 0
1001119673 36 1 1 0
1001119680 18 0 1 1
1001120014 17 0 1 0
1001120152 42 1 1 0
1001121457 36 1 4 3
1001121616 37 1 4 2
1001123004 22 0 1 1
1001123239 18 0 1 0
1001123344 36 1 5 3
1001124803 19 0 1 0
1001125120 33 1 5 2
1001125516 40 1 8 2
1001126154 7 0 1 1
1001126550 35 1 1 1
1001127050 40 1 2 3
1001127911 38 1 5 2
1001127992 37 1 5 2
1001128074 34 1 2 2
1001128084 43 1 1 0
1001128994 33 1 5 3
1001129026 23 0 1 1
1001129132 8 0 1 1
1001129174 27 0 1 1
1001130047 7 0 1 0
1001130229 36 1 5 2
1001130930 36 1 1 2
1001131010 37 1 4 3
1001131142 36 1 3 2
1001131185 41 1 5 2
1001131360 41 1 5 3
1001131829 19 0 1 1
1001131976 36 1 1 3
1001132077 41 1 5 2
1001132159 41 1 5 1
1001132176 17 0 1 1
1001132255 38 1 5 3
1001132280 36 1 1 1
1001132432 22 0 1 0
1001133085 41 1 5 0
1001133158 36 1 1 0
1001133192 36 1 1 1
1001133289 27 0 1 0
1001133342 40 1 8 3
1001134322 34 1 4 2
1001134340 40 1 2 2
1001134376 35 1 1 0
1001135356 10 0 1 1
1001135676 41 1 5 3
1001136042 34 1 2 3
1001136193 43 1 1 1
1001137076 8 0 1 0
1001137249 36 1 4 2
1001137397 36 1 1 0
1001137397 36 1 3 3
1001137773 36 1 4 3
1001138323 18 0 1 1
1001138431 17 0 1 0
1001138658 34 1 4 3
1001138670 32 1 5 2
1001139201 18 0 1 0
1001139692 10 0 1 0
1001139704 3 0 1 1
1001139812 36 1 5 3
1001140026 37 1 5 3
1001140328 37 1 4 2
1001140571 38 1 2 2
1001141339 19 0 1 0
1001141346 23 0 1 0
1001141362 22 0 1 1
1001141814 40 1 1 2
1001141978 24 0 1 1
1001142019 33 1 5 2
1001142498 33 1 5 3
1001142848 42 1 1 1
1001143053 7 0 1 1
1001143238 34 1 2 2
1001143532 7 0 1 0
1001143858 32 1 5 3
1001144022 34 1 2 3
1001144130 34 1 2 2
1001144272 8 0 1 1
1001144756 40 1 8 2
1001144892 3 0 1 0
1001144915 38 1 2 3
1001145056 8 0 1 0
1001145164 8 0 1 1
1001145341 41 1 5 2
1001145790 35 1 1 1
1001145852 41 1 5 3
1001145878 40 1 2 3
1001146185 41 1 5 2
1001146294 24 0 1 0
1001146633 36 1 1 1
1001146770 40 1 1 3
1001146912 43 1 1 0
1001147015 36 1 4 2
1001147027 36 1 3 2
1001147477 36 1 1 2
1001147559 36 1 1 0
1001147559 36 1 4 3
1001147593 36 1 1 1
1001147804 42 1 1 0
1001148049 18 0 1 1
1001148061 17 0 1 1
1001148492 36 1 1 3
1001148511 41 1 5 1
1001148549 36 1 5 2
1001149132 34 1 4 2
1001149355 18 0 1 0
1001149526 41 1 5 0
1001149595 36 1 4 2
1001149975 36 1 1 2
1001150101 19 0 1 1
1001150166 10 0 1 1
1001150362 34 1 4 3
1001150629 18 0 1 1
1001150634 37 1 4 3
1001151009 41 1 5 1
1001151120 36 1 1 3
1001151396 10 0 1 0
1001151543 38 1 5 2
1001151664 34 1 4 2
1001151668 22 0 1 0
1001152154 41 1 5 0
1001152228 36 1 2 2
1001152228 40 1 2 2
1001152502 38 1 2 2
1001152511 38 1 5 3
1001152577 27 0 1 1
1001152652 41 1 5 3
1001152698 10 0 1 1
1001153262 43 1 1 1
1001153355 38 1 2 3
1001153417 36 1 4 3
1001153536 24 0 1 1
1001153590 35 1 4 2
1001153842 16 0 1 1
1001153842 27 0 1 0
1001154032 36 1 1 0
1001154261 36 1 3 3
1001154389 24 0 1 0
1001154451 18 0 1 0
1001154624 14 0 1 1
1001154702 40 1 8 3
1001154752 37 1 5 2
1001154822 34 1 2 3
1001154856 38 1 2 2
1001155088 34 1 4 3
1001155295 17 0 1 0
1001155736 35 1 1 0
1001155796 36 1 2 3
1001156122 10 0 1 0
1001156256 23 0 1 1
1001156374 24 0 1 1
1001156640 8 0 1 0
1001157240 36 1 5 3
1001157300 16 0 1 0
1001157451 38 1 5 2
1001157472 35 1 4 3
1001158419 38 1 2 3
1001158485 27 0 1 1
1001158506 14 0 1 0
1001158719 19 0 1 0
1001159263 38 1 5 3
1001159396 32 1 5 2
1001159453 24 0 1 0
1001159688 40 1 1 2
1001160430 3 0 1 1
1001160722 42 1 1 1
1001160738 27 0 1 0
1001160946 40 1 2 3
1001161538 37 1 4 2
1001161980 43 1 1 0
1001162985 38 1 2 2
1001163030 34 1 4 2
1001163152 22 0 1 1
1001163218 37 1 5 3
1001163584 40 1 8 2
1001163754 34 1 2 2
1001164064 10 0 1 1
1001164162 24 0 1 1
1001164490 23 0 1 0
1001164514 40 1 1 3
1001164598 40 1 8 3
1001164639 35 1 1 1
1001164668 40 1 2 2
1001164812 8 0 1 1
1001164958 32 1 5 3
1001165037 36 1 5 2
1001165272 40 1 8 2
1001165358 40 1 2 3
1001165548 42 1 1 0
1001165579 36 1 3 2
1001165632 35 1 1 0
1001165891 38 1 5 2
1001165901 41 1 4 2
1001165992 3 0 1 0
1001166015 38 1 2 3
1001166279 43 1 1 1
1001166613 17 0 1 1
1001166637 19 0 1 1
1001166925 27 0 1 1
1001166935 45 1 2 1
1001167123 35 1 1 1
1001167157 43 1 1 0
1001167262 34 1 4 3
1001167392 40 1 1 2
1001167442 41 1 4 3
1001167538 24 0 1 0
1001168082 40 1 1 3
1001168152 41 1 5 2
1001168284 40 1 1 2
1001168296 10 0 1 0
1001168426 42 1 1 1
1001168433 41 1 4 2
1001168476 45 1 2 0
1001168974 40 1 1 3
1001169001 40 1 2 2
1001169116 42 1 1 0
1001169130 41 1 4 3
1001169157 36 1 3 3
1001169186 36 1 1 1
1001169318 42 1 1 1
1001169467 45 1 2 1
1001170008 42 1 1 0
1001170022 41 1 3 2
1001170164 45 1 2 0
1001170191 17 0 1 0
1001170320 41 1 4 2
1001170568 41 1 3 3
1001170630 35 1 4 2
1001170797 43 1 1 1
1001171056 44 1 2 1
1001171354 45 1 2 1
1001171602 44 1 2 0
1001171664 14 0 1 1
1001172590 40 1 8 3
1001172763 36 1 4 2
1001172767 38 1 5 3
1001173148 41 1 5 3
1001173436 37 1 5 2
1001173624 35 1 1 0
1001173723 36 1 3 2
1001173797 18 0 1 1
1001173972 36 1 2 2
1001174182 36 1 1 0
1001174290 27 0 1 0
1001174718 41 1 4 3
1001174718 37 1 4 3
1001174757 17 0 1 1
1001175064 23 0 1 1
1001175290 34 1 2 3
1001175478 36 1 5 3
1001175634 16 0 1 1
1001175752 45 1 2 0
1001175752 22 0 1 0
1001176039 36 1 4 3
1001176204 35 1 4 3
1001176324 8 0 1 0
1001176714 36 1 2 3
1001177002 40 1 2 3
1001177039 19 0 1 0
1001177073 18 0 1 0
1001177238 14 0 1 0
1001177707 38 1 2 2
1001178036 43 1 1 0
1001178200 16 0 1 0
1001179294 36 1 3 3
1001179402 41 1 5 2
1001179402 41 1 3 2
1001179450 24 0 1 1
1001179652 32 1 5 2
1001179948 41 1 3 3
1001180328 17 0 1 0
1001180363 38 1 2 3
1001180436 44 1 2 1
1001180441 36 1 1 1
1001180686 3 0 1 1
1001180982 44 1 2 0
1001181070 40 1 1 2
1001181397 24 0 1 0
1001181568 40 1 2 2
1001181934 41 1 3 2
1001182104 42 1 1 1
1001182480 41 1 3 3
1001182660 41 1 4 2
1001182968 44 1 2 1
1001183159 43 1 1 1
1001183208 40 1 8 2
1001183514 44 1 2 0
1001183686 37 1 5 3
1001183694 45 1 2 1
1001184085 38 1 2 2
1001184222 34 1 2 2
1001184242 35 1 1 1
1001184720 23 0 1 0
1001185060 41 1 5 3
1001185141 36 1 5 2
1001185162 40 1 7 2
1001185214 32 1 5 3
1001185358 24 0 1 1
1001185406 41 1 3 2
1001185788 40 1 7 3
1001185904 41 1 3 3
1001186076 8 0 1 1
1001186094 36 1 1 0
1001186175 19 0 1 1
1001186248 3 0 1 0
1001186440 44 1 2 1
1001186812 34 1 1 1
1001186894 34 1 1 0
1001186938 44 1 2 0
1001186991 38 1 5 2
1001186994 40 1 7 2
1001187115 38 1 2 3
1001187189 40 1 6 2
1001187242 37 1 4 2
1001187522 41 1 4 3
1001187664 40 1 1 3
1001187886 40 1 7 3
1001188025 27 0 1 1
1001188033 40 1 6 3
1001188223 33 1 1 1
1001188556 45 1 2 0
1001188664 34 1 1 1
1001188760 22 0 1 1
1001188782 24 0 1 0
1001188920 42 1 1 0
1001189067 33 1 1 0
1001189442 35 1 4 2
1001189530 40 1 8 3
1001189590 34 1 1 0
1001190374 40 1 2 3
1001190476 14 0 1 1
1001190564 35 1 1 0
1001191408 43 1 1 0
1001192252 35 1 4 3
1001192300 36 1 3 2
1001192824 36 1 5 3
1001192990 36 1 3 3
1001193286 14 0 1 0
1001193334 17 0 1 1
1001194024 17 0 1 0
1001194096 40 1 8 2
1001194178 19 0 1 0
1001194188 40 1 1 2
1001194711 38 1 5 3
1001194834 41 1 5 2
1001194882 40 1 1 3
1001195032 40 1 1 2
1001195130 35 1 1 1
1001195222 42 1 1 1
1001195868 36 1 1 1
1001195916 42 1 1 0
1001195930 38 1 2 2
1001196066 42 1 1 1
1001196404 41 1 4 2
1001196522 27 0 1 0
1001196772 37 1 5 2
1001197296 41 1 4 3
1001197414 24 0 1 1
1001197438 45 1 2 1
1001197556 36 1 3 2
1001197664 40 1 2 2
1001197806 23 0 1 1
1001198092 41 1 4 2
1001198330 45 1 2 0
1001198590 17 0 1 1
1001198698 43 1 1 1
1001198850 37 1 4 3
1001199126 45 1 2 1
1001199354 34 1 2 3
1001199388 40 1 8 3
1001199460 36 1 5 2
1001199552 41 1 5 3
1001199898 41 1 3 2
1001199908 32 1 5 2
1001199915 35 1 4 2
1001200436 8 0 1 0
1001200494 19 0 1 1
1001200672 22 0 1 0
1001200793 36 1 1 0
1001200932 44 1 2 1
1001200942 3 0 1 1
1001200949 14 0 1 1
1001201126 40 1 1 3
1001201229 35 1 1 0
1001201634 41 1 3 3
1001202184 42 1 1 0
1001202307 38 1 2 3
1001202668 44 1 2 0
1001202906 41 1 4 3
1001203056 34 1 4 2
1001203341 24 0 1 0
1001203761 35 1 4 3
1001203940 45 1 2 0
1001204084 36 1 3 3
1001204100 10 0 1 1
1001204795 14 0 1 0
1001205121 17 0 1 0
1001205470 32 1 5 3
1001206029 38 1 2 2
1001206504 3 0 1 0
1001207590 24 0 1 1
1001207722 37 1 5 3
1001208185 40 1 8 2
1001208284 34 1 2 2
1001208504 34 1 4 3
1001208935 38 1 5 2
1001209058 40 1 2 3
1001209059 38 1 2 3
1001209138 23 0 1 0
1001209219 35 1 1 1
1001209244 36 1 5 3
1001209318 8 0 1 1
1001209538 10 0 1 0
1001209969 27 0 1 1
1001210170 24 0 1 0
1001210318 37 1 4 2
1001210377 41 1 5 2
1001210465 43 1 1 0
1001210531 19 0 1 0
1001210635 41 1 2 2
1001210813 36 1 2 2
1001210848 41 1 4 2
1001211312 41 1 3 2
1001211352 22 0 1 1
1001211411 36 1 1 1
1001211669 43 1 2 1
1001211882 45 1 2 1
1001212014 16 0 1 1
1001212275 41 1 2 3
1001212346 44 1 2 1
1001212356 41 1 3 3
1001212547 35 1 4 2
1001212988 40 1 8 3
1001213167 41 1 2 2
1001213348 43 1 2 0
1001213390 44 1 2 0
1001213581 14 0 1 1
1001213717 36 1 3 2
1001213844 41 1 3 2
1001214022 35 1 1 0
1001214201 43 1 2 1
1001214751 17 0 1 1
1001214910 44 1 2 1
1001214969 36 1 5 2
1001215234 41 1 3 3
1001215651 41 1 2 3
1001215758 35 1 4 3
1001216003 19 0 1 1
1001216268 44 1 2 0
1001216554 41 1 5 3
1001216655 38 1 5 3
1001216685 43 1 2 0
1001216792 14 0 1 0
1001216817 40 1 2 2
1001217398 41 1 4 3
1001217588 36 1 1 0
1001217689 27 0 1 0
1001218114 38 1 2 2
1001218125 43 1 1 1
1001218432 45 1 2 0
1001219026 34 1 2 3
1001219148 24 0 1 1
1001220060 8 0 1 0
1001220164 32 1 5 2
1001220538 36 1 3 3
1001221060 36 1 2 3
1001221198 3 0 1 1
1001221572 17 0 1 0
1001221604 37 1 5 2
1001222090 37 1 4 3
1001222403 41 1 2 2
1001222416 16 0 1 0
1001222714 40 1 8 2
1001222856 23 0 1 1
1001223437 43 1 2 1
1001223700 41 1 4 2
1001223700 22 0 1 0
1001223784 35 1 1 1
1001224038 40 1 1 2
1001224044 36 1 5 3
1001224251 38 1 2 3
1001224734 45 1 2 1
1001224970 40 1 2 3
1001225072 42 1 1 1
1001225078 19 0 1 0
1001225554 24 0 1 0
1001225726 32 1 5 3
1001226004 43 1 1 0
1001226760 3 0 1 0
1001227958 40 1 7 2
1001228064 41 1 5 2
1001228290 38 1 2 2
1001228466 41 1 2 3
1001228536 41 1 5 3
1001229098 36 1 1 1
1001229216 40 1 7 3
1001229576 36 1 1 0
1001229668 34 1 1 1
1001229774 24 0 1 1
1001229802 34 1 2 2
1001230159 38 1 2 3
1001230162 43 1 2 0
1001230546 34 1 1 0
1001230836 8 0 1 1
1001230879 38 1 5 2
1001231320 40 1 2 2
1001231330 40 1 8 3
1001231414 24 0 1 0
1001231447 35 1 4 2
1001231488 41 1 5 2
1001231610 37 1 4 2
1001231890 41 1 4 3
1001231913 27 0 1 1
1001232174 40 1 1 3
1001232302 36 1 2 2
1001232354 43 1 1 1
1001232364 35 1 1 0
1001232481 14 0 1 1
1001232522 36 1 1 1
1001232924 45 1 2 0
1001232974 36 1 5 2
1001233208 42 1 1 0
1001233208 35 1 4 3
1001233222 22 0 1 1
1001233710 16 0 1 1
1001234008 19 0 1 1
1001234242 14 0 1 0
1001234530 37 1 5 3
1001235564 23 0 1 0
1001236076 36 1 3 2
1001236134 36 1 3 3
1001237110 17 0 1 1
1001237168 17 0 1 0
1001237348 41 1 4 2
1001237764 36 1 3 2
1001238382 45 1 2 1
1001238476 40 1 8 2
1001238599 38 1 5 3
1001238706 41 1 1 2
1001238732 32 1 5 2
1001238738 41 1 4 3
1001238798 17 0 1 1
1001239320 40 1 1 2
1001239600 38 1 2 2
1001239633 27 0 1 0
1001239740 42 1 2 1
1001239766 3 0 1 1
1001239772 45 1 2 0
1001239849 35 1 1 1
1001239880 41 1 4 2
1001240154 40 1 2 3
1001240262 34 1 2 3
1001240354 42 1 1 1
1001240426 41 1 5 3
1001240634 24 0 1 1
1001240914 45 1 2 1
1001241188 43 1 1 0
1001241344 8 0 1 0
1001241460 36 1 1 0
1001242503 41 1 2 2
1001242982 36 1 5 3
1001243450 32 1 5 3
1001243537 43 1 2 1
1001243663 38 1 2 3
1001243802 41 1 1 3
1001244016 19 0 1 0
1001244082 35 1 4 2
1001244484 3 0 1 0
1001244697 24 0 1 0
1001245116 14 0 1 1
1001245199 42 1 2 0
1001245396 40 1 8 3
1001245640 37 1 5 2
1001245680 36 1 2 3
1001246030 37 1 4 3
1001246456 35 1 1 0
1001246698 23 0 1 1
1001247043 41 1 1 2
1001247332 36 1 3 3
1001247488 16 0 1 0
1001247886 22 0 1 0
1001247990 40 1 1 3
1001248118 41 1 2 3
1001248144 42 1 2 1
1001248252 34 1 2 2
1001248366 17 0 1 0
1001248424 40 1 2 2
1001249024 42 1 1 0
1001249152 43 1 2 0
1001249212 41 1 5 2
1001249286 8 0 1 1
1001249458 43 1 1 1
1001249880 35 1 4 3
1001250246 36 1 1 1
1001250698 41 1 1 3
1001250914 14 0 1 0
1001251724 40 1 8 2
1001252434 41 1 4 3
1001252508 42 1 2 0
1001252612 36 1 5 2
1001252742 36 1 3 2
1001252848 36 1 3 3
1001252893 35 1 1 1
1001253080 32 1 5 2
1001253468 45 1 2 0
1001253646 19 0 1 1
1001253776 17 0 1 1
1001253792 36 1 2 2
1001253882 17 0 1 0
1001254114 3 0 1 1
1001254426 34 1 4 2
1001254430 36 1 3 2
1001254954 34 1 4 3
1001255030 40 1 2 3
1001255270 34 1 4 2
1001255378 34 1 2 3
1001255460 10 0 1 1
1001255464 17 0 1 1
1001255666 16 0 1 1
1001255798 34 1 4 3
1001255988 10 0 1 0
1001256064 43 1 1 0
1001256304 10 0 1 1
1001256412 8 0 1 0
1001256546 41 1 1 2
1001256832 10 0 1 0
1001256846 35 1 4 2
1001257580 42 1 2 1
1001257658 40 1 8 3
1001257772 37 1 4 2
1001257880 14 0 1 1
1001258138 36 1 5 3
1001258544 37 1 2 2
1001258642 32 1 5 3
1001258692 35 1 1 0
1001259172 19 0 1 0
1001259264 37 1 2 3
1001259390 37 1 1 2
1001259420 22 0 1 1
1001259506 37 1 5 3
1001259532 41 1 4 2
1001259536 35 1 4 3
1001259578 20 0 1 1
1001259798 3 0 1 0
1001260108 37 1 1 3
1001260280 37 1 2 2
1001260285 38 1 5 2
1001260364 34 1 4 2
1001260424 41 1 6 1
1001260543 38 1 5 3
1001260566 45 1 2 1
1001260570 14 0 1 0
1001260700 38 1 2 2
1001260826 20 0 1 0
1001260874 23 0 1 0
1001260952 37 1 2 3
1001261188 40 1 1 2
1001261314 20 0 1 1
1001261319 27 0 1 1
1001261398 10 0 1 1
1001261482 41 1 6 0
1001261577 27 0 1 0
1001261734 24 0 1 1
1001261986 20 0 1 0
1001262222 42 1 1 1
1001262272 40 1 8 2
1001262326 41 1 5 3
1001262537 40 1 2 2
1001262610 34 1 4 3
1001262817 38 1 5 2
1001263250 36 1 3 3
1001263306 35 1 1 1
1001263360 36 1 1 0
1001263571 43 1 1 1
1001263644 10 0 1 0
1001263851 27 0 1 1
1001264284 17 0 1 0
1001265360 38 1 1 2
1001265590 40 1 1 3
1001265702 37 1 4 3
1001266300 38 1 1 3
1001266394 41 1 7 1
1001266624 42 1 1 0
1001266646 35 1 4 2
1001267050 22 0 1 0
1001267334 41 1 7 0
1001267680 14 0 1 1
1001268139 38 1 5 3
1001268218 40 1 2 3
1001268634 32 1 5 2
1001269158 40 1 8 3
1001269173 27 0 1 0
1001269222 41 1 1 3
1001269252 43 1 1 0
1001269668 3 0 1 1
1001269806 37 1 5 2
1001270253 35 1 1 0
1001270256 42 1 2 0
1001270671 38 1 2 3
1001271530 23 0 1 1
1001271705 24 0 1 0
1001271800 36 1 2 3
1001271941 35 1 4 3
1001272386 40 1 7 2
1001272868 16 0 1 0
1001272975 14 0 1 0
1001273616 34 1 1 1
1001273644 41 1 5 2
1001273834 32 1 5 3
1001274292 40 1 2 2
1001274490 37 1 1 2
1001274520 40 1 1 2
1001274629 40 1 8 2
1001274678 36 1 1 1
1001274874 37 1 1 3
1001274889 3 0 1 0
1001275326 43 1 1 1
1001275663 35 1 1 1
1001275990 41 1 6 1
1001276024 41 1 2 2
1001276024 41 1 6 0
1001276048 42 1 1 1
1001276118 41 1 4 3
1001276164 40 1 7 3
1001276226 37 1 1 2
1001276973 38 1 5 2
1001277152 45 1 2 0
1001277454 37 1 1 3
1001277834 43 1 2 1
1001277865 38 1 2 2
1001277966 34 1 1 0
1001277970 41 1 6 1
1001278007 27 0 1 1
1001278488 41 1 6 0
1001278654 40 1 1 3
1001278746 41 1 2 3
1001279082 37 1 5 3
1001279150 24 0 1 1
1001279594 40 1 2 3
1001279688 42 1 1 0
1001279780 43 1 2 0
1001280064 36 1 2 2
1001280171 35 1 4 2
1001280498 23 0 1 0
1001280669 43 1 1 0
1001280946 39 1 2 2
1001281205 14 0 1 1
1001281534 16 0 1 1
1001282314 28 0 1 1
1001283216 41 1 4 2
1001283405 40 1 2 2
1001283498 41 1 1 2
1001283595 32 1 5 2
1001283623 39 1 5 2
1001283856 40 1 8 3
1001283906 41 1 5 3
1001283942 39 1 5 3
1001284250 45 1 2 1
1001284439 43 1 1 1
1001284532 42 1 2 1
1001284629 3 0 1 1
1001284657 31 0 1 1
1001284890 35 1 1 0
1001284940 36 1 1 0
1001284956 40 1 1 2
1001284976 31 0 1 0
1001285019 38 1 5 3
1001285162 40 1 7 2
1001285359 39 1 5 2
1001285604 41 1 3 2
1001285728 40 1 1 3
1001285734 35 1 4 3
1001285774 39 1 5 3
1001285891 39 1 3 2
1001285990 42 1 1 1
1001286238 27 0 1 0
1001286393 31 0 1 1
1001286638 44 1 2 1
1001286680 34 1 1 1
1001286768 14 0 1 0
1001286808 31 0 1 0
1001286925 29 0 1 1
1001287040 42 1 1 0
1001287551 38 1 2 3
1001288124 40 1 7 3
1001288316 36 1 2 3
1001288770 24 0 1 0
1001288831 39 1 5 2
1001289026 32 1 5 3
1001289314 40 1 8 2
1001289316 41 1 5 2
1001289478 37 1 5 2
1001289582 34 1 1 0
1001289586 39 1 2 3
1001289865 31 0 1 1
1001289950 16 0 1 0
1001290006 41 1 1 3
1001290060 3 0 1 0
1001290208 41 1 3 3
1001290220 39 1 5 3
1001290348 35 1 1 1
1001290350 36 1 1 1
1001290808 34 1 4 2
1001291172 28 0 1 0
1001291192 23 0 1 1
1001291208 38 1 1 2
1001291242 44 1 2 0
1001291254 31 0 1 0
1001291306 40 1 2 3
1001291742 41 1 4 3
1001291818 42 1 2 0
1001291842 10 0 1 1
1001292118 39 1 3 3
1001292242 41 1 7 1
1001292316 38 1 2 2
1001292776 45 1 2 0
1001292950 43 1 1 0
1001293152 29 0 1 0
1001293208 38 1 5 2
1001293350 24 0 1 1
1001293459 38 1 5 3
1001293676 35 1 4 2
1001294242 27 0 1 1
1001294388 36 1 2 2
1001294493 27 0 1 0
1001294710 14 0 1 1
1001294760 41 1 2 2
1001294944 38 1 5 2
1001295147 38 1 5 3
1001295329 37 1 5 3
1001295422 16 0 1 1
1001295464 41 1 4 2
1001295666 41 1 3 2
1001295794 43 1 2 1
1001295946 34 1 4 3
1001295962 41 1 1 2
1001295978 27 0 1 1
1001296106 41 1 4 3
1001296181 27 0 1 0
1001296370 40 1 8 3
1001296498 45 1 2 1
1001296520 41 1 6 2
1001296680 38 1 5 2
1001296700 44 1 2 1
1001296980 10 0 1 0
1001297140 45 1 2 0
1001297200 41 1 4 2
1001297200 23 0 1 0
1001297404 35 1 1 0
1001297644 42 1 2 1
1001297714 27 0 1 1
1001297984 37 1 1 1
1001298234 45 1 2 1
1001298248 35 1 4 3
1001298523 38 1 5 3
1001298656 32 1 5 2
1001299282 14 0 1 0
1001299516 41 1 2 3
1001299557 27 0 1 0
1001299690 3 0 1 1
1001300211 38 1 2 3
1001301055 38 1 1 3
1001301245 24 0 1 0
1001301294 43 1 2 0
1001301724 40 1 6 2
1001302089 41 1 7 0
1001302089 41 1 3 3
1001302192 41 1 5 3
1001302616 40 1 6 3
1001302672 40 1 8 2
1001302758 33 1 1 1
1001302933 41 1 6 3
1001303123 44 1 2 0
1001303226 36 1 1 0
1001303650 33 1 1 0
1001304070 37 1 1 0
1001304218 32 1 5 3
1001304219 40 1 5 2
1001304256 40 1 6 2
1001304446 35 1 1 1
1001304734 40 1 7 2
1001304758 40 1 1 2
1001304777 38 1 2 2
1001304777 38 1 5 2
1001305252 3 0 1 0
1001305253 32 1 1 1
1001305290 33 1 1 1
1001305420 40 1 1 3
1001305569 38 1 5 3
1001305621 38 1 5 2
1001305792 42 1 1 1
1001305811 24 0 1 1
1001305811 27 0 1 1
1001306324 34 1 1 1
1001306454 42 1 1 0
1001306542 41 1 1 3
1001306603 27 0 1 0
1001306655 27 0 1 1
1001306933 40 1 1 2
1001306980 40 1 6 3
1001307824 40 1 5 3
1001307944 41 1 2 2
1001307952 40 1 1 3
1001307967 42 1 1 1
1001308014 33 1 1 0
1001308300 42 1 2 0
1001308446 41 1 5 2
1001308858 32 1 1 0
1001308986 42 1 1 0
1001309134 36 1 2 3
1001309243 43 1 2 1
1001309480 36 1 1 1
1001309796 34 1 4 2
1001310168 16 0 1 0
1001310580 40 1 8 3
1001310830 40 1 1 2
1001310830 10 0 1 1
1001311019 41 1 3 2
1001311053 40 1 2 2
1001311098 41 1 4 3
1001311424 40 1 1 3
1001311614 35 1 1 0
1001311757 41 1 3 3
1001311864 42 1 1 1
1001312053 44 1 2 1
1001312087 43 1 1 1
1001312092 40 1 7 3
1001312132 45 1 2 0
1001312458 42 1 1 0
1001312566 40 1 1 2
1001312709 38 1 1 2
1001312755 41 1 3 2
1001312791 44 1 2 0
1001313148 32 1 5 2
1001313350 34 1 1 0
1001313410 40 1 1 3
1001313600 42 1 1 1
1001313715 38 1 5 3
1001313743 41 1 7 1
1001313748 36 1 2 2
1001313789 44 1 2 1
1001314444 42 1 1 0
1001314559 38 1 2 3
1001314600 3 0 1 1
1001314654 37 1 2 2
1001314749 27 0 1 0
1001314782 16 0 1 1
1001314802 37 1 5 2
1001314802 34 1 4 3
1001314918 37 1 2 3
1001315414 41 1 2 3
1001315522 37 1 1 2
1001315688 20 0 1 1
1001315836 10 0 1 0
1001315875 38 1 1 3
1001315918 23 0 1 1
1001315922 41 1 6 2
1001315935 24 0 1 0
1001315952 20 0 1 0
1001316442 37 1 1 3
1001316737 37 1 5 3
1001316848 41 1 6 1
1001316908 43 1 2 0
1001316909 41 1 7 0
1001317292 37 1 1 1
1001317400 41 1 4 2
1001317870 41 1 6 0
1001318006 39 1 2 2
1001318282 39 1 2 3
1001318354 40 1 2 3
1001318466 45 1 2 1
1001318580 23 0 1 0
1001318645 41 1 5 3
1001318898 39 1 2 2
1001319270 28 0 1 1
1001319388 43 1 1 0
1001319679 36 1 1 0
1001320072 39 1 5 2
1001320148 28 0 1 0
1001320230 28 0 1 1
1001320254 32 1 5 3
1001320604 39 1 3 2
1001320861 38 1 5 2
1001321106 31 0 1 1
1001321273 41 1 3 3
1001321288 3 0 1 0
1001321361 38 1 2 2
1001321638 29 0 1 1
1001321858 39 1 5 3
1001321909 27 0 1 1
1001322225 38 1 1 2
1001322307 44 1 2 0
1001322805 38 1 1 3
1001322865 24 0 1 1
1001322892 31 0 1 0
1001323259 41 1 7 1
1001323561 41 1 1 2
1001323730 40 1 8 2
1001323826 41 1 4 3
1001323843 38 1 5 3
1001324055 41 1 5 2
1001324190 39 1 2 3
1001324427 41 1 7 0
1001324432 34 1 4 2
1001324595 42 1 2 1
1001324743 36 1 2 3
1001324860 45 1 2 0
1001324961 35 1 1 1
1001325043 27 0 1 0
1001325089 36 1 1 1
1001325466 10 0 1 1
1001325500 40 1 2 2
1001325520 28 0 1 0
1001325878 39 1 3 3
1001326242 16 0 1 0
1001326271 38 1 1 2
1001326375 38 1 2 3
1001326534 43 1 1 1
1001326912 29 0 1 0
1001327055 41 1 6 3
1001327305 41 1 7 1
1001327428 40 1 8 3
1001328063 38 1 1 3
1001328155 24 0 1 0
1001328284 37 1 1 0
1001328462 35 1 1 0
1001328623 38 1 5 2
1001328944 36 1 2 2
1001329097 41 1 7 0
1001329950 40 1 2 3
1001329981 27 0 1 1
1001330462 16 0 1 1
1001330776 32 1 5 2
1001330905 38 1 2 2
1001330984 43 1 1 0
1001331536 39 1 5 2
1001331843 41 1 3 2
1001332104 3 0 1 1
1001332505 24 0 1 1
1001332570 31 0 1 1
1001332629 38 1 1 2
1001332877 44 1 2 1
1001333480 41 1 1 3
1001333610 34 1 4 3
1001333708 39 1 1 2
1001333868 39 1 3 2
1001334209 41 1 5 3
1001334318 39 1 3 3
1001334455 41 1 7 1
1001334500 39 1 2 2
1001334514 42 1 2 0
1001334644 10 0 1 0
1001334742 41 1 8 1
1001334902 29 0 1 1
1001335243 36 1 1 0
1001335352 29 0 1 0
1001335659 38 1 5 3
1001336054 39 1 5 3
1001336114 28 0 1 1
1001336693 27 0 1 0
1001337157 40 1 8 2
1001337434 31 0 1 0
1001337694 39 1 1 3
1001337978 32 1 5 3
1001338191 35 1 1 1
1001338372 40 1 2 2
1001338401 38 1 1 3
1001338619 36 1 2 3
1001338728 41 1 8 0
1001338775 41 1 5 2
1001339034 41 1 1 2
1001339035 38 1 2 3
1001339046 41 1 6 2
1001339382 39 1 2 3
1001339406 43 1 1 1
1001339435 41 1 7 0
1001339565 3 0 1 0
1001339653 16 0 1 0
1001339819 36 1 1 1
1001340068 42 1 2 1
1001340279 24 0 1 0
1001340518 37 1 1 1
1001340656 28 0 1 0
1001342063 41 1 3 3
1001342341 36 1 2 2
1001343042 40 1 8 3
1001343097 44 1 2 0
1001343921 38 1 2 2
1001343966 16 0 1 1
1001344076 35 1 1 0
1001345569 24 0 1 1
1001347306 41 1 1 3
1001347319 41 1 5 3
1001347951 32 1 4 2
1001348106 32 1 4 3
1001348163 41 1 6 3
1001348175 32 1 5 2
1001348250 40 1 2 3
1001348353 36 1 1 0
1001348985 2 0 1 1
1001349059 42 1 2 0
1001349140 2 0 1 0
1001349232 37 1 1 0
1001349284 43 1 1 0
1001349527 3 0 1 1
1001349639 32 1 4 2
1001350321 41 1 4 2
1001350497 38 1 5 2
1001350541 38 1 4 2
1001350673 2 0 1 1
1001350851 38 1 1 2
1001351355 45 1 2 1
1001351375 38 1 4 3
1001351482 32 1 4 3
1001351531 27 0 1 1
1001351575 26 0 1 1
1001352375 41 1 7 1
1001352376 40 1 8 2
1001352516 2 0 1 0
1001352621 36 1 2 3
1001352729 41 1 5 2
1001352811 41 1 2 2
1001353219 26 0 1 0
1001353383 38 1 5 3
1001353410 35 1 1 1
1001353525 41 1 3 2
1001353627 41 1 1 2
1001353655 16 0 1 0
1001353763 36 1 1 1
1001353845 43 1 2 1
1001354324 40 1 1 2
1001354417 27 0 1 0
1001354559 44 1 2 1
1001354644 41 1 6 2
1001355071 38 1 2 3
1001355190 42 1 2 1
1001355702 32 1 5 3
1001355912 42 1 1 1
1001356162 37 1 1 1
1001356533 40 1 2 2
1001356736 3 0 1 0
1001356767 24 0 1 0
1001357503 38 1 1 3
1001357567 43 1 1 1
1001357838 41 1 4 3
1001358537 41 1 7 0
1001358682 41 1 2 3
1001358872 45 1 2 0
1001359716 43 1 2 0
1001360546 40 1 8 3
1001361165 41 1 3 3
1001361390 40 1 1 3
1001361580 35 1 1 0
1001362199 44 1 2 0
1001362404 41 1 4 2
1001362424 42 1 1 0
1001362896 32 1 5 2
1001362950 41 1 4 3
1001363438 45 1 2 1
1001363842 41 1 5 3
1001363930 3 0 1 1
1001363984 45 1 2 0
1001364488 32 1 4 2
1001364869 38 1 2 2
1001364876 36 1 1 0
1001364915 41 1 2 2
1001364958 40 1 2 3
1001364986 32 1 4 3
1001365522 2 0 1 1
1001365626 41 1 2 3
1001365949 43 1 2 1
1001365992 43 1 1 0
1001366020 2 0 1 0
1001366176 32 1 4 2
1001366276 39 1 3 2
1001366421 24 0 1 1
1001366584 39 1 2 2
1001366660 43 1 2 0
1001366699 41 1 2 2
1001366848 40 1 1 2
1001366848 40 1 8 2
1001367210 2 0 1 1
1001367310 29 0 1 1
1001367733 43 1 2 1
1001367882 35 1 1 1
1001367958 28 0 1 1
1001368061 41 1 6 3
1001368160 42 1 1 1
1001368240 41 1 1 3
1001368362 32 1 5 3
1001368420 39 1 5 2
1001369206 37 1 1 2
1001369206 32 1 4 3
1001369240 37 1 1 0
1001369327 41 1 4 2
1001369377 42 1 2 0
1001369389 40 1 2 2
1001369396 3 0 1 0
1001369442 37 1 1 3
1001369890 31 0 1 1
1001370096 41 1 5 2
1001370240 41 1 6 1
1001370240 2 0 1 0
1001370361 45 1 2 1
1001370423 43 1 1 1
1001370753 38 1 5 2
1001371107 38 1 5 3
1001371118 41 1 6 0
1001371130 36 1 1 1
1001371593 38 1 1 2
1001371787 27 0 1 1
1001372010 41 1 4 3
1001372015 39 1 1 2
1001372141 27 0 1 0
1001372190 40 1 2 3
1001372214 39 1 5 3
1001372631 41 1 7 1
1001372854 41 1 2 3
1001373034 40 1 1 3
1001373044 45 1 2 0
1001373049 41 1 8 1
1001373137 38 1 4 2
1001373142 39 1 3 3
1001373248 31 0 1 0
1001373285 38 1 5 2
1001373569 43 1 1 0
1001373639 38 1 5 3
1001373936 43 1 2 0
1001373957 38 1 4 3
1001374068 42 1 1 0
1001374171 26 0 1 1
1001374176 29 0 1 0
1001374693 41 1 1 2
1001374712 32 1 5 2
1001374825 38 1 4 2
1001374830 39 1 2 3
1001374991 26 0 1 0
1001375063 41 1 3 2
1001375159 27 0 1 1
1001375241 27 0 1 0
1001375327 38 1 2 3
1001375614 40 1 8 3
1001375727 42 1 2 1
1001375746 3 0 1 1
1001375780 41 1 2 2
1001375876 28 0 1 0
1001376055 26 0 1 1
1001376097 44 1 2 1
1001376171 38 1 1 3
1001376422 41 1 6 2
1001376619 38 1 4 3
1001376624 41 1 4 2
1001376648 35 1 1 0
1001376727 24 0 1 0
1001376814 43 1 2 1
1001377230 37 1 1 2
1001377504 39 1 1 3
1001377653 26 0 1 0
1001377658 45 1 2 1
1001377679 38 1 4 2
1001377743 41 1 7 0
1001377936 37 1 1 3
1001377952 41 1 2 3
1001378108 37 1 1 1
1001378403 38 1 4 3
1001378538 41 1 8 0
1001378713 26 0 1 1
1001379084 41 1 6 1
1001379144 43 1 2 0
1001379166 41 1 6 0
1001379437 26 0 1 0
1001379510 37 1 2 2
1001379762 37 1 2 3
1001380110 40 1 2 2
1001380354 37 1 2 2
1001380628 41 1 5 3
1001380640 37 1 1 2
1001380994 20 0 1 1
1001381022 32 1 5 3
1001381028 20 0 1 0
1001381118 41 1 3 3
1001381357 43 1 1 1
1001381388 20 0 1 1
1001381450 37 1 1 3
1001381662 36 1 1 0
1001381674 41 1 6 1
1001381916 40 1 8 2
1001382011 41 1 6 3
1001382152 44 1 2 0
1001382262 3 0 1 0
1001382342 37 1 2 3
1001382484 41 1 6 0
1001382982 37 1 2 2
1001383031 38 1 2 2
1001383189 35 1 1 1
1001383350 37 1 1 0
1001383410 20 0 1 0
1001383509 38 1 5 2
1001383767 38 1 5 3
1001383855 38 1 1 2
1001383916 34 1 4 2
1001384030 37 1 2 3
1001384398 20 0 1 1
1001384543 27 0 1 1
1001384645 24 0 1 1
1001384801 27 0 1 0
1001384950 10 0 1 1
1001385324 20 0 1 0
1001385387 41 1 7 1
1001385795 41 1 2 2
1001385860 41 1 1 3
1001386041 38 1 5 2
1001386528 41 1 3 2
1001386704 41 1 4 3
1001386882 41 1 5 2
1001387018 40 1 2 3
1001387072 43 1 2 1
1001387074 41 1 6 2
1001387075 27 0 1 1
1001387143 38 1 5 3
1001387231 42 1 2 0
1001387562 44 1 2 1
1001387626 32 1 5 2
1001387738 45 1 2 0
1001387916 36 1 1 1
1001387980 39 1 3 2
1001388052 43 1 1 0
1001388177 27 0 1 0
1001388474 41 1 2 3
1001388630 37 1 1 1
1001388660 3 0 1 1
1001388805 38 1 1 3
1001388806 34 1 4 3
1001388964 32 1 4 2
1001389330 39 1 2 2
1001389454 29 0 1 1
1001389462 32 1 4 3
1001389840 10 0 1 0
1001389940 43 1 2 0
1001389998 2 0 1 1
1001390022 39 1 3 3
1001390103 41 1 7 0
1001390496 2 0 1 0
1001390652 32 1 4 2
1001390811 41 1 1 2
1001390834 28 0 1 1
1001391056 29 0 1 0
1001391430 40 1 8 3
1001391686 2 0 1 1
1001391845 42 1 2 1
1001391894 41 1 2 2
1001392464 35 1 1 0
1001392838 32 1 5 3
1001392838 41 1 2 3
1001392928 43 1 2 1
1001393051 38 1 2 3
1001393671 41 1 3 3
1001393731 38 1 1 2
1001393872 3 0 1 0
1001393872 43 1 2 0
1001393895 38 1 1 3
1001394107 24 0 1 0
1001394116 40 1 2 2
1001394181 38 1 4 2
1001394526 32 1 4 3
1001394635 40 1 1 2
1001394682 37 1 1 2
1001394705 44 1 2 0
1001394765 41 1 7 1
1001394929 41 1 7 0
1001395150 43 1 1 1
1001395215 26 0 1 1
1001395407 41 1 6 3
1001395560 2 0 1 0
1001395716 41 1 6 1
1001395735 38 1 4 3
1001396320 42 1 1 1
1001396324 39 1 3 2
1001396359 38 1 1 2
1001396761 38 1 4 2
1001396802 37 1 2 2
1001396963 26 0 1 0
1001397143 41 1 5 3
1001397248 37 1 1 0
1001397358 29 0 1 1
1001397393 41 1 7 1
1001397665 38 1 5 2
1001397749 38 1 5 3
1001397795 26 0 1 1
1001397814 37 1 1 3
1001397922 20 0 1 1
1001398192 37 1 2 3
1001398278 40 1 1 3
1001398363 38 1 4 3
1001398427 36 1 1 0
1001398576 40 1 8 2
1001398699 27 0 1 1
1001398783 27 0 1 0
1001399134 41 1 6 2
1001399168 41 1 6 0
1001399497 41 1 6 3
1001399591 26 0 1 0
1001399740 20 0 1 0
1001399936 42 1 1 0
1001399984 32 1 5 2
1001400012 41 1 6 2
1001400150 39 1 2 3
1001400168 37 1 1 1
1001400349 35 1 1 1
1001400647 38 1 1 3
1001400806 41 1 4 2
1001400994 39 1 3 3
1001401002 40 1 2 3
1001401018 3 0 1 1
1001401046 37 1 1 0
1001401080 37 1 1 1
1001401303 38 1 2 2
1001401380 28 0 1 0
1001401681 41 1 7 0
1001401840 45 1 2 1
1001401959 41 1 5 2
1001402028 29 0 1 0
1001402037 43 1 1 0
1001402656 34 1 4 2
1001402869 24 0 1 1
1001403003 41 1 2 2
1001403022 36 1 1 1
1001403690 10 0 1 1
1001404037 43 1 2 1
1001404654 32 1 5 3
1001405548 41 1 1 3
1001405688 3 0 1 0
1001406841 41 1 6 3
1001406994 42 1 2 0
1001407662 34 1 4 3
1001408270 37 1 1 0
1001408696 10 0 1 0
1001408934 40 1 8 3
1001409898 41 1 4 3
1001409931 38 1 2 3
1001409968 35 1 1 0
1001410932 45 1 2 0
1001411439 24 0 1 0
1001412478 41 1 5 3
1001413250 41 1 1 2
1001413370 41 1 2 3
1001413512 36 1 1 0
1001413584 32 1 5 2
1001413893 38 1 1 2
1001414287 42 1 2 1
1001414618 3 0 1 1
1001414668 43 1 2 0
1001414927 41 1 7 1
1001417864 40 1 8 2
1001417888 41 1 5 2
1001418158 32 1 5 3
1001418161 38 1 5 2
1001418371 38 1 5 3
1001418649 38 1 2 2
1001418890 41 1 6 2
1001418898 35 1 1 1
1001418922 36 1 1 1
1001419192 3 0 1 0
1001419195 27 0 1 1
1001419280 39 1 2 2
1001419405 27 0 1 0
1001419897 38 1 5 2
1001420059 38 1 1 3
1001420249 24 0 1 1
1001420360 37 1 1 1
1001420661 38 1 5 3
1001420750 28 0 1 1
1001420807 40 1 2 2
1001420931 27 0 1 1
1001421512 34 1 4 2
1001421552 41 1 3 2
1001421565 41 1 7 0
1001421695 27 0 1 0
1001421841 43 1 1 1
1001422010 34 1 4 3
1001422099 41 1 4 2
1001422122 40 1 8 3
1001422546 10 0 1 1
1001422586 44 1 2 1
1001422943 41 1 2 2
1001422991 41 1 3 3
1001423044 10 0 1 0
1001423133 45 1 2 1
1001423665 35 1 1 0
1001423977 43 1 2 1
1001424025 44 1 2 0
1001424224 39 1 3 2
1001424616 41 1 4 3
1001424626 39 1 3 3
1001425085 41 1 6 3
1001425258 29 0 1 1
1001425524 39 1 5 2
1001425542 41 1 1 3
1001425650 45 1 2 0
1001425660 29 0 1 0
1001425912 39 1 3 2
1001426314 39 1 2 3
1001426542 37 1 1 0
1001426558 31 0 1 1
1001426576 42 1 2 0
1001426872 39 1 5 3
1001426946 29 0 1 1
1001427158 39 1 3 3
1001427600 39 1 3 2
1001427824 28 0 1 0
1001427884 32 1 5 2
1001427906 31 0 1 0
1001428192 29 0 1 0
1001428318 40 1 2 3
1001428634 29 0 1 1
1001428846 39 1 3 3
1001428918 3 0 1 1
1001429014 41 1 5 3
1001429352 43 1 1 0
1001429886 29 0 1 0
1001430298 36 1 1 0
1001430448 38 1 5 2
1001431482 27 0 1 1
1001431875 38 1 2 3
1001433135 24 0 1 0
1001433350 32 1 5 3
1001434384 3 0 1 0
1001434611 40 1 8 2
1001435114 41 1 2 3
1001435998 39 1 3 2
1001436095 38 1 5 3
1001436148 43 1 2 0
1001436188 35 1 1 1
1001436442 39 1 3 3
1001436453 38 1 1 2
1001437032 29 0 1 1
1001437104 40 1 2 2
1001437129 27 0 1 0
1001437476 29 0 1 0
1001437487 41 1 7 1
1001437710 39 1 2 2
1001438138 43 1 1 1
1001438973 38 1 5 2
1001439310 28 0 1 1
1001439818 40 1 8 3
1001440007 27 0 1 1
1001440297 38 1 2 2
1001440852 35 1 1 0
1001441361 24 0 1 1
1001442494 40 1 2 3
1001442750 39 1 3 2
1001443194 39 1 3 3
1001443528 43 1 1 0
1001443691 38 1 1 3
1001443792 29 0 1 1
1001444228 29 0 1 0
1001444438 39 1 3 2
1001444535 38 1 5 3
1001444725 41 1 7 0
1001444882 39 1 3 3
1001444908 32 1 5 2
1001445472 29 0 1 1
1001445569 27 0 1 0
1001445726 39 1 2 3
1001445942 3 0 1 1
1001446126 39 1 3 2
1001446624 29 0 1 0
1001447168 29 0 1 1
1001447276 28 0 1 0
1001447414 39 1 3 3
1001448448 29 0 1 0
1001450230 32 1 5 3
1001451127 40 1 8 2
1001451264 3 0 1 0
1001452477 35 1 1 1
1001452516 40 1 8 3
1001453760 40 1 8 2
1001453994 40 1 8 3
1001454165 35 1 1 0
1001454663 38 1 2 3
1001454794 35 1 1 1
1001455028 35 1 1 0
1001455839 24 0 1 0
1001456793 38 1 5 2
1001456872 40 1 8 2
1001457827 27 0 1 1
1001457829 38 1 1 2
1001458516 35 1 1 1
1001458863 41 1 7 1
1001459299 38 1 1 3
1001459613 38 1 1 2
1001460190 40 1 8 3
1001460773 41 1 7 0
1001460807 41 1 7 1
1001461224 35 1 1 0
1001461644 32 1 5 2
1001462514 39 1 2 2
1001462800 3 0 1 1
1001463103 38 1 5 3
1001463586 40 1 1 2
1001463922 28 0 1 1
1001464137 27 0 1 0
1001464320 40 1 2 2
1001464666 42 1 1 1
1001464791 38 1 1 3
1001464833 38 1 2 2
1001465354 43 1 1 1
1001465610 40 1 8 2
1001465825 41 1 7 0
1001466585 24 0 1 1
1001466644 35 1 1 1
1001467110 32 1 5 3
1001468152 3 0 1 0
1001468170 40 1 1 3
1001469014 40 1 2 3
1001469204 42 1 1 0
1001470202 39 1 2 3
1001470801 43 1 1 0
1001471690 40 1 8 3
1001471792 28 0 1 0
1001472724 35 1 1 0
1001473769 38 1 1 2
1001474469 38 1 5 2
1001474803 41 1 7 1
1001475177 40 1 2 2
1001475503 27 0 1 1
1001476211 43 1 1 1
1001476304 40 1 8 2
1001476648 39 1 3 2
1001476954 39 1 3 3
1001477338 35 1 1 1
1001477451 38 1 1 3
1001477838 40 1 8 3
1001478336 39 1 3 2
1001478398 29 0 1 1
1001478432 29 0 1 0
1001478872 35 1 1 0
1001478884 40 1 8 2
1001478927 41 1 7 0
1001479139 38 1 2 3
1001479370 29 0 1 1
1001479486 39 1 3 3
1001479965 35 1 1 1
1001480520 29 0 1 0
1001480981 24 0 1 0
1001481454 40 1 2 3
1001482857 43 1 1 0
1001483286 40 1 8 3
1001484320 35 1 1 0
1001485891 38 1 5 3
1001486871 38 1 1 2
1001486965 27 0 1 0
1001487905 41 1 7 1
1001488077 40 1 2 2
1001488792 40 1 8 2
1001489705 43 1 1 1
1001489975 38 1 2 2
1001490549 35 1 1 1
1001490955 38 1 1 3
1001491170 40 1 2 3
1001491623 24 0 1 1
1001492437 41 1 7 0
1001492942 43 1 1 0
1001493846 40 1 8 3
1001495522 35 1 1 0
1001497875 40 1 1 2
1001498210 40 1 8 2
1001498774 39 1 2 2
1001498909 42 1 1 1
1001499742 39 1 2 3
1001499790 35 1 1 1
1001499808 28 0 1 1
1001500042 40 1 8 3
1001500462 39 1 2 2
1001500687 38 1 5 2
1001500776 28 0 1 0
1001500838 40 1 8 2
1001501076 35 1 1 0
1001501430 39 1 2 3
1001501496 28 0 1 1
1001501721 27 0 1 1
1001501826 40 1 1 3
1001502322 35 1 1 1
1001502464 28 0 1 0
1001502771 38 1 2 3
1001502860 42 1 1 0
1001503831 40 1 2 2
1001504178 24 0 1 0
1001504865 43 1 1 1
1001507018 39 1 2 2
1001508052 28 0 1 1
1001508634 38 1 1 2
1001509026 39 1 2 3
1001509668 41 1 7 1
1001509950 40 1 8 3
1001510060 28 0 1 0
1001510984 35 1 1 0
1001511340 38 1 2 2
1001512055 38 1 5 3
1001512530 40 1 2 3
1001512593 24 0 1 1
1001513188 27 0 1 0
1001513564 43 1 1 0
1001514587 38 1 1 3
1001515621 41 1 7 0
1001518052 39 1 3 2
1001518784 40 1 2 2
1001519086 29 0 1 1
1001519154 39 1 3 3
1001519740 39 1 3 2
1001519772 40 1 8 2
1001519818 43 1 1 1
1001520188 29 0 1 0
1001520774 29 0 1 1
1001520806 35 1 1 1
1001520842 39 1 3 3
1001521876 29 0 1 0
1001522032 39 1 3 2
1001522230 39 1 2 2
1001522530 39 1 3 3
1001523066 29 0 1 1
1001523264 28 0 1 1
1001523374 39 1 2 3
1001523564 29 0 1 0
1001524408 28 0 1 0
1001525814 40 1 8 3
1001526658 40 1 2 3
1001526848 35 1 1 0
1001527247 38 1 2 3
1001527940 39 1 2 2
1001528122 43 1 1 0
1001528485 24 0 1 0
1001528646 38 1 5 2
1001528974 28 0 1 1
1001529235 38 1 5 3
1001529680 27 0 1 1
1001530334 38 1 5 2
1001530603 27 0 1 0
1001531368 27 0 1 1
1001531654 40 1 2 2
1001531814 39 1 2 3
1001532116 40 1 8 2
1001532676 40 1 1 2
1001532688 43 1 1 1
1001532848 28 0 1 0
1001533234 35 1 1 1
1001533474 32 1 5 2
1001533850 38 1 1 2
1001534368 42 1 1 1
1001534508 3 0 1 1
1001534630 32 1 5 3
1001534884 41 1 7 1
1001535482 40 1 1 3
1001535647 38 1 2 2
1001536054 32 1 5 2
1001536398 3 0 1 0
1001536690 42 1 1 0
1001537088 3 0 1 1
1001537165 24 0 1 1
1001538006 32 1 5 3
1001538164 39 1 3 2
1001538219 38 1 1 3
1001539040 3 0 1 0
1001539063 38 1 5 3
1001539198 29 0 1 1
1001539505 41 1 7 0
1001539756 39 1 2 2
1001540097 27 0 1 0
1001540134 40 1 8 3
1001541168 35 1 1 0
1001541250 28 0 1 1
1001541822 40 1 2 3
1001542392 37 1 2 2
1001542786 39 1 2 3
1001543426 20 0 1 1
1001543630 39 1 3 3
1001543698 43 1 1 0
1001543820 28 0 1 0
1001544664 29 0 1 0
1001545048 37 1 2 3
1001546082 20 0 1 0
1001548918 40 1 2 2
1001549064 40 1 8 2
1001550098 35 1 1 1
1001550450 43 1 1 1
1001551723 38 1 2 3
1001552478 40 1 8 3
1001553009 38 1 5 2
1001553105 24 0 1 0
1001553569 38 1 1 2
1001554018 35 1 1 0
1001554043 27 0 1 1
1001554935 41 1 7 1
1001555998 40 1 2 3
1001557394 43 1 1 0
1001559319 38 1 1 3
1001560226 40 1 8 2
1001560353 41 1 7 0
1001560926 40 1 2 2
1001561758 35 1 1 1
1001561851 38 1 5 3
1001562085 38 1 2 2
1001562554 43 1 1 1
1001562885 27 0 1 0
1001563119 24 0 1 1
1001565450 39 1 2 2
1001565574 39 1 2 3
1001566484 28 0 1 1
1001566606 40 1 8 3
1001566608 28 0 1 0
1001567138 39 1 2 2
1001567640 35 1 1 0
1001568172 28 0 1 1
1001570126 40 1 2 3
1001571160 43 1 1 0
1001572326 39 1 2 3
1001573360 28 0 1 0
1001574445 38 1 1 2
1001574692 40 1 2 2
1001574724 40 1 8 2
1001575421 40 1 1 2
1001575526 40 1 1 3
1001575758 35 1 1 1
1001575887 41 1 7 1
1001576082 43 1 1 1
1001576455 42 1 1 1
1001576560 42 1 1 0
1001576689 38 1 5 2
1001577043 38 1 2 3
1001577132 39 1 3 2
1001577390 39 1 3 3
1001577723 27 0 1 1
1001578077 24 0 1 0
1001578110 39 1 2 2
1001578166 29 0 1 1
1001578424 29 0 1 0
1001578600 37 1 5 2
1001578820 39 1 3 2
1001579094 40 1 2 3
1001579144 28 0 1 1
1001579854 29 0 1 1
1001579922 39 1 3 3
1001580099 23 0 1 1
1001580350 43 1 1 0
1001580409 37 1 3 2
1001581534 21 0 1 1
1001581662 29 0 1 0
1001582454 39 1 2 3
1001582662 40 1 8 3
1001582951 38 1 1 3
1001583488 28 0 1 0
1001583696 35 1 1 0
1001583985 41 1 7 0
1001584801 40 1 2 2
1001585445 37 1 5 3
1001585829 38 1 2 2
1001586258 43 1 1 1
1001586327 38 1 5 3
1001586337 37 1 3 3
1001586863 24 0 1 1
1001587077 23 0 1 0
1001587371 21 0 1 0
1001587707 27 0 1 0
1001591592 40 1 8 2
1001592426 40 1 8 3
1001592976 39 1 2 2
1001593298 35 1 1 1
1001593414 40 1 2 3
1001593460 35 1 1 0
1001594024 28 0 1 1
1001594270 39 1 2 3
1001594287 37 1 5 2
1001594660 41 1 5 2
1001595034 43 1 1 0
1001595171 37 1 3 2
1001595304 28 0 1 0
1001595694 36 1 1 1
1001595791 23 0 1 1
1001596196 40 1 8 2
1001596205 21 0 1 1
1001596838 40 1 8 3
1001597088 40 1 8 2
1001597237 35 1 1 1
1001597957 37 1 2 2
1001598410 35 1 1 0
1001598444 35 1 1 1
1001599203 37 1 2 3
1001599427 41 1 6 2
1001599680 39 1 2 2
1001599763 20 0 1 1
1001600178 39 1 2 3
1001600554 37 1 1 1
1001600581 37 1 5 3
1001600675 38 1 2 3
1001600689 20 0 1 0
1001600714 28 0 1 1
1001601212 28 0 1 0
1001601473 37 1 3 3
1001601925 23 0 1 0
1001602124 40 1 1 2
1001602439 24 0 1 0
1001602507 21 0 1 0
1001602985 41 1 5 3
1001603241 42 1 1 1
1001603878 40 1 1 3
1001604019 36 1 1 0
1001604368 40 1 1 2
1001604912 42 1 1 0
1001604914 40 1 1 3
1001605195 37 1 3 2
1001605223 37 1 2 2
1001605565 41 1 6 3
1001605745 38 1 5 2
1001605854 40 1 8 3
1001605869 42 1 1 1
1001606229 21 0 1 1
1001606459 37 1 5 2
1001606761 42 1 1 0
1001606803 27 0 1 1
1001606823 20 0 1 1
1001606888 35 1 1 0
1001606929 37 1 1 0
1001607107 37 1 2 3
1001608107 23 0 1 1
1001608689 20 0 1 0
1001608713 37 1 5 3
1001609665 41 1 6 2
1001609877 23 0 1 0
1001610413 37 1 3 3
1001610426 41 1 4 2
1001611119 41 1 5 2
1001611165 37 1 1 1
1001611241 38 1 2 2
1001611460 45 1 2 1
1001612153 36 1 1 1
1001612165 21 0 1 0
1001612491 38 1 5 3
1001612903 24 0 1 1
1001613525 27 0 1 0
1001613545 41 1 6 3
1001614767 37 1 1 0
1001616125 41 1 4 3
1001617159 45 1 2 0
1001617947 40 1 8 2
1001618871 37 1 5 2
1001618981 35 1 1 1
1001619285 37 1 5 3
1001619763 37 1 5 2
1001619979 37 1 3 2
1001620152 23 0 1 1
1001621013 21 0 1 1
1001621018 40 1 8 3
1001621030 23 0 1 0
1001621064 23 0 1 1
1001621069 37 1 3 3
1001621667 37 1 3 2
1001621961 37 1 5 3
1001622052 35 1 1 0
1001622103 21 0 1 0
1001622321 41 1 5 3
1001622619 38 1 2 3
1001622701 21 0 1 1
1001623678 23 0 1 0
1001623973 36 1 1 0
1001624307 24 0 1 0
1001625481 37 1 3 3
1001626515 21 0 1 0
1001627339 40 1 2 2
1001628010 40 1 2 3
1001628125 38 1 5 2
1001628373 43 1 1 1
1001628745 38 1 2 2
1001629044 43 1 1 0
1001629159 27 0 1 1
1001629779 24 0 1 1
1001631059 38 1 2 3
1001631869 41 1 5 2
1001632891 24 0 1 0
1001632989 36 1 1 1
1001634473 37 1 2 2
1001636135 20 0 1 1
1001636533 38 1 2 2
1001636967 38 1 5 3
1001637132 37 1 5 2
1001637379 40 1 8 2
1001637567 24 0 1 1
1001637811 37 1 5 3
1001638001 27 0 1 0
1001638281 41 1 5 3
1001638535 37 1 3 2
1001638703 40 1 1 2
1001638780 23 0 1 1
1001638966 35 1 1 1
1001639473 36 1 1 0
1001639569 21 0 1 1
1001639646 37 1 2 3
1001639658 23 0 1 0
1001639762 42 1 1 1
1001641047 37 1 3 3
1001641425 20 0 1 0
1001642081 21 0 1 0
1001642215 40 1 2 2
1001643249 43 1 1 1
1001643270 40 1 1 3
1001645066 42 1 1 0
1001645850 40 1 8 3
1001646884 35 1 1 0
1001647095 38 1 2 3
1001648241 37 1 3 2
1001648848 24 0 1 0
1001649275 21 0 1 1
1001649466 40 1 2 3
1001650419 37 1 2 2
1001650436 37 1 5 2
1001651019 37 1 5 3
1001651159 43 1 1 0
1001651286 38 1 1 2
1001651315 38 1 1 3
1001651709 38 1 5 2
1001652019 20 0 1 1
1001652132 23 0 1 1
1001652166 23 0 1 0
1001652442 38 1 2 2
1001652743 27 0 1 1
1001652935 41 1 7 1
1001652969 41 1 7 0
1001652974 38 1 1 2
1001653476 24 0 1 1
1001653647 37 1 3 3
1001653866 38 1 1 3
1001654008 41 1 7 1
1001654681 21 0 1 0
1001655275 41 1 7 0
1001655674 37 1 2 3
1001656989 41 1 5 2
1001657213 20 0 1 0
1001657223 38 1 2 3
1001658023 36 1 1 1
1001658280 40 1 8 2
1001658997 24 0 1 0
1001659534 35 1 1 1
1001660599 38 1 5 3
1001661375 41 1 5 3
1001661443 40 1 2 2
1001661633 27 0 1 0
1001662546 43 1 1 1
1001662591 38 1 2 2
1001662930 37 1 5 2
1001662942 40 1 8 3
1001663122 36 1 1 0
1001663786 40 1 2 3
1001663976 35 1 1 0
1001664253 24 0 1 1
1001664375 37 1 2 2
1001664400 23 0 1 1
1001664820 43 1 1 0
1001665061 37 1 3 2
1001666071 20 0 1 1
1001666095 21 0 1 1
1001668591 37 1 5 3
1001668930 37 1 2 3
1001669882 23 0 1 0
1001670469 20 0 1 0
1001672097 37 1 3 3
1001672839 38 1 1 2
1001673131 21 0 1 0
1001673605 38 1 5 2
1001673891 41 1 7 1
1001674103 38 1 5 3
1001674260 40 1 2 2
1001674639 27 0 1 1
1001674947 38 1 2 3
1001675137 27 0 1 0
1001675294 43 1 1 1
1001675496 40 1 8 2
1001675791 38 1 1 3
1001675981 24 0 1 0
1001676798 35 1 1 1
1001676981 38 1 5 2
1001677214 41 1 5 2
1001677657 41 1 7 0
1001678015 27 0 1 1
1001678248 36 1 1 1
1001679463 37 1 2 2
1001681015 20 0 1 1
1001681177 41 1 5 3
1001682211 36 1 1 0
1001682470 40 1 2 3
1001682937 38 1 2 2
1001683511 37 1 3 2
1001683882 43 1 1 0
1001684055 24 0 1 1
1001684545 21 0 1 1
1001684986 37 1 2 3
1001685194 40 1 8 3
1001685601 38 1 1 2
1001685919 38 1 1 3
1001686228 35 1 1 0
1001686257 20 0 1 0
1001686635 41 1 7 1
1001686953 41 1 7 0
1001687302 37 1 3 3
1001687607 38 1 5 3
1001688336 21 0 1 0
1001688641 27 0 1 0
1001694359 37 1 2 2
1001695292 37 1 3 2
1001695668 40 1 8 2
1001695810 37 1 5 2
1001696007 20 0 1 1
1001696047 38 1 2 3
1001696326 21 0 1 1
1001696698 40 1 2 2
1001696702 35 1 1 1
1001696790 40 1 2 3
1001697195 24 0 1 0
1001697328 23 0 1 1
1001697732 43 1 1 1
1001698386 40 1 2 2
1001698611 43 1 1 0
1001699489 43 1 1 1
1001700788 37 1 2 3
1001701189 37 1 3 3
1001701633 38 1 2 2
1001702081 37 1 5 3
1001702141 20 0 1 0
1001702165 38 1 1 2
1001702190 40 1 8 3
1001702223 21 0 1 0
1001702301 38 1 5 2
1001702667 24 0 1 1
1001703199 41 1 7 1
1001703224 35 1 1 0
1001703335 27 0 1 1
1001703558 23 0 1 0
1001703643 38 1 1 3
1001703926 40 1 2 3
1001704396 41 1 5 2
1001704677 41 1 7 0
1001704677 41 1 5 3
1001704697 38 1 1 2
1001705331 38 1 2 3
1001705555 43 1 1 0
1001705867 41 1 7 1
1001705986 36 1 1 1
1001706020 36 1 1 0
1001706175 38 1 1 3
1001706623 24 0 1 0
1001707209 41 1 7 0
1001708444 40 1 8 2
1001709478 35 1 1 1
1001709551 38 1 5 3
1001709828 37 1 5 2
1001710155 38 1 2 2
1001710585 27 0 1 0
1001710775 40 1 2 2
1001711110 40 1 2 3
1001711135 37 1 2 2
1001711572 23 0 1 1
1001711775 24 0 1 1
1001711809 43 1 1 1
1001711954 40 1 8 3
1001712144 43 1 1 0
1001712603 37 1 3 2
1001712687 20 0 1 1
1001712988 35 1 1 0
1001713423 37 1 3 3
1001714026 21 0 1 1
1001714108 41 1 5 2
1001714291 37 1 3 2
1001714457 21 0 1 0
1001715099 40 1 2 2
1001715141 41 1 5 3
1001715142 36 1 1 1
1001715325 21 0 1 1
1001715676 40 1 8 2
1001716133 43 1 1 1
1001716655 36 1 1 0
1001716710 35 1 1 1
1001716720 37 1 2 3
1001716977 37 1 5 3
1001717977 20 0 1 0
1001718598 23 0 1 0
1001719679 38 1 2 3
1001719982 40 1 8 3
1001720497 37 1 3 3
1001721016 35 1 1 0
1001721491 24 0 1 0
1001721531 21 0 1 0
1001725085 38 1 2 2
1001725089 38 1 5 2
1001725173 37 1 2 2
1001725334 40 1 2 3
1001725392 40 1 8 2
1001725955 37 1 3 2
1001726119 24 0 1 1
1001726123 27 0 1 1
1001726368 43 1 1 0
1001726426 35 1 1 1
1001726614 37 1 2 3
1001726787 20 0 1 1
1001726957 37 1 2 2
1001727591 37 1 3 3
1001727707 21 0 1 1
1001727713 20 0 1 0
1001728591 20 0 1 1
1001728756 21 0 1 0
1001729242 37 1 2 3
1001729557 37 1 2 2
1001729807 38 1 2 3
1001729900 40 1 2 2
1001730220 37 1 5 2
1001730313 20 0 1 0
1001730638 40 1 2 3
1001730934 43 1 1 1
1001730967 24 0 1 0
1001731131 37 1 5 3
1001731239 20 0 1 1
1001731506 37 1 3 2
1001731588 40 1 2 2
1001731672 43 1 1 0
1001731842 37 1 2 3
1001731964 23 0 1 1
1001732004 37 1 5 2
1001732009 37 1 5 3
1001732540 21 0 1 1
1001732622 43 1 1 1
1001732842 23 0 1 0
1001733009 20 0 1 0
1001733183 38 1 5 3
1001733362 40 1 8 3
1001733720 23 0 1 1
1001733754 23 0 1 0
1001734217 27 0 1 0
1001734396 35 1 1 0
1001734547 38 1 2 2
1001735581 24 0 1 1
1001738435 37 1 2 2
1001739649 38 1 1 2
1001740023 37 1 3 3
1001740131 20 0 1 1
1001740493 38 1 1 3
1001740642 40 1 2 3
1001740683 41 1 7 1
1001741337 38 1 1 2
1001741623 38 1 1 3
1001741676 43 1 1 0
1001741798 21 0 1 0
1001742207 41 1 7 0
1001742992 40 1 8 2
1001743133 41 1 7 1
1001743167 41 1 7 0
1001743314 37 1 2 3
1001744026 35 1 1 1
1001744577 20 0 1 0
1001745345 38 1 5 2
1001745787 38 1 1 2
1001745843 38 1 2 3
1001746379 27 0 1 1
1001746488 40 1 1 2
1001746687 38 1 1 3
1001747326 40 1 1 3
1001747367 41 1 7 1
1001747665 24 0 1 0
1001747742 42 1 1 1
1001748245 41 1 7 0
1001748634 42 1 1 0
1001751021 40 1 2 2
1001751202 40 1 8 3
1001751773 37 1 2 2
1001752055 43 1 1 1
1001752236 35 1 1 0
1001752546 37 1 5 2
1001753387 20 0 1 1
1001754016 23 0 1 1
1001754234 37 1 5 3
1001754312 37 1 3 2
1001754779 38 1 2 2
1001755222 37 1 5 2
1001755400 21 0 1 1
1001755882 23 0 1 0
1001756331 24 0 1 1
1001756808 23 0 1 1
1001756958 37 1 5 3
1001757659 38 1 5 3
1001757674 37 1 2 3
1001758300 40 1 8 2
1001758473 37 1 3 3
1001758626 23 0 1 0
1001758693 27 0 1 0
1001759278 40 1 8 3
1001759334 35 1 1 1
1001759473 20 0 1 0
1001759798 21 0 1 0
1001760312 35 1 1 0
1001761062 40 1 2 3
1001762096 43 1 1 0
1001765532 40 1 8 2
1001766099 38 1 2 3
1001766566 35 1 1 1
1001767133 24 0 1 0
1001768160 40 1 2 2
1001769194 43 1 1 1
1001769780 40 1 1 2
1001770886 42 1 1 1
1001771604 40 1 1 3
1001772638 42 1 1 0
1001773454 40 1 8 3
1001774041 38 1 5 2
1001774488 35 1 1 0
1001775075 27 0 1 1
1001776513 38 1 1 2
1001777859 41 1 7 1
1001777915 38 1 1 3
1001778949 41 1 7 0
1001779585 40 1 1 2
1001779603 38 1 5 3
1001780438 40 1 1 3
1001780590 40 1 2 3
1001780637 27 0 1 0
1001780653 37 1 2 2
1001780794 42 1 1 1
1001781624 43 1 1 0
1001781720 42 1 1 0
1001782240 40 1 8 2
1001782315 20 0 1 1
1001782506 37 1 2 3
1001782865 38 1 2 2
1001783274 35 1 1 1
1001783281 37 1 2 2
1001783362 40 1 8 3
1001784085 20 0 1 0
1001784242 37 1 2 3
1001784396 35 1 1 0
1001784407 24 0 1 1
1001784772 40 1 8 2
1001785011 20 0 1 1
1001785806 35 1 1 1
1001785889 20 0 1 0
1001788503 38 1 5 2
1001788532 40 1 2 2
1001789537 27 0 1 1
1001789566 43 1 1 1
1001790457 37 1 2 2
1001790575 38 1 2 3
1001791246 40 1 8 3
1001791953 24 0 1 0
1001792119 20 0 1 1
1001792280 35 1 1 0
1001794102 37 1 2 3
1001794583 38 1 1 2
1001795617 41 1 7 1
1001795673 20 0 1 0
1001797882 40 1 2 3
1001798171 38 1 1 3
1001798916 43 1 1 0
1001799209 41 1 7 0
1001799859 38 1 5 3
1001800893 27 0 1 0
1001803729 38 1 1 2
1001804509 37 1 2 2
1001804763 41 1 7 1
1001805024 40 1 8 2
1001805269 38 1 5 2
1001805867 38 1 2 2
1001806058 35 1 1 1
1001806171 20 0 1 1
1001806303 27 0 1 1
1001807343 24 0 1 1
1001807490 37 1 5 2
1001808506 40 1 2 2
1001808564 23 0 1 1
1001808586 40 1 8 3
1001809540 43 1 1 1
1001809620 35 1 1 0
1001809987 38 1 5 3
1001810240 37 1 2 3
1001810370 40 1 2 3
1001810831 38 1 1 3
1001811021 27 0 1 0
1001811401 37 1 5 3
1001811404 43 1 1 0
1001811461 20 0 1 0
1001811865 41 1 7 0
1001813010 23 0 1 0
1001815051 38 1 2 3
1001815397 38 1 5 2
1001815712 37 1 5 2
1001815995 37 1 2 2
1001816431 27 0 1 1
1001816431 24 0 1 0
1001816672 37 1 3 2
1001817290 37 1 1 2
1001817504 23 0 1 1
1001817643 20 0 1 1
1001817772 21 0 1 1
1001818324 41 1 6 1
1001819174 37 1 4 2
1001819382 37 1 1 3
1001819448 37 1 4 3
1001820018 37 1 4 2
1001820382 22 0 1 1
1001820416 41 1 6 0
1001821260 22 0 1 0
1001821390 22 0 1 1
1001821899 37 1 3 3
1001822844 37 1 2 3
1001823206 21 0 1 0
1001823669 37 1 5 3
1001824335 38 1 5 3
1001824621 20 0 1 0
1001824770 23 0 1 0
1001824786 37 1 4 3
1001825369 27 0 1 0
1001825820 22 0 1 0
1001827238 34 1 4 2
1001827915 34 1 5 2
1001827958 34 1 5 3
1001828272 10 0 1 1
1001828807 34 1 5 2
1001829256 11 0 1 1
1001829290 11 0 1 0
1001829809 34 1 3 2
1001830119 38 1 5 2
1001830216 11 0 1 1
1001830544 34 1 3 3
1001831153 27 0 1 1
1001831620 9 0 1 1
1001831654 9 0 1 0
1001832485 34 1 3 2
1001832775 38 1 5 3
1001833364 34 1 5 3
1001833716 37 1 4 2
1001833750 37 1 5 2
1001833809 27 0 1 0
1001834208 34 1 4 3
1001834316 9 0 1 1
1001834704 11 0 1 0
1001834750 22 0 1 1
1001835242 10 0 1 0
1001835268 23 0 1 1
1001835697 38 1 2 2
1001835944 34 1 3 3
1001836731 24 0 1 1
1001837026 9 0 1 0
1001838075 37 1 2 2
1001838319 38 1 2 3
1001838675 37 1 5 3
1001838714 37 1 2 3
1001839029 38 1 5 2
1001839424 24 0 1 0
1001839675 20 0 1 1
1001839714 23 0 1 0
1001839950 37 1 4 3
1001840063 27 0 1 1
1001840553 20 0 1 0
1001841546 34 1 3 2
1001841594 22 0 1 0
1001842994 34 1 4 2
1001843160 9 0 1 1
1001843984 37 1 1 2
1001844028 10 0 1 1
1001844266 37 1 1 3
1001844350 34 1 5 2
1001844828 37 1 1 2
1001845708 41 1 6 1
1001845742 41 1 6 0
1001845756 34 1 3 3
1001845862 41 1 6 1
1001845915 38 1 5 3
1001846018 37 1 5 2
1001846148 11 0 1 1
1001846949 27 0 1 0
1001847546 34 1 5 3
1001847558 9 0 1 0
1001847632 23 0 1 1
1001847816 37 1 4 2
1001848432 34 1 4 3
1001848580 11 0 1 0
1001849260 37 1 1 3
1001849276 22 0 1 1
1001849456 41 1 1 2
1001849466 10 0 1 0
1001850294 41 1 6 0
1001850490 42 1 2 1
1001851101 37 1 5 3
1001851990 40 1 2 2
1001852180 41 1 4 2
1001852543 38 1 5 2
1001852874 23 0 1 0
1001853024 43 1 1 1
1001853214 45 1 2 1
1001853511 38 1 5 3
1001853577 27 0 1 1
1001854092 34 1 5 2
1001854545 27 0 1 0
1001854970 37 1 4 3
1001855766 40 1 2 3
1001855920 11 0 1 1
1001856298 41 1 4 3
1001856374 34 1 4 2
1001856552 34 1 3 2
1001856596 22 0 1 0
1001856800 43 1 1 0
1001857332 45 1 2 0
1001857408 10 0 1 1
1001858056 9 0 1 1
1001858546 38 1 2 2
1001858575 38 1 2 3
1001858830 41 1 1 3
1001858840 34 1 5 3
1001859136 34 1 3 3
1001859864 42 1 2 0
1001860084 37 1 5 2
1001860214 11 0 1 0
1001860256 24 0 1 1
1001860290 24 0 1 0
1001860674 37 1 1 2
1001860718 9 0 1 0
1001861454 34 1 4 3
1001861684 23 0 1 1
1001861708 41 1 6 1
1001861829 37 1 2 2
1001861926 37 1 4 2
1001862488 10 0 1 0
1001862552 41 1 1 2
1001863046 37 1 1 3
1001863286 41 1 5 2
1001863286 41 1 5 3
1001863409 41 1 4 2
1001863492 22 0 1 1
1001863514 38 1 5 2
1001863586 42 1 2 1
1001863635 20 0 1 1
1001864042 41 1 8 2
1001864080 41 1 6 0
1001864130 41 1 5 2
1001864244 36 1 2 2
1001864443 45 1 2 1
1001864548 27 0 1 1
1001864574 36 1 1 1
1001864608 36 1 1 0
1001864994 41 1 7 2
1001865164 36 1 1 1
1001865164 39 1 1 1
1001865278 16 0 1 1
1001865311 37 1 5 3
1001865872 40 1 8 2
1001865900 41 1 5 3
1001866028 38 1 1 1
1001866171 38 1 5 3
1001866630 40 1 8 3
1001866660 41 1 1 3
1001866878 23 0 1 0
1001866906 35 1 1 1
1001867036 34 1 3 2
1001867164 34 1 3 3
1001867205 27 0 1 0
1001867226 38 1 2 2
1001867362 34 1 5 2
1001867664 35 1 1 0
1001867694 42 1 2 0
1001867708 34 1 4 2
1001867710 37 1 2 3
1001867774 36 1 1 0
1001868260 24 0 1 1
1001868350 37 1 4 3
1001868514 34 1 4 3
1001868540 9 0 1 1
1001868574 9 0 1 0
1001868742 10 0 1 1
1001868914 11 0 1 1
1001868973 20 0 1 0
1001869049 38 1 5 2
1001869192 41 1 4 3
1001869396 34 1 4 2
1001869510 36 1 2 3
1001869538 22 0 1 0
1001869548 10 0 1 0
1001870083 27 0 1 1
1001870084 41 1 8 3
1001870226 45 1 2 0
1001870430 10 0 1 1
1001870544 16 0 1 0
1001870604 34 1 3 2
1001871352 39 1 1 0
1001871624 34 1 3 3
1001872176 9 0 1 1
1001872914 41 1 1 2
1001872946 34 1 5 3
1001872962 41 1 1 3
1001873102 9 0 1 0
1001873758 41 1 1 2
1001873948 42 1 2 1
1001873996 42 1 2 0
1001874220 11 0 1 0
1001874682 34 1 4 3
1001874792 42 1 2 1
1001875716 10 0 1 0
1001875872 37 1 5 2
1001876299 38 1 2 3
1001876850 41 1 8 2
1001877143 38 1 5 3
1001877333 24 0 1 0
1001877472 23 0 1 1
1001877884 37 1 1 2
1001878058 41 1 4 2
1001878177 27 0 1 0
1001878392 39 1 1 1
1001878436 37 1 4 2
1001878859 37 1 2 2
1001878918 41 1 6 1
1001879092 45 1 2 1
1001879462 37 1 3 2
1001879507 37 1 3 3
1001879762 22 0 1 1
1001879992 37 1 2 3
1001880459 20 0 1 1
1001880932 21 0 1 1
1001880936 34 1 4 2
1001880966 21 0 1 0
1001881385 20 0 1 0
1001881970 10 0 1 1
1001883109 37 1 5 3
1001883200 34 1 5 2
1001883360 36 1 2 2
1001883582 37 1 4 3
1001884241 38 1 5 2
1001884390 37 1 1 3
1001884394 16 0 1 1
1001884498 23 0 1 0
1001884542 34 1 4 3
1001884616 22 0 1 0
1001884924 11 0 1 1
1001885275 27 0 1 1
1001885576 10 0 1 0
1001885800 41 1 6 0
1001885962 38 1 4 2
1001886869 38 1 2 2
1001886996 26 0 1 1
1001887271 38 1 2 3
1001887570 36 1 2 3
1001887903 24 0 1 1
1001888305 24 0 1 0
1001888570 41 1 5 2
1001888604 16 0 1 0
1001888858 34 1 5 3
1001889462 41 1 5 3
1001889497 38 1 2 2
1001889604 36 1 1 1
1001889803 38 1 2 3
1001890084 11 0 1 0
1001890116 41 1 7 3
1001890496 36 1 1 0
1001890647 38 1 5 3
1001890652 24 0 1 1
1001890837 24 0 1 0
1001891150 38 1 1 0
1001891681 27 0 1 0
1001891994 38 1 4 3
1001892744 41 1 1 3
1001893063 26 0 1 0
1001893778 42 1 2 0
1001894432 41 1 4 3
1001895276 41 1 8 3
1001895466 45 1 2 0
1001895860 34 1 4 2
1001896310 39 1 1 0
1001896388 34 1 5 2
1001896894 10 0 1 1
1001897682 34 1 5 3
1001898002 11 0 1 1
1001898154 41 1 8 2
1001898154 41 1 1 2
1001898202 41 1 7 2
1001898296 41 1 5 2
1001898888 36 1 2 2
1001898928 11 0 1 0
1001899094 41 1 4 2
1001899188 42 1 2 1
1001899188 39 1 1 1
1001899236 38 1 1 1
1001899332 36 1 1 1
1001899592 41 1 5 3
1001899922 16 0 1 1
1001900128 45 1 2 1
1001900772 34 1 5 2
1001900838 36 1 1 0
1001901965 38 1 5 2
1001902434 11 0 1 1
1001902986 34 1 4 3
1001902999 27 0 1 1
1001903418 36 1 2 3
1001904020 10 0 1 0
1001904452 16 0 1 0
1001905710 34 1 5 3
1001906761 38 1 2 2
1001906832 11 0 1 0
1001907019 38 1 2 3
1001907332 41 1 7 3
1001908155 24 0 1 1
1001908189 24 0 1 0
1001908366 38 1 1 0
1001908396 34 1 4 2
1001908482 34 1 4 3
1001908497 38 1 2 2
1001908707 38 1 5 3
1001909240 34 1 4 2
1001909430 10 0 1 1
1001909516 10 0 1 0
1001909551 38 1 2 3
1001909568 34 1 5 2
1001909741 27 0 1 0
1001909891 24 0 1 1
1001909912 41 1 1 3
1001910274 10 0 1 1
1001910585 24 0 1 0
1001910946 42 1 2 0
1001911182 11 0 1 1
1001912444 41 1 8 3
1001914084 39 1 1 0
1001914678 34 1 4 3
1001915024 41 1 4 3
1001915712 10 0 1 0
1001916058 45 1 2 0
1001916510 34 1 5 3
1001917010 41 1 1 2
1001917154 41 1 7 2
1001917556 41 1 1 3
1001918044 42 1 2 1
1001918112 11 0 1 0
1001918304 38 1 1 1
1001918556 41 1 8 2
1001918590 42 1 2 0
1001918746 41 1 4 2
1001919088 41 1 4 3
1001919780 45 1 2 1
1001920040 39 1 1 1
1001920122 45 1 2 0
1001920434 41 1 1 2
1001920869 38 1 5 2
1001921468 42 1 2 1
1001921903 27 0 1 1
1001922170 41 1 4 2
1001922646 34 1 5 2
1001923204 45 1 2 1
1001923464 34 1 4 2
1001923512 41 1 1 3
1001924020 34 1 3 2
1001924294 11 0 1 1
1001924437 38 1 2 2
1001924498 10 0 1 1
1001924546 42 1 2 0
1001925380 9 0 1 1
1001925783 24 0 1 1
1001926719 38 1 2 3
1001926984 41 1 7 3
1001927065 38 1 2 2
1001928407 38 1 5 3
1001928493 24 0 1 0
1001928527 24 0 1 1
1001928768 38 1 1 0
1001928922 41 1 1 2
1001929251 38 1 2 3
1001929441 27 0 1 0
1001929956 42 1 2 1
1001930238 34 1 3 3
1001930297 24 0 1 0
1001931205 37 1 2 2
1001931252 41 1 8 3
1001931742 34 1 5 3
1001931802 9 0 1 0
1001931910 37 1 5 2
1001932288 39 1 1 0
1001932300 41 1 7 2
1001932586 34 1 4 3
1001932620 37 1 2 3
1001932862 36 1 2 2
1001932915 20 0 1 1
1001933008 11 0 1 0
1001933572 23 0 1 1
1001933620 10 0 1 0
1001933841 20 0 1 0
1001933896 16 0 1 1
1001934024 38 1 1 1
1001934976 41 1 8 2
1001936010 39 1 1 1
1001936361 37 1 5 3
1001936450 36 1 2 3
1001937484 16 0 1 0
1001938018 23 0 1 0
1001938829 38 1 4 2
1001938896 41 1 1 3
1001939930 42 1 2 0
1001940155 26 0 1 1
1001940218 34 1 5 2
1001941075 38 1 2 2
1001941372 34 1 4 2
1001941428 41 1 4 3
1001941674 11 0 1 1
1001942257 38 1 5 2
1001942406 10 0 1 1
1001942462 45 1 2 0
1001942675 24 0 1 1
1001943091 38 1 5 3
1001943291 27 0 1 1
1001943355 38 1 3 2
1001943945 38 1 5 2
1001944125 27 0 1 0
1001944969 25 0 1 1
1001944979 27 0 1 1
1001945228 37 1 5 2
1001945351 38 1 2 3
1001946217 38 1 4 3
1001946486 37 1 3 2
1001946501 38 1 5 3
1001946780 23 0 1 1
1001946969 37 1 3 3
1001947217 24 0 1 0
1001947325 26 0 1 0
1001947520 21 0 1 1
1001947535 27 0 1 0
1001948003 21 0 1 0
1001948077 37 1 2 2
1001948324 41 1 7 3
1001948670 41 1 4 2
1001949358 38 1 1 0
1001949390 34 1 4 3
1001949704 45 1 2 1
1001949787 20 0 1 1
1001949982 36 1 2 2
1001950144 37 1 2 3
1001950282 34 1 5 3
1001950424 10 0 1 0
1001951016 16 0 1 1
1001951497 37 1 5 3
1001951605 20 0 1 0
1001951796 41 1 8 3
1001951938 38 1 3 3
1001952124 11 0 1 0
1001952866 23 0 1 0
1001953080 39 1 1 0
1001953443 25 0 1 0
1001953618 36 1 2 3
1001953726 41 1 5 2
1001954434 41 1 1 2
1001954612 41 1 5 3
1001954652 16 0 1 0
1001954760 36 1 1 1
1001954924 41 1 8 2
1001955468 42 1 2 1
1001956312 36 1 1 0
1001956458 41 1 7 2
1001956488 34 1 4 2
1001956490 39 1 1 1
1001956852 34 1 3 2
1001957492 38 1 1 1
1001957522 10 0 1 1
1001957550 34 1 5 2
1001957847 39 1 2 2
1001958596 9 0 1 1
1001958881 28 0 1 1
1001959102 11 0 1 1
1001961224 41 1 4 3
1001961560 36 1 2 2
1001961746 34 1 1 2
1001961860 37 1 5 2
1001962258 45 1 2 0
1001962594 16 0 1 1
1001962900 40 1 7 1
1001963310 34 1 3 3
1001963412 23 0 1 1
1001963427 35 1 4 2
1001964154 34 1 1 3
1001964285 38 1 4 2
1001964426 35 1 4 3
1001964461 14 0 1 1
1001964766 34 1 4 3
1001964826 9 0 1 0
1001964992 36 1 2 3
1001965166 35 1 4 2
1001965188 40 1 7 0
1001965460 14 0 1 0
1001965492 41 1 1 3
1001965658 34 1 5 3
1001965800 10 0 1 0
1001965829 26 0 1 1
1001966046 16 0 1 0
1001966114 35 1 4 3
1001966200 14 0 1 1
1001966346 39 1 5 2
1001966526 42 1 2 0
1001966876 11 0 1 0
1001967148 14 0 1 0
1001967170 39 1 3 2
1001967314 39 1 5 3
1001967426 41 1 3 2
1001967505 37 1 5 3
1001967574 41 1 4 2
1001967680 41 1 5 2
1001967912 31 0 1 1
1001968348 31 0 1 0
1001968390 41 1 5 3
1001968460 44 1 2 1
1001968608 45 1 2 1
1001968654 23 0 1 0
1001968714 36 1 1 1
1001968736 29 0 1 1
1001969265 38 1 4 3
1001970248 36 1 1 0
1001970323 26 0 1 0
1001970518 34 1 5 2
1001970922 41 1 3 3
1001971348 34 1 1 2
1001971496 41 1 8 3
1001971956 44 1 2 0
1001971962 34 1 1 3
1001972036 34 1 3 2
1001972110 36 1 2 2
1001972118 11 0 1 1
1001972382 40 1 7 1
1001972708 34 1 4 2
1001972800 39 1 1 0
1001972996 40 1 7 0
1001973162 16 0 1 1
1001973184 41 1 7 3
1001973684 9 0 1 1
1001973742 10 0 1 1
1001974332 41 1 4 3
1001974584 39 1 3 3
1001974814 38 1 1 0
1001975366 45 1 2 0
1001975618 29 0 1 0
1001977432 34 1 4 3
1001977634 37 1 5 2
1001977940 36 1 2 3
1001978048 41 1 5 2
1001978212 41 1 8 2
1001978276 34 1 5 3
1001978466 10 0 1 0
1001978682 41 1 5 3
1001978974 16 0 1 0
1001978988 34 1 3 3
1001979154 36 1 1 1
1001979248 23 0 1 1
1001979682 39 1 1 1
1001979849 37 1 5 3
1001979940 11 0 1 0
1001980032 36 1 1 0
1001980130 41 1 7 2
1001980166 37 1 5 2
1001980195 38 1 4 2
1001980202 9 0 1 0
1001981018 23 0 1 0
1001981164 38 1 1 1
1001981451 33 1 5 2
1001981857 26 0 1 1
1001981896 23 0 1 1
1001981951 36 1 4 2
1001981984 33 1 3 2
1001982486 7 0 1 1
1001983009 18 0 1 1
1001983139 38 1 5 2
1001983417 37 1 5 3
1001983485 38 1 5 3
1001983694 5 0 1 1
1001983983 38 1 5 2
1001984173 27 0 1 1
1001984519 27 0 1 0
1001984558 23 0 1 0
1001985017 27 0 1 1
1001985192 41 1 8 3
1001985882 36 1 2 2
1001985950 39 1 3 2
1001986165 38 1 4 3
1001986564 39 1 1 0
1001986916 16 0 1 1
1001986984 29 0 1 1
1001987062 34 1 4 2
1001987120 36 1 2 3
1001987523 36 1 4 3
1001987671 38 1 5 3
1001987724 33 1 3 3
1001987991 26 0 1 0
1001988096 10 0 1 1
1001988154 16 0 1 0
1001988348 39 1 2 3
1001988557 18 0 1 0
1001988568 33 1 5 3
1001988705 27 0 1 0
1001988846 34 1 5 2
1001988984 5 0 1 0
1001989382 28 0 1 0
1001989602 7 0 1 0
1001989810 34 1 4 3
1001990192 41 1 8 2
1001990390 11 0 1 1
1001990750 34 1 5 3
1001990844 10 0 1 0
1001991640 41 1 5 2
1001991806 39 1 1 1
1001992160 11 0 1 0
1001992484 41 1 5 3
1001992674 36 1 1 1
1001993518 36 1 1 0
1001993872 41 1 7 3
1001994220 41 1 5 2
1001994309 38 1 4 2
1001994396 33 1 3 2
1001994783 38 1 3 2
1001994906 38 1 1 0
1001995122 41 1 5 3
1001995254 36 1 1 1
1001995906 36 1 2 2
1001995909 26 0 1 1
1001995962 5 0 1 1
1001996070 37 1 5 2
1001996156 36 1 1 0
1001996397 25 0 1 1
1001996642 38 1 3 3
1001996940 16 0 1 1
1001997684 23 0 1 1
1001997689 37 1 5 3
1001998167 25 0 1 0
1001998198 33 1 5 2
1001998844 41 1 5 2
1001999174 41 1 1 2
1001999232 7 0 1 1
1001999426 35 1 4 2
1001999454 23 0 1 0
1001999486 41 1 5 3
1001999580 36 1 2 3
1001999593 38 1 4 3
1001999878 36 1 1 1
1002000059 36 1 4 2
1002000208 42 1 2 1
1002000222 41 1 7 2
1002000460 14 0 1 1
1002000614 16 0 1 0
1002001093 18 0 1 1
1002001100 36 1 1 0
1002001103 26 0 1 0
1002001228 33 1 3 3
1002001424 41 1 5 2
1002001516 41 1 1 3
1002001614 38 1 1 1
1002001919 36 1 4 3
1002002458 36 1 1 1
1002002554 42 1 2 0
1002002742 41 1 4 2
1002002862 41 1 5 3
1002002916 33 1 5 3
1002002940 5 0 1 0
1002002953 18 0 1 0
1002003250 35 1 4 3
1002003300 41 1 8 3
1002003776 45 1 2 1
1002003896 36 1 1 0
1002003950 7 0 1 0
1002004144 41 1 4 3
1002004284 14 0 1 0
1002004740 39 1 1 0
1002005178 45 1 2 0
1002005512 38 1 2 2
1002006304 38 1 3 2
1002006585 38 1 5 2
1002006775 24 0 1 1
1002007143 38 1 5 3
1002007338 25 0 1 1
1002007482 33 1 5 2
1002007619 27 0 1 1
1002008177 27 0 1 0
1002008273 38 1 5 2
1002008308 39 1 3 3
1002008313 38 1 4 2
1002008320 41 1 5 2
1002008516 7 0 1 1
1002008660 35 1 4 2
1002008948 41 1 5 3
1002009158 35 1 4 3
1002009260 41 1 8 2
1002009307 27 0 1 1
1002009342 29 0 1 0
1002009694 14 0 1 1
1002009913 26 0 1 1
1002010188 36 1 1 1
1002010192 14 0 1 0
1002010270 36 1 1 0
1002010348 35 1 4 2
1002010649 38 1 5 3
1002010826 39 1 1 1
1002010852 41 1 5 2
1002011034 36 1 2 2
1002011042 33 1 3 2
1002011057 35 1 2 2
1002011382 14 0 1 1
1002011683 27 0 1 0
1002011690 35 1 4 3
1002011884 41 1 7 3
1002011886 36 1 1 1
1002012068 16 0 1 1
1002012091 12 0 1 1
1002012502 41 1 5 3
1002012546 5 0 1 1
1002012724 14 0 1 0
1002013574 38 1 1 0
1002013659 38 1 4 3
1002013766 39 1 3 2
1002013800 36 1 1 0
1002013888 33 1 5 3
1002014203 38 1 2 3
1002014418 38 1 3 3
1002014800 29 0 1 1
1002014922 7 0 1 0
1002015155 26 0 1 0
1002015452 25 0 1 0
1002015502 39 1 2 2
1002015536 36 1 2 3
1002015537 24 0 1 0
1002016420 33 1 3 3
1002016536 28 0 1 1
1002016570 16 0 1 0
1002016754 35 1 2 3
1002017788 5 0 1 0
1002018483 12 0 1 0
1002019576 41 1 8 3
1002020181 36 1 4 2
1002020744 36 1 4 3
1002021025 36 1 4 2
1002021132 39 1 1 0
1002021215 18 0 1 1
1002021374 41 1 7 2
1002021430 33 1 3 2
1002021778 18 0 1 0
1002022164 35 1 4 2
1002022408 38 1 1 1
1002022662 35 1 4 3
1002022704 18 0 1 1
1002022916 39 1 3 3
1002023008 35 1 4 2
1002023030 5 0 1 1
1002023198 14 0 1 1
1002023639 38 1 2 2
1002023696 14 0 1 0
1002023959 36 1 4 3
1002024042 14 0 1 1
1002024362 33 1 5 2
1002024698 29 0 1 0
1002024993 18 0 1 0
1002024998 37 1 5 2
1002025168 41 1 5 2
1002025191 24 0 1 1
1002025396 7 0 1 1
1002025652 41 1 8 2
1002025790 41 1 1 2
1002026185 37 1 5 3
1002026218 41 1 5 3
1002026518 41 1 4 2
1002026532 39 1 2 3
1002026548 33 1 3 3
1002026660 23 0 1 1
1002026824 42 1 2 1
1002026872 36 1 1 1
1002027218 39 1 1 1
1002027538 23 0 1 0
1002027552 45 1 2 1
1002027698 36 1 2 2
1002027894 36 1 1 0
1002028170 28 0 1 0
1002028224 5 0 1 0
1002028250 41 1 1 3
1002028430 39 1 5 2
1002028732 16 0 1 1
1002028956 41 1 7 3
1002029284 42 1 2 0
1002029414 35 1 4 3
1002029738 41 1 4 3
1002029924 33 1 5 3
1002029940 31 0 1 1
1002030014 39 1 2 2
1002030322 37 1 5 2
1002030448 14 0 1 0
1002030566 38 1 1 0
1002030772 45 1 2 0
1002030958 7 0 1 0
1002030959 38 1 2 3
1002031048 28 0 1 1
1002031366 36 1 2 3
1002031537 37 1 5 3
1002031984 23 0 1 1
1002032400 16 0 1 0
1002032518 24 0 1 0
1002032862 23 0 1 0
1002032950 37 1 5 2
1002034102 41 1 5 2
1002034146 41 1 7 2
1002034213 37 1 5 3
1002034494 33 1 3 2
1002034504 41 1 1 2
1002034632 23 0 1 1
1002034850 41 1 5 3
1002035136 36 1 1 1
1002035334 41 1 3 2
1002035334 33 1 5 2
1002035538 42 1 2 1
1002035558 23 0 1 0
1002035884 36 1 1 0
1002035980 38 1 1 1
1002036142 5 0 1 1
1002036368 44 1 2 1
1002036368 7 0 1 1
1002036638 41 1 4 2
1002037672 45 1 2 1
1002038572 41 1 5 2
1002039070 41 1 3 3
1002039075 36 1 4 2
1002039276 41 1 4 3
1002039606 36 1 1 1
1002040091 36 1 4 3
1002040092 37 1 5 2
1002040104 44 1 2 0
1002040109 18 0 1 1
1002040310 45 1 2 0
1002040896 33 1 5 3
1002041060 41 1 8 3
1002041125 18 0 1 0
1002041152 41 1 5 3
1002041416 38 1 2 2
1002041655 36 1 4 2
1002041740 23 0 1 1
1002041740 33 1 3 3
1002041840 36 1 2 2
1002041930 7 0 1 0
1002042186 36 1 1 0
1002042223 38 1 5 2
1002042241 37 1 5 3
1002042450 24 0 1 1
1002042623 36 1 4 3
1002042684 39 1 1 0
1002042689 18 0 1 1
1002042871 38 1 5 3
1002042874 16 0 1 1
1002043067 38 1 5 2
1002043168 5 0 1 0
1002043257 27 0 1 1
1002043510 23 0 1 0
1002043640 41 1 1 3
1002043657 18 0 1 0
1002043905 27 0 1 0
1002044101 27 0 1 1
1002044484 41 1 7 3
1002044674 42 1 2 0
1002045518 38 1 1 0
1002045610 36 1 2 3
1002045749 38 1 5 3
1002046252 39 1 2 3
1002046644 16 0 1 0
1002046783 27 0 1 0
1002047286 28 0 1 0
1002047454 41 1 5 2
1002047484 35 1 4 2
1002047784 41 1 5 3
1002048096 41 1 8 2
1002048518 14 0 1 1
1002048838 33 1 5 2
1002049238 41 1 5 2
1002049240 36 1 1 1
1002049274 36 1 1 0
1002049472 33 1 3 2
1002049662 39 1 1 1
1002049671 38 1 2 3
1002049872 7 0 1 1
1002049894 41 1 7 2
1002051038 5 0 1 1
1002051044 36 1 1 1
1002051116 38 1 1 1
1002051176 24 0 1 0
1002052202 35 1 4 3
1002053020 41 1 5 3
1002053236 14 0 1 0
1002053552 36 1 2 2
1002053556 33 1 5 3
1002054586 16 0 1 1
1002054590 7 0 1 0
1002054598 36 1 1 0
1002055552 41 1 8 3
1002056088 33 1 3 3
1002056475 37 1 5 2
1002056516 36 1 4 2
1002057124 5 0 1 0
1002057388 39 1 1 0
1002057528 23 0 1 1
1002057550 18 0 1 1
1002057911 38 1 5 2
1002058194 38 1 2 2
1002058598 37 1 3 2
1002058945 27 0 1 1
1002059228 24 0 1 1
1002059758 36 1 2 3
1002060262 21 0 1 1
1002060395 36 1 4 3
1002060766 33 1 3 2
1002060792 16 0 1 0
1002060956 39 1 5 3
1002061016 41 1 8 2
1002061429 18 0 1 0
1002061498 33 1 5 2
1002061647 38 1 3 2
1002061990 31 0 1 0
1002062366 5 0 1 1
1002062494 41 1 5 2
1002062532 7 0 1 1
1002062630 39 1 1 1
1002062681 25 0 1 1
1002063340 41 1 7 3
1002063366 41 1 5 3
1002063528 36 1 1 1
1002063649 37 1 5 3
1002064067 38 1 5 3
1002064400 36 1 1 0
1002064683 23 0 1 0
1002065074 41 1 5 2
1002065101 27 0 1 0
1002065102 41 1 5 3
1002065216 38 1 1 0
1002065216 38 1 3 3
1002065385 37 1 3 3
1002066052 35 1 4 2
1002066108 36 1 1 1
1002066142 36 1 1 0
1002066250 25 0 1 0
1002066550 35 1 4 3
1002066599 38 1 2 3
1002067060 33 1 3 3
1002067086 14 0 1 1
1002067206 21 0 1 0
1002067584 14 0 1 0
1002067633 24 0 1 0
1002067740 35 1 4 2
1002067904 33 1 5 3
1002068452 5 0 1 0
1002068774 14 0 1 1
1002068978 7 0 1 0
1002069926 35 1 4 3
1002070054 41 1 3 2
1002070272 35 1 4 2
1002070394 41 1 1 2
1002070905 37 1 2 2
1002070960 14 0 1 0
1002071088 44 1 2 1
1002071154 41 1 3 3
1002071306 14 0 1 1
1002071424 41 1 7 2
1002071428 42 1 2 1
1002071591 37 1 5 2
1002071920 36 1 2 2
1002072188 44 1 2 0
1002072458 35 1 4 3
1002072492 38 1 1 1
1002072567 20 0 1 1
1002072625 23 0 1 1
1002072682 41 1 3 2
1002072768 41 1 8 3
1002072841 37 1 2 3
1002072876 41 1 3 3
1002072954 16 0 1 1
1002072979 36 1 4 2
1002073262 39 1 5 2
1002073492 14 0 1 0
1002073716 44 1 2 1
1002073876 39 1 1 0
1002073876 39 1 5 3
1002073910 44 1 2 0
1002073995 36 1 4 3
1002074116 18 0 1 1
1002074296 31 0 1 1
1002074385 20 0 1 0
1002075029 18 0 1 0
1002075300 41 1 1 3
1002075714 36 1 2 3
1002075720 31 0 1 0
1002076056 37 1 3 2
1002076334 42 1 2 0
1002076421 38 1 2 2
1002076748 16 0 1 0
1002077024 35 1 4 2
1002077334 21 0 1 1
1002077455 24 0 1 1
1002077522 35 1 4 3
1002077979 37 1 2 2
1002078058 14 0 1 1
1002078556 14 0 1 0
1002078771 37 1 5 3
1002079288 41 1 8 2
1002079723 20 0 1 1
1002079805 23 0 1 0
1002080574 41 1 4 2
1002080758 39 1 1 1
1002080982 41 1 5 2
1002081494 41 1 5 3
1002081608 45 1 2 1
1002081826 41 1 5 2
1002082196 41 1 7 3
1002082243 37 1 3 3
1002082635 38 1 2 3
1002082638 33 1 5 2
1002082780 36 1 1 1
1002082814 36 1 1 0
1002082860 36 1 1 1
1002082932 35 1 4 2
1002082969 37 1 2 3
1002083040 41 1 4 3
1002083338 21 0 1 0
1002083562 41 1 5 3
1002083669 24 0 1 0
1002083672 7 0 1 1
1002083704 38 1 1 0
1002083966 14 0 1 1
1002084074 45 1 2 0
1002084169 20 0 1 0
1002084596 36 1 1 0
1002085504 33 1 3 2
1002086188 36 1 2 2
1002086472 33 1 5 3
1002086538 5 0 1 1
1002087222 16 0 1 1
1002087316 33 1 3 3
1002087506 7 0 1 0
1002088350 5 0 1 0
1002088449 37 1 5 2
1002088525 36 1 4 2
1002089020 41 1 5 2
1002089020 41 1 7 2
1002089138 41 1 5 3
1002089153 36 1 3 2
1002089483 23 0 1 1
1002089581 37 1 2 2
1002090124 36 1 1 1
1002090200 18 0 1 1
1002090269 17 0 1 1
1002090708 41 1 5 2
1002090898 38 1 1 1
1002091002 36 1 1 0
1002091002 36 1 2 3
1002091147 20 0 1 1
1002091314 35 1 4 3
1002091344 37 1 3 2
1002091412 33 1 3 2
1002091480 41 1 8 3
1002091742 36 1 1 1
1002091801 36 1 4 3
1002092036 16 0 1 0
1002092348 14 0 1 0
1002092361 38 1 5 2
1002092378 21 0 1 1
1002092446 5 0 1 1
1002092639 38 1 2 2
1002092644 41 1 5 3
1002092752 39 1 1 0
1002092894 18 0 1 0
1002093100 33 1 5 2
1002093224 33 1 5 3
1002093324 37 1 1 2
1002093395 27 0 1 1
1002093695 36 1 1 0
1002094134 7 0 1 1
1002094258 7 0 1 0
1002094358 41 1 6 1
1002094430 24 0 1 1
1002095629 37 1 2 3
1002095690 36 1 2 2
1002096329 37 1 5 3
1002096380 41 1 8 2
1002096600 33 1 3 3
1002096724 16 0 1 1
1002097079 38 1 5 3
1002097275 41 1 5 2
1002097281 20 0 1 0
1002097363 23 0 1 0
1002097634 5 0 1 0
1002097738 41 1 3 2
1002097898 39 1 1 1
1002098113 27 0 1 0
1002098161 37 1 3 3
1002098586 41 1 3 3
1002098772 44 1 2 1
1002098948 36 1 1 1
1002099195 21 0 1 0
1002099620 44 1 2 0
1002099802 36 1 4 2
1002100318 41 1 1 2
1002100840 18 0 1 1
1002101299 38 1 2 3
1002101352 42 1 2 1
1002101540 33 1 5 2
1002101788 35 1 4 2
1002102150 41 1 1 3
1002102333 24 0 1 0
1002102574 7 0 1 1
1002102806 41 1 5 3
1002102822 14 0 1 1
1002103184 42 1 2 0
1002104028 36 1 1 0
1002104213 37 1 1 3
1002104271 37 1 5 2
1002104491 37 1 2 2
1002105028 41 1 1 2
1002105247 41 1 6 0
1002105259 37 1 3 2
1002105305 23 0 1 1
1002105401 36 1 4 3
1002105812 36 1 3 3
1002105872 41 1 5 2
1002105884 33 1 5 3
1002105983 37 1 3 3
1002106062 42 1 2 1
1002106139 20 0 1 1
1002106293 21 0 1 1
1002106435 18 0 1 0
1002106656 36 1 2 3
1002106757 38 1 5 2
1002106906 36 1 1 1
1002106918 7 0 1 0
1002106947 37 1 3 2
1002107017 21 0 1 0
1002107207 38 1 5 3
1002107279 17 0 1 0
1002107445 37 1 2 3
1002107601 38 1 2 2
1002107690 16 0 1 0
1002107805 27 0 1 1
1002107981 21 0 1 1
1002108166 35 1 4 3
1002108445 38 1 5 2
1002108649 24 0 1 1
1002108750 27 0 1 0
1002108753 20 0 1 0
1002108895 38 1 5 3
1002108982 41 1 4 2
1002109136 33 1 3 2
1002109200 14 0 1 0
1002109479 27 0 1 1
1002109585 37 1 3 3
1002109929 27 0 1 0
1002110016 45 1 2 1
1002110104 33 1 3 3
1002110170 5 0 1 1
1002110378 36 1 2 2
1002110753 21 0 1 0
1002110921 36 1 3 2
1002111138 5 0 1 0
1002111203 41 1 7 3
1002111412 16 0 1 1
1002112237 38 1 1 0
1002112377 17 0 1 1
1002113356 33 1 3 2
1002113997 37 1 5 3
1002114235 36 1 4 2
1002114390 5 0 1 1
1002114579 41 1 1 3
1002114803 38 1 2 3
1002115044 33 1 5 2
1002115264 35 1 4 2
1002115269 18 0 1 1
1002115423 41 1 4 3
1002115613 42 1 2 0
1002115769 23 0 1 0
1002115837 24 0 1 0
1002116012 33 1 5 3
1002116078 7 0 1 1
1002116298 14 0 1 1
1002116457 45 1 2 0
1002116856 33 1 3 3
1002117046 7 0 1 0
1002117890 5 0 1 0
1002117901 37 1 3 2
1002118397 41 1 7 2
1002118847 41 1 8 3
1002118935 21 0 1 1
1002119145 41 1 1 2
1002119431 38 1 1 1
1002119691 41 1 5 3
1002119762 35 1 4 3
1002120159 37 1 5 2
1002120179 42 1 2 1
1002120409 37 1 2 2
1002120492 39 1 1 0
1002120796 14 0 1 0
1002120867 41 1 1 3
1002121023 36 1 1 0
1002121193 23 0 1 1
1002121901 42 1 2 0
1002122023 20 0 1 1
1002124481 38 1 5 2
1002124555 41 1 5 2
1002124807 38 1 2 2
1002124959 37 1 1 2
1002125387 36 1 3 3
1002125515 27 0 1 1
1002125589 36 1 1 1
1002125841 24 0 1 1
1002125993 41 1 6 1
1002126013 37 1 3 3
1002126421 17 0 1 0
1002126619 38 1 5 3
1002126748 41 1 8 2
1002126857 37 1 2 3
1002127047 21 0 1 0
1002127653 27 0 1 0
1002128205 20 0 1 0
1002128217 39 1 1 1
1002128758 40 1 7 2
1002128989 37 1 5 3
1002129792 34 1 1 1
1002130023 23 0 1 0
1002130066 40 1 5 2
1002130725 37 1 1 3
1002131100 32 1 1 1
1002131366 40 1 5 3
1002131731 38 1 2 3
1002131759 41 1 6 0
1002132400 32 1 1 0
1002132765 24 0 1 0
1002133198 40 1 7 3
1002133310 39 1 2 2
1002134232 34 1 1 0
1002135036 28 0 1 1
1002135243 37 1 5 2
1002135415 37 1 2 2
1002136144 35 1 4 2
1002136277 23 0 1 1
1002136297 38 1 5 2
1002136487 37 1 3 2
1002136871 41 1 7 3
1002137015 20 0 1 1
1002137027 37 1 1 2
1002137178 14 0 1 1
1002137331 27 0 1 1
1002137521 21 0 1 1
1002137545 36 1 3 2
1002137703 37 1 1 3
1002137718 35 1 4 3
1002137832 35 1 4 2
1002137905 38 1 1 0
1002138061 41 1 6 1
1002138222 39 1 5 2
1002138656 40 1 7 2
1002138673 37 1 2 3
1002138737 41 1 6 0
1002138752 14 0 1 0
1002138866 14 0 1 1
1002138876 17 0 1 1
1002139066 39 1 5 3
1002139256 31 0 1 1
1002139375 38 1 5 3
1002139725 34 1 1 1
1002140100 31 0 1 0
1002140365 37 1 3 3
1002140409 27 0 1 0
1002140425 20 0 1 0
1002140754 39 1 5 2
1002141326 40 1 5 2
1002141533 21 0 1 0
1002141788 31 0 1 1
1002142149 37 1 5 3
1002142166 40 1 5 3
1002142360 32 1 1 1
1002143010 40 1 7 3
1002143050 35 1 4 3
1002143183 23 0 1 0
1002143200 32 1 1 0
1002143969 41 1 7 2
1002144044 34 1 1 0
1002144084 14 0 1 0
1002145003 38 1 1 1
1002145537 41 1 5 3
1002145803 37 1 2 2
1002146019 37 1 3 2
1002146571 36 1 1 0
1002147053 21 0 1 1
1002147499 20 0 1 1
1002148117 41 1 8 3
1002149247 37 1 5 2
1002149520 39 1 1 0
1002149520 39 1 5 3
1002150204 40 1 7 2
1002150281 23 0 1 1
1002150554 31 0 1 0
1002150961 36 1 2 3
1002150992 35 1 4 2
1002151078 35 1 4 3
1002151319 34 1 1 1
1002151649 37 1 1 2
1002151709 35 1 3 2
1002151742 40 1 5 2
1002151755 37 1 3 3
1002151836 35 1 4 2
1002151922 35 1 3 3
1002151995 16 0 1 0
1002152026 14 0 1 1
1002152112 14 0 1 0
1002152256 41 1 8 2
1002152649 36 1 4 3
1002152683 41 1 6 1
1002152684 41 1 1 2
1002152776 32 1 1 1
1002152789 21 0 1 0
1002152870 14 0 1 1
1002152870 40 1 5 3
1002152870 41 1 1 3
1002152918 13 0 1 1
1002153021 37 1 2 3
1002153528 41 1 1 2
1002153649 41 1 5 2
1002153683 18 0 1 0
1002153718 42 1 2 1
1002153762 40 1 7 3
1002153796 13 0 1 0
1002153870 39 1 1 1
1002153904 32 1 1 0
1002153904 42 1 2 0
1002154165 38 1 5 2
1002154417 37 1 1 3
1002154477 20 0 1 0
1002154562 42 1 2 1
1002154683 36 1 1 1
1002154728 35 1 3 2
1002154796 34 1 1 0
1002155451 41 1 6 0
1002155538 35 1 4 3
1002155562 27 0 1 1
1002156153 37 1 5 3
1002156294 41 1 5 3
1002156362 13 0 1 1
1002156572 14 0 1 0
1002156975 38 1 2 2
1002157118 41 1 3 2
1002157187 23 0 1 0
1002157263 36 1 4 2
1002157328 36 1 1 0
1002158009 24 0 1 1
1002158152 44 1 2 1
1002158166 35 1 3 3
1002158297 18 0 1 1
1002159220 13 0 1 0
1002159679 38 1 5 3
1002159908 36 1 3 3
1002160160 40 1 7 2
1002160713 27 0 1 0
1002160854 40 1 7 3
1002161098 40 1 5 2
1002161194 34 1 1 1
1002161407 41 1 7 3
1002161502 41 1 1 3
1002161673 17 0 1 0
1002161742 40 1 5 3
1002161792 35 1 4 2
1002161848 40 1 7 2
1002162072 34 1 1 0
1002162132 32 1 1 1
1002162297 41 1 3 3
1002162441 38 1 1 0
1002162536 42 1 2 0
1002162579 37 1 2 2
1002162586 40 1 7 3
1002162626 35 1 4 3
1002162692 40 1 7 2
1002162776 32 1 1 0
1002162826 14 0 1 1
1002162882 34 1 1 1
1002163103 38 1 2 3
1002163284 36 1 4 3
1002163331 44 1 2 0
1002163430 40 1 7 3
1002163480 35 1 4 2
1002163538 35 1 4 3
1002163620 34 1 1 0
1002163660 14 0 1 0
1002163726 34 1 1 1
1002164131 20 0 1 1
1002164137 24 0 1 0
1002164143 37 1 5 2
1002164318 18 0 1 0
1002164324 35 1 4 2
1002164464 34 1 1 0
1002164514 14 0 1 1
1002164572 14 0 1 0
1002165128 41 1 5 2
1002165177 23 0 1 1
1002165358 14 0 1 1
1002165673 41 1 5 3
1002166142 39 1 5 2
1002166194 35 1 4 3
1002166306 36 1 1 1
1002166785 37 1 3 2
1002166816 41 1 5 2
1002166817 41 1 7 2
1002166912 41 1 1 2
1002167176 31 0 1 1
1002167206 41 1 1 3
1002167228 14 0 1 0
1002167232 36 1 1 0
1002167315 41 1 8 3
1002167399 37 1 3 3
1002167819 21 0 1 1
1002167851 38 1 1 1
1002167946 42 1 2 1
1002168110 36 1 1 1
1002168240 42 1 2 0
1002168395 39 1 1 0
1002168395 39 1 5 3
1002168433 21 0 1 0
1002168551 41 1 3 2
1002168569 37 1 3 2
1002168888 40 1 7 2
1002169083 41 1 3 3
1002169429 31 0 1 0
1002169585 44 1 2 1
1002169603 21 0 1 1
1002169901 37 1 2 3
1002169922 34 1 1 1
1002170117 44 1 2 0
1002170239 41 1 3 2
1002170430 36 1 4 2
1002170953 37 1 5 3
1002171109 20 0 1 0
1002171273 44 1 2 1
1002171275 40 1 7 3
1002171464 18 0 1 1
1002171987 23 0 1 0
1002172023 41 1 8 2
1002172459 34 1 1 0
1002172541 41 1 3 3
1002173319 41 1 5 3
1002173541 39 1 1 1
1002173575 44 1 2 0
1002174319 37 1 1 2
1002174521 37 1 3 3
1002174779 36 1 1 0
1002174795 38 1 2 2
1002175353 41 1 6 1
1002175563 21 0 1 0
1002175829 24 0 1 1
1002177407 37 1 3 2
1002177413 37 1 2 2
1002178563 36 1 2 2
1002178729 21 0 1 1
1002178943 37 1 5 2
1002178967 37 1 3 3
1002179075 20 0 1 1
1002179597 16 0 1 1
1002179977 23 0 1 1
1002180001 21 0 1 0
1002180407 36 1 4 3
1002180655 37 1 1 3
1002180827 38 1 2 3
1002181221 38 1 5 2
1002181299 36 1 2 3
1002181441 18 0 1 0
1002181671 38 1 5 3
1002181689 41 1 6 0
1002181861 24 0 1 0
1002182255 27 0 1 1
1002182333 16 0 1 0
1002182533 41 1 7 3
1002182561 37 1 2 3
1002182705 27 0 1 0
1002183608 38 1 1 0
1002184264 35 1 4 2
1002184269 20 0 1 0
1002185315 14 0 1 1
1002185770 35 1 4 3
1002185952 35 1 4 2
1002186333 38 1 5 2
1002186710 35 1 4 3
1002186783 38 1 5 3
1002186796 35 1 4 2
1002186804 14 0 1 0
1002186986 14 0 1 1
1002187367 27 0 1 1
1002187744 14 0 1 0
1002187817 27 0 1 0
1002187830 14 0 1 1
1002188021 38 1 5 2
1002188446 35 1 4 3
1002188471 38 1 5 3
1002188489 41 1 8 3
1002188525 37 1 5 3
1002188648 35 1 4 2
1002188828 41 1 7 2
1002189055 27 0 1 1
1002189243 41 1 5 2
1002189338 35 1 4 3
1002189480 14 0 1 0
1002189505 27 0 1 0
1002189559 23 0 1 0
1002189588 35 1 4 2
1002189701 14 0 1 1
1002189862 38 1 1 1
1002189899 39 1 1 0
1002190277 36 1 1 1
1002190372 14 0 1 0
1002190641 14 0 1 1
1002190791 39 1 2 3
1002190879 38 1 2 2
1002191074 35 1 4 3
1002191825 28 0 1 0
1002191913 24 0 1 1
1002192108 14 0 1 0
1002193167 41 1 5 3
1002193461 36 1 4 2
1002194495 18 0 1 1
1002194513 36 1 1 0
1002197045 36 1 4 3
1002197301 41 1 7 3
1002198079 18 0 1 0
1002198155 37 1 5 2
1002198293 38 1 5 2
1002198335 38 1 1 0
1002198599 38 1 2 3
1002198879 41 1 8 2
1002199016 35 1 4 2
1002199133 35 1 4 3
1002199189 23 0 1 1
1002199327 27 0 1 1
1002199443 38 1 5 3
1002199633 24 0 1 0
1002199763 41 1 8 3
1002200050 14 0 1 1
1002200109 39 1 1 1
1002200167 14 0 1 0
1002200477 27 0 1 0
1002200663 41 1 8 2
1002200704 35 1 4 2
1002201035 39 1 1 0
1002201517 41 1 5 2
1002201738 14 0 1 1
1002201805 41 1 5 3
1002201961 39 1 1 1
1002202007 41 1 1 2
1002202409 41 1 5 2
1002202677 36 1 1 1
1002203041 42 1 2 1
1002203603 36 1 1 0
1002203637 36 1 1 1
1002205023 41 1 7 2
1002205313 41 1 8 3
1002205407 41 1 5 3
1002205837 41 1 7 3
1002206057 38 1 1 1
1002206191 41 1 1 3
1002206219 35 1 4 3
1002206407 39 1 1 0
1002206871 38 1 1 0
1002207191 36 1 1 0
1002207225 42 1 2 0
1002207253 14 0 1 0
1002208081 37 1 5 3
1002208699 36 1 4 2
1002208975 36 1 4 3
1002209115 23 0 1 0
1002209733 18 0 1 1
1002210757 18 0 1 0
1002211183 38 1 2 2
1002212217 24 0 1 1
1002215625 37 1 3 2
1002216397 37 1 5 2
1002217263 38 1 2 3
1002217299 21 0 1 1
1002217431 23 0 1 1
1002218297 24 0 1 0
1002221585 37 1 3 3
1002222619 21 0 1 0
1002223891 38 1 2 2
1002224457 38 1 5 2
1002224907 38 1 2 3
1002224925 24 0 1 1
1002224961 37 1 5 3
1002225505 27 0 1 1
1002225941 24 0 1 0
1002225995 23 0 1 0
1002226423 38 1 2 2
1002227063 41 1 7 2
1002227457 24 0 1 1
1002228097 38 1 1 1
1002228855 35 1 1 2
1002229069 37 1 1 2
1002230019 38 1 2 3
1002230063 40 1 8 1
1002230371 37 1 5 2
1002230599 41 1 8 2
1002230649 41 1 7 3
1002230705 41 1 6 1
1002230863 38 1 5 3
1002231053 24 0 1 0
1002231405 23 0 1 1
1002231683 38 1 1 0
1002231897 27 0 1 0
1002231925 39 1 1 1
1002232770 35 1 1 3
1002233401 37 1 1 3
1002233527 41 1 7 2
1002234461 40 1 8 0
1002234561 38 1 1 1
1002234973 41 1 6 0
1002235089 37 1 5 3
1002235715 40 1 7 2
1002236123 23 0 1 0
1002236805 34 1 1 1
1002239703 37 1 5 2
1002239861 40 1 7 3
1002240085 41 1 8 3
1002240737 23 0 1 1
1002240895 34 1 1 0
1002241579 39 1 1 0
1002241631 37 1 3 2
1002241711 38 1 2 2
1002241773 41 1 7 3
1002241841 37 1 3 3
1002242665 21 0 1 1
1002242745 24 0 1 1
1002242807 38 1 1 0
1002242875 21 0 1 0
1002244429 35 1 1 2
1002245259 38 1 2 3
1002245995 40 1 8 1
1002246293 24 0 1 0
1002246529 35 1 2 2
1002248383 12 0 1 1
1002248575 37 1 3 2
1002249437 37 1 5 3
1002249609 21 0 1 1
1002249683 40 1 7 2
1002250501 23 0 1 0
1002250610 35 1 1 3
1002250717 34 1 1 1
1002251125 37 1 3 3
1002252225 40 1 8 0
1002252391 21 0 1 0
1002252961 35 1 2 3
1002254419 38 1 2 2
1002254723 12 0 1 0
1002255453 24 0 1 1
1002256685 40 1 7 3
1002257769 34 1 1 0
1002260409 35 1 1 2
1002261343 38 1 2 3
1002261783 40 1 8 1
1002262377 24 0 1 0
1002263461 37 1 5 2
1002264495 23 0 1 1
1002264821 40 1 7 2
1002264831 41 1 8 2
1002265693 41 1 8 3
1002265855 34 1 1 1
1002266445 39 1 1 1
1002267323 39 1 1 0
1002267837 38 1 5 2
1002268005 37 1 5 3
1002268871 27 0 1 1
1002269039 23 0 1 0
1002269707 38 1 2 2
1002269863 40 1 4 2
1002270741 24 0 1 1
1002271078 35 1 1 3
1002271156 45 1 1 1
1002272233 40 1 8 0
1002272411 38 1 2 3
1002273255 38 1 5 3
1002273445 24 0 1 0
1002274167 35 1 2 2
1002274289 27 0 1 0
1002274337 37 1 1 2
1002274529 37 1 1 3
1002275223 12 0 1 1
1002275371 41 1 6 1
1002275563 41 1 6 0
1002275867 40 1 4 3
1002276025 37 1 1 2
1002276445 37 1 1 3
1002276762 34 1 4 2
1002276901 45 1 1 0
1002276917 37 1 1 2
1002277059 41 1 6 1
1002277479 41 1 6 0
1002277796 10 0 1 1
1002277821 38 1 2 2
1002277951 41 1 6 1
1002278495 40 1 7 3
1002278855 24 0 1 1
1002279177 37 1 3 2
1002279419 37 1 5 2
1002279529 34 1 1 0
1002279821 37 1 3 3
1002279901 37 1 5 3
1002280215 35 1 2 3
1002280263 37 1 5 2
1002280421 34 1 4 3
1002280453 23 0 1 1
1002280665 37 1 5 3
1002280851 38 1 2 3
1002280867 21 0 1 1
1002280901 21 0 1 0
1002280935 23 0 1 0
1002281297 23 0 1 1
1002281362 33 1 3 2
1002281435 12 0 1 0
1002281455 10 0 1 0
1002281509 37 1 1 3
1002281699 23 0 1 0
1002281885 24 0 1 0
1002282027 35 1 1 2
1002282543 41 1 6 0
1002282864 5 0 1 1
1002283174 33 1 3 3
1002283623 40 1 8 1
1002283687 37 1 5 2
1002284208 5 0 1 0
1002284331 41 1 8 2
1002284674 33 1 3 2
1002284721 23 0 1 1
1002285708 5 0 1 1
1002285801 39 1 1 1
1002286949 41 1 7 2
1002287983 38 1 1 1
1002288001 37 1 3 2
1002288261 37 1 3 3
1002288317 40 1 7 2
1002288935 41 1 7 3
1002289082 33 1 3 3
1002289105 37 1 5 3
1002289135 35 1 1 3
1002289181 21 0 1 1
1002289215 38 1 2 2
1002289351 34 1 1 1
1002289378 33 1 5 2
1002289614 33 1 5 3
1002290034 41 1 4 2
1002290059 21 0 1 0
1002290116 5 0 1 0
1002290139 23 0 1 0
1002290183 38 1 2 3
1002290249 24 0 1 1
1002290411 38 1 1 0
1002290412 7 0 1 1
1002290431 41 1 8 3
1002290505 40 1 8 0
1002290648 7 0 1 0
1002291068 45 1 2 1
1002291217 24 0 1 0
1002292223 39 1 1 0
1002293229 40 1 7 3
1002294540 33 1 3 2
1002294549 34 1 1 0
1002294697 35 1 2 2
1002294761 35 1 2 3
1002294843 41 1 4 3
1002295286 33 1 5 2
1002295574 5 0 1 1
1002295589 35 1 2 2
1002295755 12 0 1 1
1002295877 45 1 2 0
1002295967 38 1 2 2
1002296320 7 0 1 1
1002296633 12 0 1 0
1002296667 12 0 1 1
1002297001 24 0 1 1
1002297269 37 1 3 2
1002297545 37 1 3 3
1002297939 37 1 5 2
1002298161 37 1 3 2
1002298389 37 1 5 3
1002298541 39 1 2 2
1002298545 35 1 1 2
1002298965 21 0 1 1
1002298973 23 0 1 1
1002298999 21 0 1 0
1002299210 33 1 5 3
1002299292 39 1 4 2
1002299423 23 0 1 0
1002299575 28 0 1 1
1002299609 39 1 3 2
1002299675 37 1 5 2
1002299917 39 1 5 2
1002299925 21 0 1 1
1002300244 7 0 1 0
1002300255 40 1 8 1
1002300326 30 0 1 1
1002300359 38 1 2 3
1002300779 35 1 2 3
1002300882 29 0 1 1
1002300921 37 1 5 3
1002300951 31 0 1 1
1002301155 41 1 8 2
1002301363 37 1 5 2
1002301393 24 0 1 0
1002301487 23 0 1 1
1002301605 39 1 5 3
1002301765 37 1 3 3
1002301903 12 0 1 0
1002302365 23 0 1 0
1002302447 23 0 1 1
1002302449 39 1 5 2
1002302639 31 0 1 0
1002302940 39 1 1 1
1002303147 37 1 1 2
1002303430 33 1 3 3
1002303483 31 0 1 1
1002303527 21 0 1 0
1002303784 39 1 1 2
1002303897 41 1 7 2
1002304102 39 1 1 3
1002304181 41 1 6 1
1002304297 37 1 1 3
1002304569 41 1 4 2
1002304628 39 1 1 2
1002304818 41 1 8 1
1002304858 5 0 1 0
1002304931 38 1 1 1
1002304946 39 1 4 3
1002305025 40 1 7 2
1002305117 38 1 5 2
1002305136 41 1 8 0
1002305289 41 1 1 2
1002305331 41 1 6 0
1002305472 39 1 1 3
1002305603 45 1 2 1
1002305662 41 1 8 1
1002305980 30 0 1 0
1002306059 34 1 1 1
1002306083 35 1 1 3
1002306095 37 1 5 3
1002306143 38 1 2 2
1002306323 42 1 2 1
1002306506 41 1 8 0
1002306619 41 1 3 2
1002306691 27 0 1 1
1002307177 24 0 1 1
1002307185 40 1 8 0
1002307283 41 1 8 3
1002307432 41 1 3 3
1002307653 44 1 2 1
1002307785 23 0 1 0
1002308307 41 1 3 2
1002308384 39 1 1 0
1002308390 33 1 3 2
1002308412 39 1 5 3
1002308466 44 1 2 0
1002309019 41 1 4 3
1002309216 41 1 3 3
1002309256 39 1 2 3
1002309341 44 1 2 1
1002309424 5 0 1 1
1002309446 31 0 1 0
1002309599 41 1 7 3
1002309691 38 1 5 3
1002310250 44 1 2 0
1002310290 28 0 1 0
1002310443 41 1 1 3
1002310528 33 1 5 2
1002310583 38 1 2 3
1002310633 38 1 1 0
1002310725 27 0 1 0
1002310849 45 1 2 0
1002311477 42 1 2 0
1002311562 7 0 1 1
1002311617 24 0 1 0
1002311645 40 1 7 3
1002312679 34 1 1 0
1002312888 39 1 4 2
1002313822 39 1 2 2
1002313822 39 1 5 2
1002314012 30 0 1 1
1002314381 35 1 1 2
1002314628 39 1 1 2
1002314856 31 0 1 1
1002314866 28 0 1 1
1002315165 35 1 2 2
1002315895 35 1 1 3
1002315947 40 1 8 1
1002316090 33 1 3 3
1002316199 12 0 1 1
1002316486 41 1 8 1
1002316961 35 1 1 2
1002317124 5 0 1 0
1002317717 40 1 8 0
1002317777 37 1 3 2
1002318055 38 1 2 2
1002318162 39 1 3 3
1002318643 40 1 8 1
1002318669 37 1 3 3
1002319089 24 0 1 1
1002319376 39 1 4 3
1002319466 33 1 5 3
1002319517 21 0 1 1
1002319532 29 0 1 0
1002319635 40 1 7 2
1002320006 41 1 8 2
1002320220 39 1 1 3
1002320319 35 1 2 3
1002320410 30 0 1 0
1002320443 21 0 1 0
1002320841 7 0 1 0
1002320920 39 1 5 3
1002320946 41 1 8 3
1002321040 39 1 1 1
1002321247 35 1 1 3
1002321427 34 1 1 1
1002321611 12 0 1 0
1002321872 41 1 8 0
1002321954 31 0 1 0
1002321980 39 1 1 0
1002322287 37 1 3 2
1002322344 33 1 3 2
1002322399 38 1 2 3
1002322793 37 1 3 3
1002323041 40 1 8 0
1002323378 5 0 1 1
1002323433 24 0 1 0
1002323997 21 0 1 1
1002324079 21 0 1 0
1002325404 39 1 2 3
1002325553 37 1 4 2
1002326438 28 0 1 0
1002326587 22 0 1 1
1002326815 37 1 3 2
1002327366 39 1 4 2
1002328375 37 1 5 2
1002328467 37 1 3 3
1002328525 21 0 1 1
1002328620 30 0 1 1
1002328750 33 1 3 3
1002328773 37 1 5 3
1002329333 40 1 7 3
1002329409 23 0 1 1
1002329418 39 1 3 2
1002329491 37 1 3 2
1002329547 21 0 1 0
1002329784 5 0 1 0
1002329807 23 0 1 0
1002329912 39 1 1 2
1002330159 37 1 5 2
1002330461 37 1 3 3
1002330589 34 1 1 0
1002330730 29 0 1 1
1002331177 35 1 1 2
1002331243 37 1 5 3
1002331269 21 0 1 1
1002331369 23 0 1 1
1002331559 38 1 2 2
1002331646 41 1 8 1
1002331754 39 1 2 2
1002331895 37 1 5 2
1002332149 37 1 4 3
1002332173 38 1 5 2
1002332195 21 0 1 0
1002332277 23 0 1 0
1002332286 39 1 5 2
1002332472 33 1 3 2
1002332593 24 0 1 1
1002332623 38 1 5 3
1002332647 40 1 8 1
1002332826 28 0 1 1
1002332929 23 0 1 1
1002333123 35 1 2 2
1002333183 22 0 1 0
1002333320 31 0 1 1
1002333431 35 1 2 3
1002333506 5 0 1 1
1002333909 38 1 5 2
1002333919 37 1 5 3
1002333923 27 0 1 1
1002333957 27 0 1 0
1002334157 12 0 1 1
1002334262 39 1 5 3
1002334274 41 1 8 2
1002334286 39 1 4 3
1002334311 38 1 5 3
1002334907 35 1 2 2
1002334943 27 0 1 1
1002334977 23 0 1 0
1002335051 12 0 1 0
1002335106 39 1 3 3
1002335212 39 1 1 3
1002335296 31 0 1 0
1002335308 39 1 1 1
1002335345 27 0 1 0
1002335443 41 1 8 3
1002335567 35 1 2 3
1002335645 38 1 5 2
1002335852 30 0 1 0
1002335977 12 0 1 1
1002335999 38 1 2 3
1002336106 41 1 8 2
1002336212 29 0 1 0
1002336301 41 1 3 2
1002336477 39 1 1 0
1002336601 12 0 1 0
1002336679 27 0 1 1
1002336984 41 1 8 0
1002337033 24 0 1 0
1002337140 39 1 1 1
1002337335 44 1 2 1
1002337381 38 1 5 3
1002337573 37 1 3 2
1002337707 41 1 4 2
1002337753 35 1 2 2
1002337769 41 1 8 3
1002338034 33 1 3 3
1002338451 37 1 4 2
1002338485 40 1 7 2
1002338769 45 1 2 1
1002338854 40 1 4 2
1002338862 39 1 1 0
1002338901 37 1 4 3
1002339068 5 0 1 0
1002339135 35 1 1 3
1002339179 27 0 1 0
1002339221 21 0 1 1
1002339415 12 0 1 1
1002339485 22 0 1 1
1002339519 34 1 1 1
1002339535 37 1 1 2
1002339790 41 1 4 3
1002339915 33 1 5 2
1002340101 37 1 1 3
1002340165 45 1 1 1
1002340187 37 1 4 2
1002340427 37 1 1 2
1002340435 22 0 1 0
1002340517 40 1 8 0
1002340517 40 1 4 3
1002340569 41 1 6 1
1002340682 41 1 3 3
1002340949 7 0 1 1
1002341086 39 1 4 2
1002341135 41 1 6 0
1002341335 45 1 2 0
1002341361 22 0 1 1
1002341457 40 1 4 2
1002341461 41 1 6 1
1002341716 44 1 2 0
1002341935 45 1 1 0
1002342193 35 1 2 3
1002342204 39 1 5 2
1002342253 38 1 2 2
1002342267 40 1 4 3
1002342442 30 0 1 1
1002342516 39 1 3 2
1002342526 39 1 5 3
1002342648 33 1 3 2
1002342909 45 1 1 1
1002342921 37 1 5 2
1002343121 37 1 3 3
1002343238 31 0 1 1
1002343287 24 0 1 1
1002343301 45 1 1 0
1002343560 31 0 1 0
1002343696 5 0 1 1
1002343703 37 1 1 3
1002343779 12 0 1 0
1002343892 39 1 5 2
1002344017 41 1 7 2
1002344034 29 0 1 1
1002344037 40 1 7 3
1002344205 23 0 1 1
1002344559 21 0 1 0
1002344737 41 1 6 0
1002344926 31 0 1 1
1002344962 39 1 2 3
1002345022 41 1 8 2
1002345051 38 1 1 1
1002345200 34 1 5 2
1002345283 38 1 2 3
1002345630 33 1 5 3
1002345653 37 1 4 3
1002345711 41 1 4 2
1002345881 34 1 1 0
1002346036 39 1 5 3
1002346128 39 1 1 1
1002346234 11 0 1 1
1002346317 24 0 1 0
1002346424 39 1 5 2
1002346425 41 1 4 3
1002346614 28 0 1 0
1002346687 22 0 1 0
1002346745 45 1 2 1
1002346972 39 1 1 2
1002347070 31 0 1 0
1002347341 37 1 5 3
1002347398 39 1 1 3
1002347399 41 1 4 2
1002347458 31 0 1 1
1002347501 7 0 1 0
1002347744 45 1 2 0
1002348006 41 1 8 1
1002348338 39 1 4 3
1002348375 23 0 1 0
1002348432 41 1 8 0
1002348433 45 1 2 1
1002348461 34 1 5 3
1002348509 35 1 1 2
1002348600 41 1 4 3
1002348899 35 1 1 3
1002349005 41 1 7 3
1002349353 35 1 1 2
1002349372 30 0 1 0
1002349525 38 1 5 2
1002349634 45 1 2 0
1002349743 35 1 1 3
1002349849 38 1 2 2
1002350001 35 1 2 2
1002350165 11 0 1 0
1002350219 40 1 8 1
1002350245 35 1 1 2
1002350253 40 1 8 0
1002350367 41 1 8 3
1002350495 38 1 1 0
1002350559 27 0 1 1
1002350683 35 1 2 3
1002350883 24 0 1 1
1002351100 39 1 2 2
1002351107 12 0 1 1
1002351111 37 1 4 2
1002351131 40 1 8 1
1002351165 40 1 8 0
1002351538 33 1 3 3
1002351985 12 0 1 0
1002352083 38 1 5 3
1002352091 40 1 8 1
1002352145 22 0 1 1
1002352180 39 1 1 2
1002352214 39 1 1 0
1002352322 28 0 1 1
1002352405 37 1 4 3
1002352572 5 0 1 0
1002353117 27 0 1 0
1002353214 41 1 8 1
1002353439 22 0 1 0
1002353739 37 1 4 2
1002354583 37 1 5 2
1002354663 38 1 2 3
1002354688 39 1 4 2
1002354937 37 1 5 3
1002355239 22 0 1 1
1002355665 23 0 1 1
1002355697 24 0 1 0
1002355736 30 0 1 1
1002355763 41 1 7 2
1002356030 39 1 1 3
1002356037 37 1 3 2
1002356543 23 0 1 0
1002356579 41 1 4 2
1002356612 39 1 5 3
1002356797 38 1 1 1
1002356995 41 1 5 2
1002357211 37 1 5 2
1002357353 21 0 1 1
1002357515 41 1 3 2
1002357578 41 1 8 2
1002357612 41 1 8 0
1002357613 45 1 2 1
1002357646 31 0 1 0
1002357887 41 1 5 3
1002358245 23 0 1 1
1002358313 37 1 5 3
1002358393 36 1 1 1
1002358444 39 1 3 3
1002358549 44 1 2 1
1002358552 41 1 3 3
1002358612 39 1 1 1
1002358725 41 1 7 3
1002359157 37 1 3 3
1002359271 36 1 1 0
1002359347 23 0 1 0
1002359576 33 1 3 2
1002359586 44 1 2 0
1002359644 29 0 1 0
1002359765 38 1 1 0
1002359959 41 1 4 3
1002359978 33 1 3 3
1002359991 35 1 2 2
1002360001 37 1 4 3
1002360495 35 1 2 3
1002360610 5 0 1 1
1002360825 21 0 1 0
1002360883 35 1 2 2
1002360993 45 1 2 0
1002361012 5 0 1 0
1002361035 22 0 1 0
1002361312 33 1 3 2
1002361387 35 1 1 3
1002361666 33 1 3 3
1002361715 12 0 1 1
1002361749 12 0 1 0
1002361761 38 1 2 2
1002362068 39 1 4 3
1002362353 5 0 1 1
1002362559 40 1 8 0
1002362587 41 1 8 3
1002362627 12 0 1 1
1002362700 5 0 1 0
1002362795 24 0 1 1
1002363104 30 0 1 0
1002363286 39 1 3 2
1002363345 41 1 7 2
1002363695 41 1 7 3
1002363950 39 1 1 0
1002363950 39 1 3 3
1002364379 38 1 1 1
1002364729 38 1 1 0
1002364790 29 0 1 1
1002364791 38 1 2 3
1002365070 39 1 3 2
1002365668 29 0 1 0
1002365794 41 1 3 2
1002365825 24 0 1 0
1002366261 41 1 4 2
1002366290 39 1 5 2
1002366351 37 1 5 2
1002366383 33 1 5 2
1002366482 39 1 1 2
1002366594 29 0 1 1
1002366708 39 1 3 3
1002366730 33 1 5 3
1002366828 44 1 2 1
1002366854 39 1 5 3
1002367047 41 1 4 3
1002367147 37 1 4 2
1002367324 31 0 1 1
1002367364 33 1 3 2
1002367417 7 0 1 1
1002367526 39 1 3 2
1002367597 37 1 5 3
1002367660 41 1 8 1
1002367672 45 1 2 1
1002367764 7 0 1 0
1002367888 31 0 1 0
1002367978 39 1 5 2
1002367987 37 1 3 2
1002368071 33 1 5 2
1002368081 45 1 2 0
1002368087 37 1 5 2
1002368177 23 0 1 1
1002368181 22 0 1 1
1002368316 29 0 1 0
1002368396 39 1 3 3
1002368398 5 0 1 1
1002368418 33 1 5 3
1002368441 37 1 4 3
1002368475 35 1 2 3
1002368841 41 1 4 2
1002368883 37 1 4 2
1002369039 21 0 1 1
1002369055 23 0 1 0
1002369105 7 0 1 1
1002369137 23 0 1 1
1002369194 29 0 1 1
1002369300 31 0 1 1
1002369312 39 1 4 2
1002369452 7 0 1 0
1002369743 12 0 1 0
1002369759 33 1 5 2
1002370013 22 0 1 0
1002370060 39 1 1 3
1002370095 22 0 1 1
1002370118 39 1 2 3
1002370129 37 1 4 3
1002370168 29 0 1 0
1002370430 45 1 2 1
1002370575 38 1 2 2
1002370615 41 1 4 3
1002370793 7 0 1 1
1002370817 41 1 4 2
1002370973 37 1 3 3
1002371118 41 1 8 0
1002371118 41 1 3 3
1002371152 28 0 1 0
1002371188 30 0 1 1
1002371459 41 1 4 3
1002371609 24 0 1 1
1002371865 22 0 1 0
1002372118 45 1 2 0
1002372152 44 1 2 0
1002372152 45 1 2 1
1002372335 35 1 1 2
1002372493 35 1 2 2
1002372641 21 0 1 0
1002373078 45 1 2 0
1002373107 35 1 2 3
1002373527 12 0 1 1
1002373721 38 1 5 2
1002374059 40 1 8 1
1002374141 12 0 1 0
1002374171 38 1 5 3
1002374191 41 1 5 2
1002374326 33 1 3 3
1002374755 27 0 1 1
1002375193 37 1 5 3
1002375205 27 0 1 0
1002375265 36 1 1 1
1002375360 5 0 1 0
1002375397 37 1 4 2
1002375409 38 1 5 2
1002375435 41 1 5 3
1002375518 39 1 5 3
1002375580 39 1 3 2
1002375626 41 1 8 2
1002375859 38 1 2 3
1002376014 33 1 5 3
1002376037 37 1 4 3
1002376431 22 0 1 1
1002376443 27 0 1 1
1002376552 31 0 1 0
1002376576 41 1 3 2
1002376599 23 0 1 0
1002376651 41 1 7 2
1002376703 38 1 5 3
1002376893 24 0 1 0
1002376987 36 1 1 0
1002377071 22 0 1 0
1002377098 29 0 1 1
1002377133 37 1 4 2
1002377264 39 1 2 2
1002377312 39 1 1 1
1002377610 44 1 2 1
1002377650 7 0 1 0
1002377706 38 1 1 1
1002378177 27 0 1 0
1002378209 22 0 1 1
1002378298 28 0 1 1
1002378543 41 1 1 2
1002378774 39 1 4 3
1002378785 41 1 7 3
1002378940 41 1 3 3
1002379212 41 1 4 2
1002379577 42 1 2 1
1002379629 41 1 1 3
1002379819 38 1 1 0
1002379974 44 1 2 0
1002380021 38 1 5 2
1002380127 38 1 5 3
1002380246 45 1 2 1
1002380274 30 0 1 0
1002380399 41 1 4 3
1002380663 42 1 2 0
1002381055 27 0 1 1
1002381161 27 0 1 0
1002381243 41 1 8 3
1002381269 38 1 2 2
1002381433 45 1 2 0
1002381443 37 1 3 2
1002381815 38 1 2 3
1002382303 24 0 1 1
1002382472 39 1 1 2
1002382650 39 1 1 0
1002382664 39 1 5 2
1002382795 35 1 1 3
1002382849 24 0 1 0
1002383045 21 0 1 1
1002383186 39 1 1 3
1002383331 38 1 2 2
1002383397 38 1 5 2
1002383506 41 1 8 1
1002383576 39 1 5 3
1002383698 31 0 1 1
1002384365 24 0 1 1
1002384427 40 1 8 0
1002384431 27 0 1 1
1002384576 41 1 8 0
1002384610 31 0 1 0
1002385133 38 1 5 3
1002385196 39 1 5 2
1002385264 39 1 5 3
1002385321 37 1 3 3
1002385523 41 1 1 2
1002385559 41 1 1 3
1002385977 38 1 5 2
1002386165 37 1 4 3
1002386167 27 0 1 0
1002386204 39 1 3 3
1002386302 41 1 3 2
1002386315 41 1 4 2
1002386408 31 0 1 1
1002386442 31 0 1 0
1002386557 42 1 2 1
1002386593 42 1 2 0
1002386647 21 0 1 0
1002386775 41 1 7 2
1002387011 27 0 1 1
1002387156 41 1 3 3
1002387199 22 0 1 0
1002387336 44 1 2 1
1002387388 39 1 4 2
1002387389 35 1 2 2
1002387476 33 1 3 2
1002387644 29 0 1 0
1002387723 38 1 5 3
1002387809 38 1 1 1
1002387857 45 1 2 1
1002388238 44 1 2 0
1002388422 30 0 1 1
1002388475 12 0 1 1
1002388510 5 0 1 1
1002388567 38 1 2 3
1002389245 27 0 1 0
1002389601 24 0 1 0
1002390019 41 1 4 3
1002390275 37 1 3 2
1002390587 35 1 1 2
1002390722 39 1 5 2
1002390784 39 1 1 2
1002391286 39 1 3 2
1002391533 21 0 1 1
1002391541 41 1 7 3
1002391645 40 1 8 1
1002391756 31 0 1 1
1002391758 45 1 2 0
1002392178 39 1 3 3
1002392235 37 1 5 2
1002392317 37 1 5 3
1002392515 37 1 4 2
1002392542 41 1 8 1
1002392575 38 1 1 0
1002392742 29 0 1 1
1002392917 37 1 4 3
1002393022 39 1 5 3
1002393254 39 1 5 2
1002393269 23 0 1 1
1002393278 39 1 2 3
1002393351 23 0 1 0
1002393512 39 1 4 3
1002393547 35 1 2 3
1002393620 29 0 1 0
1002394019 37 1 5 2
1002394161 22 0 1 1
1002394195 22 0 1 0
1002394251 37 1 4 2
1002394312 28 0 1 0
1002394398 31 0 1 0
1002394432 31 0 1 1
1002394582 33 1 3 3
1002394605 37 1 4 3
1002394719 12 0 1 0
1002394948 30 0 1 0
1002395047 37 1 5 3
1002395053 23 0 1 1
1002395290 41 1 3 2
1002395449 37 1 3 3
1002395616 5 0 1 0
1002395755 37 1 5 2
1002395965 22 0 1 1
1002395987 37 1 4 2
1002395999 22 0 1 0
1002396014 41 1 8 2
1002396107 41 1 7 2
1002396129 23 0 1 0
1002396140 39 1 1 3
1002396177 41 1 1 2
1002396182 41 1 4 2
1002396293 37 1 4 3
1002396324 44 1 2 1
1002396599 41 1 5 2
1002396789 23 0 1 1
1002396871 21 0 1 0
1002397021 22 0 1 1
1002397048 39 1 1 1
1002397141 38 1 1 1
1002397211 42 1 2 1
1002397216 45 1 2 1
1002397784 41 1 8 0
1002397795 41 1 5 3
1002397899 22 0 1 0
1002398141 36 1 1 1
1002398154 39 1 3 2
1002398341 41 1 1 3
1002398628 41 1 3 3
1002399115 36 1 1 0
1002399375 42 1 2 0
1002399532 39 1 2 2
1002399628 39 1 1 2
1002399662 44 1 2 0
1002399743 35 1 1 3
1002399754 29 0 1 1
1002399757 37 1 4 2
1002399908 33 1 5 2
1002399995 41 1 8 3
1002400264 39 1 4 2
1002400566 28 0 1 1
1002400662 41 1 8 1
1002400791 22 0 1 1
1002400839 41 1 4 3
1002400942 7 0 1 1
1002401155 40 1 8 0
1002401298 30 0 1 1
1002401357 37 1 5 3
1002401446 39 1 1 0
1002401873 45 1 2 0
1002402322 39 1 1 3
1002402609 41 1 7 3
1002403216 39 1 5 3
1002403221 23 0 1 0
1002403327 38 1 2 2
1002403643 38 1 1 0
1002404086 41 1 3 2
1002404168 41 1 8 0
1002404250 31 0 1 0
1002404361 24 0 1 1
1002404404 33 1 3 2
1002405120 44 1 2 1
1002405438 5 0 1 1
1002405591 38 1 2 3
1002405794 39 1 4 3
1002405952 41 1 8 2
1002405999 41 1 8 3
1002406147 41 1 1 2
1002406249 41 1 4 2
1002406398 33 1 5 3
1002406625 24 0 1 0
1002406828 30 0 1 0
1002406832 39 1 3 3
1002407082 39 1 1 1
1002407116 39 1 1 0
1002407181 42 1 2 1
1002407283 45 1 2 1
1002407432 7 0 1 0
1002407784 41 1 8 2
1002408067 41 1 7 2
1002408516 29 0 1 0
1002408565 41 1 1 3
1002408922 41 1 3 3
1002408934 39 1 1 1
1002409101 38 1 1 1
1002409599 42 1 2 0
1002409797 37 1 4 3
1002409956 44 1 2 0
1002410507 41 1 4 3
1002411009 22 0 1 0
1002411941 41 1 8 3
1002412242 45 1 2 0
1002413428 39 1 1 0
1002413735 37 1 3 2
1002414751 38 1 2 2
1002414819 21 0 1 1
1002414838 33 1 3 3
1002415365 41 1 7 3
1002415726 39 1 3 2
1002415785 24 0 1 1
1002415872 5 0 1 0
1002416556 39 1 4 2
1002416697 38 1 1 0
1002417230 29 0 1 1
1002417888 39 1 2 3
1002418053 37 1 1 2
1002418123 37 1 4 2
1002418237 37 1 1 3
1002418299 38 1 2 3
1002418340 30 0 1 1
1002418588 39 1 1 2
1002418919 37 1 5 2
1002419040 28 0 1 0
1002419087 41 1 6 1
1002419157 22 0 1 1
1002419271 41 1 6 0
1002419385 24 0 1 0
1002419814 41 1 8 1
1002420016 39 1 3 3
1002420049 23 0 1 1
1002420585 37 1 1 2
1002420628 39 1 4 3
1002420729 37 1 1 3
1002420769 37 1 4 3
1002421087 41 1 7 2
1002421169 35 1 2 2
1002421613 37 1 3 3
1002421619 41 1 6 1
1002421628 29 0 1 0
1002421763 41 1 6 0
1002421778 41 1 4 2
1002421894 30 0 1 0
1002422121 38 1 1 1
1002422203 12 0 1 1
1002422533 22 0 1 0
1002422812 45 1 2 1
1002422935 35 1 2 3
1002423301 37 1 5 3
1002423451 21 0 1 0
1002423845 35 1 2 2
1002424048 41 1 3 2
1002424155 12 0 1 0
1002424335 23 0 1 0
1002424767 35 1 2 3
1002425040 39 1 1 3
1002425047 12 0 1 1
1002425082 44 1 2 1
1002425383 41 1 4 3
1002425488 39 1 4 2
1002425504 33 1 5 2
1002425770 41 1 8 2
1002425987 12 0 1 0
1002426106 39 1 2 2
1002426417 45 1 2 0
1002426538 7 0 1 1
1002426708 33 1 5 3
1002426744 41 1 8 0
1002426804 39 1 1 1
1002427119 41 1 8 3
1002427140 28 0 1 1
1002427192 33 1 3 2
1002427232 30 0 1 1
1002427742 7 0 1 0
1002428036 33 1 5 2
1002428121 41 1 7 3
1002428226 5 0 1 1
1002428342 33 1 5 3
1002428622 39 1 1 0
1002428935 38 1 2 2
1002429070 7 0 1 1
1002429155 38 1 1 0
1002429367 38 1 2 3
1002429376 7 0 1 0
1002429551 37 1 4 2
1002429965 37 1 1 2
1002429969 24 0 1 1
1002430087 38 1 2 2
1002430109 37 1 1 3
1002430401 24 0 1 0
1002430622 39 1 3 2
1002430659 22 0 1 1
1002430809 37 1 1 2
1002430999 41 1 6 1
1002431007 35 1 1 2
1002431121 24 0 1 1
1002431142 41 1 3 3
1002431143 41 1 6 0
1002431202 39 1 2 3
1002431365 35 1 2 2
1002431435 37 1 5 2
1002431843 41 1 6 1
1002431855 35 1 2 3
1002431941 37 1 5 3
1002432041 40 1 8 1
1002432174 29 0 1 1
1002432176 44 1 2 0
1002432209 35 1 2 2
1002432327 37 1 5 2
1002432544 28 0 1 0
1002432585 37 1 1 3
1002432747 35 1 2 3
1002433034 39 1 3 3
1002433075 12 0 1 1
1002433109 12 0 1 0
1002433213 23 0 1 1
1002433295 23 0 1 0
1002433425 23 0 1 1
1002433619 41 1 6 0
1002433687 35 1 1 3
1002433884 39 1 4 3
1002434083 12 0 1 1
1002434117 12 0 1 0
1002434217 41 1 4 2
1002434479 38 1 2 3
1002434569 37 1 5 3
1002434836 29 0 1 0
1002434931 40 1 8 0
1002435224 30 0 1 0
1002435267 41 1 7 2
1002435513 24 0 1 0
1002435804 41 1 3 2
1002435845 35 1 2 2
1002435889 45 1 2 1
1002436011 23 0 1 0
1002436151 41 1 7 3
1002436301 38 1 1 1
1002436315 35 1 2 3
1002436614 41 1 8 2
1002436689 35 1 2 2
1002436805 37 1 4 3
1002436838 44 1 2 1
1002436995 41 1 8 3
1002437003 41 1 7 2
1002437185 38 1 1 0
1002437583 12 0 1 1
1002437617 12 0 1 0
1002437626 33 1 3 3
1002437667 35 1 1 2
1002437672 39 1 1 1
1002438185 22 0 1 0
1002438446 41 1 8 2
1002438471 41 1 5 2
1002438495 12 0 1 1
1002438511 38 1 1 1
1002438516 39 1 1 2
1002438557 41 1 5 3
1002438598 39 1 1 0
1002438991 35 1 1 3
1002439110 33 1 5 2
1002439204 5 0 1 0
1002439314 33 1 5 3
1002439356 39 1 3 2
1002439411 40 1 8 1
1002439524 39 1 1 1
1002439527 41 1 7 3
1002439543 35 1 1 2
1002439550 41 1 8 1
1002439701 36 1 1 1
1002439735 36 1 1 0
1002440011 41 1 7 2
1002440144 7 0 1 1
1002440337 40 1 8 0
1002440348 7 0 1 0
1002440482 39 1 2 2
1002440846 33 1 5 2
1002441002 33 1 5 3
1002441018 29 0 1 1
1002441215 40 1 8 1
1002441241 38 1 1 0
1002441263 41 1 7 3
1002441275 38 1 1 1
1002441528 39 1 4 2
1002442164 28 0 1 1
1002442297 38 1 1 0
1002442303 41 1 4 3
1002442385 7 0 1 1
1002442419 7 0 1 0
1002442534 33 1 5 2
1002442694 39 1 1 3
1002442864 30 0 1 1
1002442909 37 1 3 2
1002443337 45 1 2 0
1002443499 35 1 1 3
1002443515 37 1 4 2
1002443568 7 0 1 1
1002443728 41 1 8 0
1002443753 37 1 4 3
1002443907 37 1 5 2
1002444145 21 0 1 1
1002444178 35 1 2 3
1002444401 37 1 5 3
1002444549 22 0 1 1
1002444575 40 1 8 0
1002444620 41 1 3 3
1002444639 41 1 8 3
1002444787 22 0 1 0
1002445467 12 0 1 0
1002445631 23 0 1 1
1002445643 37 1 5 2
1002445654 44 1 2 0
1002445665 23 0 1 0
1002446498 39 1 1 0
1002446910 33 1 5 3
1002447177 23 0 1 1
1002447321 37 1 5 3
1002447379 37 1 5 2
1002447944 7 0 1 0
1002448621 37 1 3 3
1002448961 23 0 1 0
1002448995 23 0 1 1
1002449126 39 1 3 3
1002449768 39 1 4 3
1002449788 33 1 5 2
1002450018 39 1 2 3
1002450035 35 1 1 2
1002450219 37 1 5 3
1002450279 21 0 1 0
1002450286 33 1 5 3
1002450538 33 1 3 2
1002450768 29 0 1 0
1002450822 7 0 1 1
1002450899 33 1 1 2
1002451052 30 0 1 0
1002451208 28 0 1 0
1002451253 23 0 1 0
1002451320 7 0 1 0
1002451479 35 1 1 3
1002451572 5 0 1 1
1002451711 40 1 8 1
1002451974 33 1 1 3
1002452510 40 1 6 1
1002452661 40 1 8 0
1002453008 40 1 6 0
1002453979 37 1 4 2
1002454505 35 1 1 2
1002455209 22 0 1 1
1002456194 39 1 3 2
1002456219 40 1 8 1
1002456226 41 1 8 2
1002456341 41 1 7 2
1002456538 39 1 2 2
1002456599 41 1 8 3
1002457070 41 1 3 2
1002457118 41 1 8 2
1002457179 41 1 3 3
1002457260 39 1 1 1
1002457274 39 1 4 2
1002457572 28 0 1 1
1002457602 29 0 1 1
1002457723 35 1 1 3
1002457965 38 1 1 1
1002458035 35 1 1 2
1002458104 44 1 2 1
1002458138 39 1 1 0
1002458172 39 1 1 1
1002458248 44 1 2 0
1002458367 33 1 5 2
1002458567 35 1 1 3
1002458710 39 1 5 2
1002458715 35 1 2 2
1002458895 40 1 8 0
1002458948 39 1 5 3
1002459032 30 0 1 1
1002459294 35 1 2 3
1002459401 7 0 1 1
1002459744 31 0 1 1
1002459749 12 0 1 1
1002459773 40 1 8 1
1002459807 40 1 8 0
1002459982 31 0 1 0
1002460023 41 1 7 3
1002460060 33 1 1 2
1002460398 39 1 5 2
1002460414 33 1 1 3
1002460437 37 1 4 3
1002460612 39 1 5 3
1002460631 12 0 1 0
1002461057 38 1 1 0
1002461094 40 1 6 1
1002461432 31 0 1 1
1002461448 40 1 6 0
1002461646 31 0 1 0
1002462057 22 0 1 0
1002462392 39 1 1 2
1002462489 35 1 3 2
1002462555 41 1 8 3
1002462750 39 1 1 3
1002462946 33 1 3 3
1002463426 41 1 8 1
1002463590 33 1 1 2
1002463774 39 1 5 2
1002463784 41 1 8 0
1002463980 5 0 1 0
1002464199 13 0 1 1
1002464331 39 1 1 0
1002464486 39 1 4 3
1002464634 33 1 1 3
1002464700 39 1 5 3
1002464808 31 0 1 1
1002464926 40 1 6 1
1002465634 35 1 3 3
1002465700 30 0 1 0
1002466115 39 1 3 3
1002466223 31 0 1 0
1002466469 40 1 6 0
1002466668 13 0 1 0
1002467208 29 0 1 0
1002469037 37 1 3 2
1002469661 37 1 5 2
1002469721 37 1 3 3
1002470689 21 0 1 1
1002470821 37 1 5 3
1002470869 37 1 3 2
1002471097 23 0 1 1
1002471371 39 1 2 3
1002471386 33 1 5 3
1002471445 37 1 5 2
1002471615 21 0 1 0
1002471811 41 1 4 2
1002471855 23 0 1 0
1002472371 41 1 8 2
1002472405 28 0 1 0
1002472420 7 0 1 0
1002472541 21 0 1 1
1002472845 45 1 2 1
1002472891 23 0 1 1
1002473187 41 1 4 3
1002473325 37 1 5 3
1002473405 39 1 1 1
1002473451 41 1 4 2
1002473699 37 1 5 2
1002474249 45 1 2 0
1002474295 41 1 1 2
1002474467 41 1 1 3
1002474485 45 1 2 1
1002474550 39 1 4 2
1002474613 23 0 1 0
1002474733 23 0 1 1
1002474971 41 1 4 3
1002475093 39 1 2 2
1002475310 39 1 3 2
1002475329 42 1 2 1
1002475501 42 1 2 0
1002475949 30 0 1 1
1002475952 33 1 3 2
1002476009 45 1 2 0
1002476127 28 0 1 1
1002476211 37 1 4 2
1002476814 29 0 1 1
1002476857 35 1 3 2
1002476893 37 1 5 3
1002476986 5 0 1 1
1002477063 41 1 7 2
1002477245 22 0 1 1
1002477317 37 1 3 3
1002477843 41 1 8 3
1002478137 23 0 1 0
1002478458 39 1 1 2
1002478567 13 0 1 1
1002478685 38 1 1 1
1002478771 21 0 1 0
1002479492 41 1 8 1
1002479531 41 1 7 3
1002479663 39 1 1 0
1002481064 33 1 5 2
1002481097 39 1 1 3
1002481327 38 1 1 0
1002481514 33 1 5 3
1002481690 35 1 3 3
1002481914 39 1 4 3
1002482112 7 0 1 1
1002482385 41 1 8 0
1002482688 41 1 4 2
1002482724 13 0 1 0
1002482975 30 0 1 0
1002483169 39 1 2 3
1002483171 41 1 7 2
1002483229 7 0 1 0
1002483644 33 1 5 2
1002483722 45 1 2 1
1002484109 39 1 3 3
1002484203 28 0 1 0
1002484205 38 1 1 1
1002484678 7 0 1 1
1002484913 37 1 4 3
1002485528 29 0 1 0
1002486578 33 1 3 3
1002486677 22 0 1 0
1002487223 41 1 4 3
1002487612 5 0 1 0
1002488115 41 1 7 3
1002488257 45 1 2 0
1002489149 38 1 1 0
1002490041 39 1 4 2
1002490062 39 1 3 2
1002490161 39 1 3 3
1002490545 39 1 2 2
1002490954 39 1 3 2
1002491075 30 0 1 1
1002491566 29 0 1 1
1002491600 29 0 1 0
1002491925 35 1 3 2
1002492033 37 1 3 2
1002492033 28 0 1 1
1002492478 29 0 1 1
1002492486 33 1 5 3
1002492881 37 1 5 2
1002492917 37 1 5 3
1002492947 37 1 4 2
1002492959 13 0 1 1
1002493353 37 1 4 3
1002493597 7 0 1 0
1002493849 39 1 1 2
1002493861 21 0 1 1
1002493959 23 0 1 1
1002493993 23 0 1 0
1002494391 39 1 1 3
1002494617 37 1 5 2
1002494795 22 0 1 1
1002494829 22 0 1 0
1002495455 33 1 5 2
1002495655 41 1 8 1
1002495737 41 1 8 0
1002495794 39 1 4 3
1002495813 23 0 1 1
1002496333 37 1 5 3
1002496489 7 0 1 1
1002496706 33 1 5 3
1002496854 35 1 3 3
1002497143 33 1 5 2
1002497159 39 1 2 3
1002497161 30 0 1 0
1002497293 37 1 5 2
1002497537 33 1 1 2
1002497550 33 1 1 3
1002497631 23 0 1 0
1002497888 13 0 1 0
1002497961 7 0 1 0
1002497967 41 1 7 2
1002498117 37 1 5 3
1002498177 7 0 1 1
1002498193 28 0 1 0
1002498327 23 0 1 1
1002498541 41 1 4 2
1002498740 33 1 3 2
1002498991 39 1 3 3
1002499001 38 1 1 1
1002499003 41 1 8 2
1002499205 23 0 1 0
1002499290 40 1 6 1
1002499324 40 1 6 0
1002499575 45 1 2 1
1002499774 5 0 1 1
1002500105 37 1 3 3
1002500175 39 1 1 1
1002500300 29 0 1 0
1002500591 33 1 1 2
1002500823 41 1 7 3
1002500926 33 1 5 3
1002501683 21 0 1 0
1002501779 40 1 6 1
1002502469 7 0 1 0
1002502471 38 1 1 0
1002502567 37 1 4 2
1002502665 39 1 2 2
1002503458 33 1 1 3
1002503465 39 1 4 2
1002503601 22 0 1 1
1002503894 39 1 3 2
1002503897 28 0 1 1
1002504041 41 1 8 3
1002504071 41 1 4 3
1002504492 40 1 6 0
1002504587 39 1 1 2
1002504729 30 0 1 1
1002505105 45 1 2 0
1002505443 39 1 1 3
1002505590 29 0 1 1
1002505609 39 1 1 0
1002505609 39 1 3 3
1002505621 41 1 8 1
1002506525 41 1 8 0
1002506618 39 1 3 2
1002507360 29 0 1 0
1002507393 39 1 1 2
1002507427 39 1 3 3
1002508286 29 0 1 1
1002508427 41 1 8 1
1002508522 33 1 3 3
1002509164 29 0 1 0
1002509389 37 1 4 3
1002509556 5 0 1 0
1002509663 39 1 5 2
1002510235 33 1 5 2
1002510373 41 1 4 2
1002510697 31 0 1 1
1002510825 22 0 1 0
1002510947 39 1 2 3
1002511002 39 1 5 3
1002511269 7 0 1 1
1002511407 45 1 2 1
1002511645 35 1 3 2
1002511780 39 1 4 3
1002511981 28 0 1 0
1002512036 31 0 1 0
1002512109 41 1 7 2
1002512453 41 1 3 2
1002512679 13 0 1 1
1002512791 41 1 8 2
1002512880 30 0 1 0
1002513143 38 1 1 1
1002513375 41 1 5 2
1002513487 44 1 2 1
1002513516 39 1 1 3
1002513825 39 1 1 1
1002513936 41 1 1 2
1002514453 37 1 4 2
1002514609 41 1 8 0
1002514821 36 1 1 1
1002514970 42 1 2 1
1002515434 39 1 3 2
1002515490 35 1 3 3
1002515620 33 1 3 2
1002515747 37 1 5 2
1002515889 22 0 1 1
1002516118 33 1 3 3
1002516453 39 1 1 2
1002516654 5 0 1 1
1002516749 41 1 1 3
1002516873 37 1 3 2
1002516875 13 0 1 0
1002517115 37 1 4 3
1002517130 29 0 1 1
1002517152 5 0 1 0
1002517175 23 0 1 1
1002517237 41 1 3 3
1002517249 39 1 2 2
1002517308 33 1 3 2
1002517485 41 1 4 3
1002517504 41 1 8 1
1002517593 41 1 5 3
1002517783 42 1 2 0
1002517975 37 1 5 3
1002518083 21 0 1 1
1002518258 39 1 4 2
1002518271 44 1 2 0
1002518342 5 0 1 1
1002518379 28 0 1 1
1002518519 45 1 2 0
1002518650 33 1 3 3
1002518758 39 1 1 3
1002518783 22 0 1 0
1002518944 39 1 5 2
1002519041 23 0 1 0
1002519170 39 1 5 3
1002519326 30 0 1 1
1002519329 41 1 7 3
1002519363 36 1 1 0
1002519684 5 0 1 0
1002519792 41 1 8 0
1002519840 33 1 3 2
1002519978 31 0 1 1
1002520099 41 1 8 3
1002520211 31 0 1 0
1002520363 38 1 1 0
1002520874 5 0 1 1
1002521670 39 1 1 0
1002522026 33 1 5 3
1002522049 37 1 3 3
1002523060 7 0 1 0
1002523373 21 0 1 0
1002524014 39 1 4 3
1002525048 30 0 1 0
1002526062 39 1 3 3
1002527155 41 1 3 2
1002527628 29 0 1 0
1002527906 41 1 8 2
1002528007 41 1 4 2
1002528127 41 1 8 3
1002528189 44 1 2 1
1002528477 37 1 4 2
1002528737 37 1 3 2
1002528801 37 1 3 3
1002529485 35 1 3 2
1002529684 39 1 1 1
1002529718 39 1 1 0
1002529771 22 0 1 1
1002529832 45 1 2 1
1002529899 21 0 1 1
1002529933 21 0 1 0
1002530457 37 1 5 2
1002530466 33 1 3 3
1002530489 37 1 5 3
1002530519 13 0 1 1
1002530654 35 1 3 3
1002530943 41 1 7 2
1002531366 39 1 2 3
1002531491 23 0 1 1
1002531500 5 0 1 0
1002531525 23 0 1 0
1002531688 13 0 1 0
1002531698 41 1 7 3
1002531977 38 1 1 1
1002532238 41 1 3 3
1002532686 28 0 1 0
1002532732 38 1 1 0
1002533085 37 1 5 2
1002533272 44 1 2 0
1002533383 41 1 4 3
1002533590 37 1 5 3
1002534119 23 0 1 1
1002534585 45 1 2 0
1002534709 37 1 4 3
1002534784 39 1 4 2
1002535080 33 1 5 2
1002535171 23 0 1 0
1002536114 7 0 1 1
1002536232 39 1 2 2
1002536360 22 0 1 0
1002536572 30 0 1 1
1002536622 39 1 3 2
1002537266 28 0 1 1
1002537506 39 1 1 2
1002537886 29 0 1 1
1002538549 37 1 3 2
1002538596 41 1 8 1
1002538703 37 1 5 2
1002538929 37 1 5 3
1002539344 39 1 5 2
1002539736 21 0 1 1
1002539737 23 0 1 1
1002539963 23 0 1 0
1002540023 41 1 7 2
1002540276 41 1 3 2
1002540391 37 1 5 2
1002540649 41 1 4 2
1002540924 39 1 5 3
1002541057 38 1 1 1
1002541078 41 1 7 3
1002541120 31 0 1 1
1002541164 39 1 3 3
1002541310 44 1 2 1
1002541364 37 1 5 3
1002541380 39 1 1 3
1002541711 41 1 7 2
1002541784 33 1 3 2
1002541880 23 0 1 1
1002541958 31 0 1 0
1002542112 38 1 1 0
1002542116 41 1 8 2
1002542127 37 1 5 2
1002542258 45 1 2 1
1002542272 39 1 4 3
1002542380 29 0 1 0
1002542582 37 1 4 2
1002542745 38 1 1 1
1002542758 23 0 1 0
1002542781 41 1 1 2
1002542818 5 0 1 1
1002543042 41 1 8 0
1002543099 41 1 8 3
1002543149 37 1 4 3
1002543150 39 1 1 1
1002543161 23 0 1 1
1002543610 41 1 1 3
1002543616 22 0 1 1
1002543646 30 0 1 0
1002543815 42 1 2 1
1002543993 37 1 3 3
1002544183 22 0 1 0
1002544454 41 1 7 3
1002544644 42 1 2 0
1002544918 37 1 5 3
1002544920 39 1 1 0
1002544920 39 1 2 3
1002545488 38 1 1 0
1002545658 33 1 5 3
1002545727 41 1 4 3
1002545870 21 0 1 0
1002545896 41 1 3 3
1002546244 23 0 1 0
1002546524 28 0 1 0
1002546930 44 1 2 0
1002547397 7 0 1 0
1002547548 45 1 2 0
1002548682 37 1 4 2
1002548932 37 1 5 2
1002549512 37 1 3 2
1002549716 22 0 1 1
1002549804 37 1 5 3
1002549901 37 1 3 3
1002550594 23 0 1 1
1002550722 33 1 3 3
1002550804 21 0 1 1
1002551472 23 0 1 0
1002551682 21 0 1 0
1002551748 39 1 4 2
1002551756 5 0 1 0
1002553164 39 1 2 2
1002553324 30 0 1 1
1002553708 41 1 8 2
1002553834 41 1 8 3
1002553934 41 1 3 2
1002553984 33 1 1 2
1002554198 28 0 1 1
1002554444 33 1 3 2
1002554504 41 1 4 2
1002554910 39 1 1 1
1002554944 39 1 1 0
1002554968 44 1 2 1
1002555478 5 0 1 1
1002555586 45 1 2 1
1002555786 33 1 1 3
1002555842 40 1 6 1
1002556239 33 1 1 2
1002556420 39 1 2 3
1002556820 40 1 6 0
1002556981 33 1 5 2
1002557273 40 1 6 1
1002557372 41 1 8 2
1002557544 28 0 1 0
1002557546 41 1 3 3
1002558015 7 0 1 1
1002558023 41 1 8 3
1002558184 39 1 4 3
1002558341 37 1 4 3
1002558546 39 1 1 1
1002558580 44 1 2 0
1002559204 41 1 8 2
1002559375 22 0 1 0
1002559390 39 1 1 2
1002559410 30 0 1 0
1002559472 39 1 1 0
1002559903 41 1 8 3
1002560280 39 1 3 2
1002560372 41 1 4 3
1002560424 41 1 8 1
1002560494 39 1 1 1
1002560850 33 1 3 3
1002561038 39 1 3 3
1002561372 39 1 1 0
1002561435 40 1 4 2
1002561846 29 0 1 1
1002561884 5 0 1 0
1002561915 40 1 5 2
1002562064 39 1 3 2
1002562157 45 1 2 0
1002562208 41 1 8 2
1002562330 39 1 2 2
1002562820 29 0 1 0
1002562901 45 1 1 1
1002562949 32 1 1 1
1002563004 41 1 3 2
1002563242 39 1 1 1
1002563352 37 1 3 2
1002563382 33 1 1 3
1002563487 40 1 5 3
1002563650 37 1 5 2
1002563698 29 0 1 1
1002563930 39 1 4 2
1002564000 37 1 5 3
1002564038 44 1 2 1
1002564142 28 0 1 1
1002564416 40 1 6 0
1002564487 35 1 1 2
1002564501 40 1 5 2
1002564521 32 1 1 0
1002564787 41 1 5 2
1002565000 21 0 1 1
1002565046 39 1 5 2
1002565093 37 1 3 3
1002565230 23 0 1 1
1002565312 23 0 1 0
1002565386 37 1 5 2
1002565484 39 1 5 3
1002565507 41 1 1 2
1002565535 32 1 1 1
1002565592 30 0 1 1
1002565737 41 1 4 2
1002565983 40 1 8 1
1002566028 37 1 3 2
1002566080 31 0 1 1
1002566085 41 1 8 3
1002566145 36 1 1 1
1002566218 39 1 1 3
1002566420 23 0 1 1
1002566480 35 1 2 2
1002566518 31 0 1 0
1002566541 42 1 2 1
1002566590 41 1 1 3
1002566770 21 0 1 0
1002566830 45 1 2 1
1002566996 40 1 4 3
1002567119 39 1 1 0
1002567252 41 1 8 0
1002567267 40 1 5 3
1002567602 33 1 5 3
1002567624 42 1 2 0
1002567648 21 0 1 1
1002567815 12 0 1 1
1002567963 39 1 3 3
1002568235 35 1 1 3
1002568301 32 1 1 0
1002568445 45 1 1 0
1002568940 41 1 3 3
1002569030 7 0 1 0
1002569036 29 0 1 0
1002569551 40 1 8 0
1002569974 44 1 2 0
1002570839 37 1 4 2
1002570959 35 1 2 3
1002571001 37 1 5 3
1002571520 41 1 5 3
1002571531 39 1 2 3
1002571873 22 0 1 1
1002572227 12 0 1 0
1002572256 39 1 4 3
1002572609 37 1 4 3
1002572662 28 0 1 0
1002572689 37 1 3 3
1002572717 23 0 1 0
1002573012 33 1 3 2
1002573219 36 1 1 0
1002573602 30 0 1 0
1002573784 22 0 1 0
1002573878 21 0 1 0
1002574003 41 1 4 3
1002574046 5 0 1 1
1002574354 33 1 3 3
1002574700 33 1 3 2
1002575037 45 1 2 0
1002575388 5 0 1 0
1002575754 5 0 1 1
1002576278 41 1 3 2
1002577312 44 1 2 1
1002579052 37 1 4 2
1002579441 37 1 4 3
1002580228 22 0 1 1
1002580262 33 1 3 3
1002580475 22 0 1 0
1002580788 37 1 4 2
1002581296 5 0 1 0
1002581822 22 0 1 1
1002582199 41 1 5 2
1002582837 41 1 4 2
1002583231 34 1 5 2
1002583871 45 1 2 1
1002583909 36 1 1 1
1002584139 36 1 4 2
1002584797 11 0 1 1
1002585173 18 0 1 1
1002585272 39 1 4 2
1002585863 41 1 8 2
1002586044 39 1 1 2
1002586576 39 1 1 3
1002586816 30 0 1 1
1002586910 41 1 3 3
1002586990 41 1 4 3
1002587018 39 1 1 1
1002587308 33 1 5 2
1002587360 33 1 3 2
1002587454 41 1 7 2
1002587681 41 1 8 1
1002587715 41 1 8 0
1002587828 39 1 3 2
1002587834 41 1 7 3
1002587858 33 1 3 3
1002587862 39 1 1 2
1002587881 37 1 4 3
1002587944 44 1 2 0
1002588024 45 1 2 0
1002588342 7 0 1 1
1002588394 5 0 1 1
1002588394 39 1 1 3
1002588488 38 1 1 1
1002588504 39 1 2 2
1002588868 38 1 1 0
1002588892 5 0 1 0
1002588896 41 1 8 1
1002589048 33 1 3 2
1002589187 35 1 1 2
1002589394 29 0 1 1
1002589404 34 1 5 3
1002589428 41 1 8 0
1002589538 28 0 1 1
1002589545 22 0 1 0
1002589586 41 1 5 3
1002589983 41 1 8 3
1002590082 5 0 1 1
1002590390 33 1 3 3
1002590417 36 1 2 2
1002590538 39 1 1 2
1002590736 33 1 3 2
1002590753 11 0 1 0
1002590983 36 1 1 0
1002591055 40 1 8 1
1002591424 5 0 1 0
1002591451 16 0 1 1
1002591464 39 1 1 0
1002591572 41 1 8 1
1002591730 37 1 3 2
1002591770 5 0 1 1
1002592101 37 1 3 3
1002592102 39 1 1 3
1002592319 35 1 1 3
1002592344 33 1 1 2
1002592659 35 1 1 2
1002592767 36 1 2 3
1002592806 39 1 4 3
1002592827 37 1 5 2
1002592854 37 1 5 3
1002592928 21 0 1 1
1002593342 41 1 8 0
1002593356 41 1 3 2
1002593514 37 1 3 2
1002593717 40 1 8 0
1002593751 40 1 8 1
1002593766 33 1 5 3
1002593801 16 0 1 0
1002593806 21 0 1 0
1002593818 40 1 6 1
1002593890 30 0 1 0
1002594007 35 1 1 3
1002594125 23 0 1 1
1002594136 41 1 4 2
1002594159 23 0 1 0
1002594390 44 1 2 1
1002594515 37 1 5 2
1002594611 41 1 5 2
1002594633 37 1 3 3
1002594780 21 0 1 1
1002594800 7 0 1 0
1002595041 40 1 8 0
1002595066 39 1 3 3
1002595170 45 1 2 1
1002595443 36 1 4 3
1002595549 23 0 1 1
1002595561 35 1 1 2
1002595598 37 1 5 3
1002595958 39 1 2 3
1002596114 41 1 4 3
1002596299 37 1 5 2
1002596417 36 1 1 1
1002596420 29 0 1 0
1002596502 21 0 1 0
1002596508 37 1 3 2
1002596573 18 0 1 0
1002596595 40 1 8 1
1002596647 35 1 1 3
1002596801 23 0 1 0
1002596927 35 1 2 2
1002597142 33 1 3 3
1002597214 41 1 5 3
1002597333 23 0 1 1
1002597404 28 0 1 0
1002597896 45 1 2 0
1002598009 37 1 3 3
1002598047 40 1 8 0
1002598143 12 0 1 1
1002598176 5 0 1 0
1002598283 36 1 1 0
1002598320 21 0 1 1
1002598342 37 1 5 3
1002598659 37 1 5 2
1002598790 41 1 3 3
1002599204 37 1 3 2
1002599342 21 0 1 0
1002599697 37 1 5 3
1002599824 44 1 2 0
1002600122 23 0 1 0
1002600204 23 0 1 1
1002601064 21 0 1 1
1002601141 36 1 2 2
1002601178 23 0 1 0
1002601841 36 1 4 2
1002602131 35 1 2 3
1002602175 16 0 1 1
1002602206 33 1 1 3
1002603022 37 1 5 2
1002603165 12 0 1 0
1002603240 40 1 6 0
1002603459 35 1 1 2
1002603544 40 1 7 2
1002603584 37 1 5 3
1002603633 18 0 1 1
1002603651 37 1 4 2
1002603917 37 1 3 3
1002604493 40 1 8 1
1002604614 39 1 2 2
1002604685 22 0 1 1
1002604733 23 0 1 1
1002604767 23 0 1 0
1002605024 40 1 7 3
1002605084 33 1 3 2
1002605243 34 1 1 1
1002605510 21 0 1 0
1002605744 41 1 4 2
1002605950 40 1 4 2
1002605976 33 1 1 2
1002606070 28 0 1 1
1002606118 5 0 1 1
1002606124 40 1 7 2
1002606311 36 1 2 3
1002606438 39 1 4 2
1002606491 40 1 2 2
1002606533 34 1 5 2
1002606662 34 1 1 0
1002606885 40 1 7 3
1002606912 45 1 2 1
1002607010 40 1 6 1
1002607141 45 1 1 1
1002607171 34 1 1 1
1002607272 34 1 5 3
1002607345 16 0 1 0
1002607413 40 1 5 2
1002607525 43 1 1 1
1002607567 11 0 1 1
1002607919 34 1 1 0
1002608095 36 1 4 3
1002608136 30 0 1 1
1002608243 35 1 1 3
1002608447 32 1 1 1
1002608458 11 0 1 0
1002608506 40 1 7 2
1002608516 41 1 3 2
1002608944 38 1 5 2
1002609129 18 0 1 0
1002609338 39 1 2 3
1002609352 33 1 5 2
1002609543 38 1 5 3
1002609550 44 1 2 1
1002609595 40 1 8 0
1002609751 34 1 1 1
1002609978 27 0 1 1
1002610372 28 0 1 0
1002610375 41 1 4 3
1002610530 7 0 1 1
1002610577 27 0 1 0
1002610632 38 1 5 2
1002611092 39 1 4 3
1002611409 45 1 2 0
1002611666 27 0 1 1
1002611817 36 1 4 2
1002612271 40 1 5 3
1002612334 33 1 1 3
1002612644 30 0 1 0
1002613056 34 1 5 2
1002613201 37 1 4 3
1002613253 18 0 1 1
1002613305 32 1 1 0
1002614090 11 0 1 1
1002614120 34 1 5 3
1002614170 40 1 6 0
1002614170 40 1 7 3
1002614235 22 0 1 0
1002614702 41 1 8 2
1002614866 33 1 5 3
1002615014 40 1 4 3
1002615154 11 0 1 0
1002615204 34 1 1 0
1002615212 38 1 2 2
1002615291 41 1 5 2
1002615340 41 1 3 3
1002615367 34 1 5 2
1002615380 39 1 4 2
1002615710 33 1 3 3
1002615736 39 1 2 2
1002615900 7 0 1 0
1002616048 45 1 1 0
1002616123 36 1 4 3
1002616210 39 1 1 2
1002616246 24 0 1 1
1002616340 39 1 1 1
1002616343 38 1 5 3
1002616374 44 1 2 0
1002616406 11 0 1 1
1002616461 41 1 8 3
1002616617 36 1 1 1
1002616744 5 0 1 0
1002616750 40 1 2 3
1002616770 28 0 1 1
1002617010 39 1 3 2
1002617042 30 0 1 1
1002617377 27 0 1 0
1002617460 41 1 8 1
1002617518 39 1 5 2
1002617569 18 0 1 0
1002617683 35 1 1 2
1002617784 43 1 1 0
1002618055 35 1 1 3
1002618058 37 1 3 2
1002618143 37 1 5 2
1002618158 39 1 1 0
1002618178 29 0 1 1
1002618265 37 1 3 3
1002618365 41 1 4 2
1002618552 31 0 1 1
1002618580 34 1 5 3
1002618950 37 1 3 2
1002619393 21 0 1 1
1002619407 40 1 8 1
1002619427 36 1 4 2
1002619427 21 0 1 0
1002619441 40 1 8 0
1002619614 11 0 1 0
1002619693 23 0 1 1
1002619797 45 1 2 1
1002620263 35 1 1 2
1002620305 21 0 1 1
1002620472 40 1 4 2
1002620491 37 1 4 2
1002620563 38 1 2 3
1002620750 41 1 3 2
1002620786 39 1 3 3
1002620828 39 1 1 3
1002621075 18 0 1 1
1002621210 40 1 4 3
1002621298 39 1 5 3
1002621316 40 1 4 2
1002621597 24 0 1 0
1002621672 39 1 4 3
1002621784 44 1 2 1
1002621828 29 0 1 0
1002621853 22 0 1 1
1002621945 37 1 4 3
1002622035 40 1 4 3
1002622131 40 1 8 1
1002622160 40 1 4 2
1002622160 40 1 7 2
1002622275 37 1 4 2
1002622277 45 1 1 1
1002622311 45 1 1 0
1002622332 31 0 1 0
1002622556 39 1 2 3
1002622609 35 1 2 2
1002622664 41 1 8 0
1002622664 41 1 5 3
1002622979 22 0 1 0
1002622981 36 1 2 2
1002623054 33 1 1 2
1002623176 30 0 1 0
1002623189 45 1 1 1
1002623223 45 1 1 0
1002623242 34 1 1 1
1002623257 45 1 1 1
1002623309 22 0 1 1
1002623391 41 1 4 3
1002623443 35 1 2 3
1002623501 35 1 2 2
1002623590 28 0 1 0
1002623630 37 1 1 2
1002623643 12 0 1 1
1002623773 35 1 2 3
1002623790 40 1 7 3
1002623848 40 1 7 2
1002623990 34 1 5 2
1002624015 16 0 1 1
1002624088 40 1 6 1
1002624345 35 1 2 2
1002624371 35 1 3 2
1002624391 36 1 1 0
1002624556 45 1 2 0
1002624664 41 1 6 1
1002624699 37 1 2 2
1002624903 12 0 1 0
1002624937 12 0 1 1
1002624971 12 0 1 0
1002625038 11 0 1 1
1002625060 34 1 1 0
1002625094 34 1 1 1
1002625227 35 1 2 3
1002625897 12 0 1 1
1002625963 34 1 4 2
1002626167 35 1 1 3
1002626177 13 0 1 1
1002626184 33 1 3 2
1002626195 20 0 1 1
1002626224 34 1 4 3
1002626225 35 1 3 3
1002626823 12 0 1 0
1002626997 10 0 1 1
1002627218 5 0 1 1
1002627220 33 1 5 2
1002627258 10 0 1 0
1002627483 40 1 8 0
1002627920 41 1 8 2
1002627995 13 0 1 0
1002628088 41 1 4 2
1002628116 40 1 2 2
1002628254 7 0 1 1
1002628370 33 1 5 3
1002628428 41 1 1 2
1002628715 37 1 3 3
1002628819 41 1 7 2
1002628851 36 1 4 3
1002628911 41 1 5 2
1002628911 37 1 2 3
1002629098 39 1 1 1
1002629122 45 1 2 1
1002629150 43 1 1 1
1002629404 7 0 1 0
1002629462 42 1 2 1
1002629641 37 1 5 3
1002629713 40 1 5 2
1002629743 36 1 2 3
1002629755 37 1 1 3
1002629853 38 1 1 1
1002629885 18 0 1 0
1002629911 21 0 1 0
1002630058 33 1 1 3
1002630183 34 1 4 2
1002630429 36 1 1 1
1002630593 20 0 1 0
1002630675 23 0 1 0
1002630695 41 1 5 3
1002630747 32 1 1 1
1002630777 16 0 1 0
1002630789 41 1 6 0
1002631092 40 1 6 0
1002631217 10 0 1 1
1002631295 41 1 1 3
1002631666 41 1 3 3
1002631848 40 1 5 3
1002631936 40 1 7 3
1002632170 39 1 4 2
1002632187 41 1 8 3
1002632247 36 1 1 0
1002632329 42 1 2 0
1002632700 44 1 2 0
1002632704 39 1 2 2
1002632882 32 1 1 0
1002633079 41 1 4 3
1002633484 39 1 3 2
1002633592 39 1 1 0
1002633626 30 0 1 1
1002633658 34 1 1 0
1002633943 38 1 2 2
1002634005 37 1 4 3
1002634012 34 1 4 3
1002634113 45 1 2 0
1002634278 33 1 3 3
1002634352 39 1 5 2
1002634357 36 1 4 2
1002634386 39 1 5 3
1002634494 28 0 1 1
1002634550 34 1 5 3
1002634612 40 1 4 3
1002634977 24 0 1 1
1002635046 10 0 1 0
1002635146 29 0 1 1
1002635312 5 0 1 0
1002635355 22 0 1 0
1002635386 31 0 1 1
1002635420 31 0 1 0
1002635449 38 1 5 2
1002635584 11 0 1 0
1002635646 45 1 1 0
1002635901 41 1 7 3
1002635909 18 0 1 1
1002636124 39 1 1 2
1002636368 35 1 1 2
1002636483 27 0 1 1
1002636822 39 1 4 3
1002636935 38 1 1 0
1002637086 39 1 2 3
1002637194 41 1 8 1
1002637240 40 1 2 3
1002637647 40 1 8 1
1002637747 35 1 1 3
1002637810 39 1 1 3
1002638072 30 0 1 0
1002638152 35 1 1 2
1002638274 43 1 1 0
1002638397 38 1 3 2
1002638762 28 0 1 0
1002638856 39 1 3 3
1002638908 41 1 3 2
1002638964 41 1 8 0
1002639127 40 1 8 0
1002639186 40 1 8 1
1002639431 25 0 1 1
1002639443 41 1 5 2
1002639515 38 1 3 3
1002639942 44 1 2 1
1002640071 38 1 5 3
1002640225 41 1 4 2
1002640325 37 1 1 2
1002640388 29 0 1 0
1002640532 33 1 3 2
1002640549 25 0 1 0
1002640689 37 1 3 2
1002640700 41 1 8 2
1002640772 33 1 1 2
1002640781 37 1 4 2
1002640804 33 1 5 2
1002640915 38 1 2 3
1002641009 36 1 1 1
1002641030 33 1 1 3
1002641045 37 1 4 3
1002641103 37 1 5 2
1002641179 41 1 8 3
1002641259 45 1 2 1
1002641311 41 1 5 3
1002641455 27 0 1 0
1002641566 5 0 1 1
1002641675 41 1 6 1
1002641782 39 1 1 1
1002641949 24 0 1 0
1002642070 40 1 6 1
1002642152 40 1 6 0
1002642175 35 1 1 3
1002642241 21 0 1 1
1002642263 37 1 2 2
1002642388 41 1 8 2
1002642396 33 1 5 3
1002642517 37 1 4 2
1002642567 22 0 1 1
1002642601 22 0 1 0
1002642650 7 0 1 1
1002642660 39 1 1 0
1002642707 23 0 1 1
1002642779 36 1 1 0
1002643430 7 0 1 0
1002643575 22 0 1 1
1002643586 39 1 1 1
1002643747 40 1 8 0
1002643815 20 0 1 1
1002643891 41 1 7 2
1002644196 33 1 1 2
1002644515 36 1 4 3
1002644867 40 1 4 2
1002644925 38 1 1 1
1002645080 39 1 2 2
1002645230 40 1 6 1
1002645324 39 1 5 2
1002645443 41 1 8 3
1002645483 40 1 4 3
1002645814 39 1 3 2
1002645848 39 1 5 3
1002645901 45 1 1 1
1002646287 41 1 4 3
1002646335 37 1 3 3
1002646358 31 0 1 1
1002646393 18 0 1 0
1002646517 45 1 1 0
1002646603 40 1 4 2
1002646632 28 0 1 1
1002646762 40 1 7 2
1002646882 31 0 1 0
1002646938 33 1 3 3
1002647052 39 1 4 2
1002647140 39 1 1 0
1002647321 45 1 2 0
1002647327 35 1 1 2
1002647375 37 1 1 3
1002647462 29 0 1 1
1002647531 21 0 1 0
1002647637 45 1 1 1
1002647856 39 1 5 2
1002647972 5 0 1 0
1002648048 34 1 1 1
1002648061 38 1 2 2
1002648071 37 1 5 3
1002648116 41 1 3 3
1002648212 39 1 5 3
1002648267 37 1 2 3
1002648361 40 1 8 1
1002648409 41 1 6 0
1002648618 30 0 1 1
1002648890 31 0 1 1
1002649105 23 0 1 0
1002649150 44 1 2 0
1002649246 31 0 1 0
1002649402 39 1 3 3
1002649459 24 0 1 1
1002649737 35 1 5 2
1002649949 20 0 1 0
1002650097 41 1 7 3
1002650235 35 1 5 3
1002650685 37 1 4 3
1002650749 35 1 2 2
1002651005 38 1 5 2
1002651064 29 0 1 0
1002651131 38 1 1 0
1002651189 15 0 1 1
1002651543 40 1 5 2
1002651648 39 1 2 3
1002651675 36 1 2 2
1002651749 38 1 3 2
1002651807 12 0 1 1
1002651896 39 1 4 3
1002651935 38 1 5 3
1002652019 35 1 1 3
1002652039 27 0 1 1
1002652067 15 0 1 0
1002652159 22 0 1 0
1002652567 36 1 4 2
1002652577 32 1 1 1
1002652693 38 1 5 2
1002652709 16 0 1 1
1002652778 28 0 1 0
1002652779 38 1 5 3
1002652783 25 0 1 1
1002652819 38 1 3 3
1002652826 40 1 2 2
1002652846 33 1 1 3
1002652969 27 0 1 0
1002653016 30 0 1 0
1002653295 40 1 8 0
1002653625 18 0 1 1
1002653727 27 0 1 1
1002653813 27 0 1 0
1002653853 25 0 1 0
1002653860 43 1 1 1
1002654014 40 1 6 0
1002654683 35 1 2 3
1002654983 40 1 4 3
1002655121 41 1 4 2
1002655228 41 1 8 2
1002655257 41 1 8 3
1002655717 12 0 1 0
1002655923 40 1 5 3
1002656058 41 1 3 2
1002656061 37 1 5 2
1002656155 45 1 2 1
1002656155 38 1 2 3
1002656267 37 1 2 2
1002656524 40 1 2 3
1002656798 45 1 1 0
1002657034 39 1 1 1
1002657068 39 1 1 0
1002657092 44 1 2 1
1002657189 24 0 1 0
1002657277 32 1 1 0
1002657291 23 0 1 1
1002657537 37 1 4 2
1002657550 39 1 4 2
1002657558 43 1 1 0
1002657611 40 1 7 3
1002657819 20 0 1 1
1002658142 39 1 2 2
1002658274 39 1 3 2
1002658309 37 1 3 2
1002658571 22 0 1 1
1002658603 37 1 3 3
1002658645 34 1 1 0
1002658696 41 1 4 3
1002658902 39 1 5 2
1002659102 30 0 1 1
1002659176 28 0 1 1
1002659428 29 0 1 1
1002659633 37 1 1 2
1002659727 36 1 2 3
1002659730 45 1 2 0
1002659765 21 0 1 1
1002659847 21 0 1 0
1002659936 31 0 1 1
1002660667 41 1 6 1
1002660761 16 0 1 0
1002660985 37 1 3 2
1002661324 41 1 3 3
1002661384 39 1 5 3
1002661460 39 1 4 3
1002661511 36 1 4 3
1002662358 44 1 2 0
1002662418 31 0 1 0
1002662545 18 0 1 0
1002662557 21 0 1 1
1002662608 30 0 1 0
1002662967 37 1 5 3
1002663071 35 1 1 2
1002663320 33 1 3 2
1002663349 38 1 5 2
1002663349 38 1 2 2
1002663355 41 1 5 2
1002663389 37 1 2 3
1002663661 37 1 3 3
1002663946 33 1 3 3
1002664001 23 0 1 0
1002664188 39 1 3 3
1002664354 5 0 1 1
1002664397 27 0 1 1
1002664791 40 1 8 1
1002664845 20 0 1 0
1002664921 36 1 1 1
1002664980 5 0 1 0
1002665227 24 0 1 1
1002665267 21 0 1 0
1002665552 41 1 4 2
1002665581 37 1 4 3
1002665779 41 1 7 2
1002665852 33 1 3 2
1002665938 29 0 1 0
1002665968 39 1 2 3
1002666077 36 1 4 2
1002666478 33 1 3 3
1002666586 45 1 2 1
1002666615 22 0 1 0
1002666782 41 1 3 2
1002666825 36 1 2 2
1002666872 41 1 8 2
1002666886 5 0 1 1
1002666921 35 1 5 2
1002666936 41 1 1 2
1002666966 38 1 1 1
1002667183 35 1 5 3
1002667214 33 1 1 2
1002667512 5 0 1 0
1002667626 28 0 1 0
1002667787 18 0 1 1
1002667816 44 1 2 1
1002667859 16 0 1 1
1002667970 42 1 2 1
1002668019 38 1 5 3
1002668205 15 0 1 1
1002668239 15 0 1 0
1002668410 39 1 1 1
1002668512 33 1 3 2
1002668679 37 1 1 3
1002668934 40 1 6 1
1002669010 33 1 3 3
1002669053 27 0 1 0
1002669290 41 1 5 3
1002669300 40 1 7 2
1002669546 5 0 1 1
1002669713 41 1 6 0
1002669713 41 1 7 3
1002669859 35 1 1 3
1002669890 33 1 1 3
1002670044 5 0 1 0
1002670439 41 1 4 3
1002670499 36 1 1 0
1002670572 38 1 3 2
1002670696 39 1 4 2
1002670747 38 1 1 0
1002670893 40 1 8 0
1002670924 40 1 6 0
1002670996 34 1 1 1
1002671044 33 1 3 2
1002671379 41 1 1 3
1002671473 45 1 2 0
1002671591 38 1 3 3
1002671606 25 0 1 1
1002672070 30 0 1 1
1002672078 5 0 1 1
1002672160 39 1 2 2
1002672386 33 1 3 3
1002672413 42 1 2 0
1002672625 25 0 1 0
1002672702 39 1 5 2
1002672732 33 1 3 2
1002672858 41 1 3 3
1002672947 37 1 2 2
1002673369 37 1 3 2
1002673420 5 0 1 0
1002673552 40 1 7 3
1002673736 31 0 1 1
1002673766 5 0 1 1
1002673784 28 0 1 1
1002673892 44 1 2 0
1002673992 39 1 3 2
1002674055 41 1 8 3
1002674429 37 1 5 2
1002674451 20 0 1 1
1002674559 37 1 4 2
1002674921 21 0 1 1
1002674933 37 1 1 2
1002675250 29 0 1 1
1002675394 34 1 1 0
1002675396 33 1 1 2
1002675593 23 0 1 1
1002675663 38 1 2 3
1002675724 39 1 1 0
1002675803 36 1 2 3
1002676187 41 1 6 1
1002676307 22 0 1 1
1002676422 39 1 5 3
1002676606 33 1 3 3
1002676697 24 0 1 0
1002676802 40 1 6 1
1002676837 16 0 1 0
1002677450 33 1 1 3
1002677456 31 0 1 0
1002677625 35 1 5 2
1002677640 5 0 1 0
1002677863 37 1 3 3
1002678270 36 1 4 3
1002678463 37 1 2 3
1002678789 37 1 5 3
1002678929 15 0 1 1
1002679098 39 1 3 3
1002679304 18 0 1 0
1002679322 40 1 6 0
1002679463 21 0 1 0
1002679741 20 0 1 0
1002679823 23 0 1 0
1002680184 39 1 4 3
1002680283 41 1 7 2
1002680374 29 0 1 0
1002680456 41 1 4 2
1002680896 41 1 3 2
1002681139 37 1 1 3
1002681164 35 1 1 2
1002681213 36 1 2 2
1002681356 38 1 1 1
1002681455 35 1 5 3
1002681490 45 1 2 1
1002681820 30 0 1 0
1002681930 44 1 2 1
1002681968 39 1 2 3
1002682013 38 1 2 2
1002682028 41 1 8 2
1002682173 41 1 6 0
1002682247 16 0 1 1
1002682261 37 1 4 3
1002682694 41 1 8 3
1002682713 38 1 5 2
1002682759 40 1 8 1
1002682836 36 1 4 2
1002683002 28 0 1 0
1002683047 24 0 1 1
1002683307 38 1 5 3
1002683327 15 0 1 0
1002683545 22 0 1 0
1002683557 38 1 5 2
1002683642 39 1 1 1
1002683747 27 0 1 1
1002683812 41 1 8 2
1002683870 18 0 1 1
1002684159 35 1 1 3
1002684341 27 0 1 0
1002684446 41 1 4 3
1002684519 41 1 8 3
1002684520 39 1 1 0
1002684548 33 1 3 2
1002684591 27 0 1 1
1002684734 33 1 1 2
1002684846 39 1 2 2
1002685193 40 1 8 0
1002685386 41 1 1 2
1002685417 38 1 3 2
1002685430 38 1 1 2
1002685446 39 1 1 1
1002685480 45 1 2 0
1002685582 5 0 1 1
1002685597 41 1 7 3
1002685890 33 1 3 3
1002685935 37 1 5 2
1002686032 40 1 6 1
1002686168 41 1 3 3
1002686303 41 1 1 3
1002686324 39 1 1 0
1002686364 28 0 1 1
1002686420 42 1 2 1
1002686451 25 0 1 1
1002686464 41 1 7 1
1002686500 39 1 3 2
1002686565 35 1 2 2
1002686625 37 1 5 3
1002686631 38 1 1 0
1002686683 38 1 1 3
1002686779 37 1 5 2
1002686787 35 1 2 3
1002686924 5 0 1 0
1002686951 37 1 2 2
1002687190 36 1 2 3
1002687202 44 1 2 0
1002687281 23 0 1 1
1002687337 42 1 2 0
1002687551 37 1 3 2
1002687955 12 0 1 1
1002687989 12 0 1 0
1002688031 37 1 4 2
1002688207 23 0 1 0
1002688224 16 0 1 0
1002688241 23 0 1 1
1002688280 29 0 1 1
1002688301 35 1 2 2
1002688353 38 1 3 3
1002688395 37 1 4 3
1002688443 37 1 3 3
1002688509 41 1 7 0
1002688523 35 1 2 3
1002688551 20 0 1 1
1002688584 39 1 5 2
1002689065 22 0 1 1
1002689129 37 1 1 2
1002689145 35 1 2 2
1002689165 21 0 1 1
1002689387 25 0 1 0
1002689404 39 1 5 3
1002689429 22 0 1 0
1002689618 31 0 1 1
1002689807 12 0 1 1
1002689815 37 1 4 2
1002689841 12 0 1 0
1002689866 36 1 4 3
1002689922 39 1 4 2
1002689926 41 1 5 2
1002690043 21 0 1 0
1002690059 38 1 5 3
1002690163 41 1 6 1
1002690179 12 0 1 1
1002690272 39 1 5 2
1002690438 31 0 1 0
1002690917 18 0 1 0
1002691071 37 1 4 3
1002691093 27 0 1 0
1002691174 39 1 5 3
1002691213 22 0 1 1
1002691282 30 0 1 1
1002691306 31 0 1 1
1002691537 35 1 2 3
1002691674 41 1 3 2
1002691701 36 1 1 1
1002691767 37 1 2 3
1002691772 39 1 2 3
1002691784 41 1 8 2
1002691798 33 1 1 3
1002692139 22 0 1 0
1002692208 31 0 1 0
1002692443 37 1 4 2
1002692484 41 1 4 2
1002692533 41 1 3 3
1002692611 37 1 1 3
1002692639 38 1 2 3
1002692708 44 1 2 1
1002692745 37 1 3 2
1002692949 20 0 1 0
1002692988 33 1 3 2
1002693042 28 0 1 0
1002693355 12 0 1 0
1002693410 41 1 3 2
1002693477 22 0 1 1
1002693494 39 1 1 1
1002693518 45 1 2 1
1002693567 44 1 2 0
1002693584 40 1 6 0
1002693645 41 1 6 0
1002693645 41 1 8 3
1002693673 24 0 1 0
1002693685 37 1 4 3
1002693850 39 1 3 3
1002694022 5 0 1 1
1002694444 44 1 2 1
1002694460 41 1 8 2
1002694465 41 1 5 3
1002694489 21 0 1 1
1002694497 36 1 4 2
1002694529 37 1 3 3
1002694719 22 0 1 0
1002695147 41 1 8 3
1002695174 33 1 3 3
1002695210 29 0 1 0
1002695264 39 1 1 0
1002695421 37 1 5 3
1002695520 33 1 3 2
1002696142 39 1 1 1
1002696147 36 1 1 0
1002696208 5 0 1 0
1002696303 18 0 1 1
1002696355 21 0 1 0
1002696554 5 0 1 1
1002696705 23 0 1 0
1002696912 41 1 4 3
1002697020 39 1 1 0
1002697407 37 1 4 2
1002697946 45 1 2 0
1002698097 38 1 2 2
1002698550 33 1 3 3
1002698600 41 1 3 3
1002698845 38 1 5 2
1002698884 39 1 2 2
1002699055 22 0 1 1
1002699091 37 1 3 2
1002699131 24 0 1 1
1002699253 37 1 2 2
1002699439 38 1 5 3
1002699584 5 0 1 0
1002699634 44 1 2 0
1002699709 37 1 1 2
1002699879 27 0 1 1
1002700450 28 0 1 1
1002700473 27 0 1 0
1002700492 39 1 4 3
1002700705 21 0 1 1
1002700743 41 1 6 1
1002700819 20 0 1 1
1002701377 38 1 5 2
1002701576 33 1 1 2
1002701780 30 0 1 0
1002702272 33 1 3 2
1002702411 27 0 1 1
1002702610 40 1 6 1
1002703306 5 0 1 1
1002703343 41 1 5 2
1002703771 37 1 5 2
1002704805 23 0 1 1
1002704854 41 1 3 2
1002704856 39 1 3 2
1002705048 39 1 2 3
1002705057 37 1 2 3
1002705058 41 1 4 2
1002705067 36 1 4 3
1002705108 41 1 8 2
1002705109 37 1 5 3
1002705149 36 1 1 1
1002705888 44 1 2 1
1002706001 37 1 4 3
1002706092 45 1 2 1
1002706101 18 0 1 0
1002706109 20 0 1 0
1002706143 23 0 1 0
1002706154 28 0 1 0
1002706425 41 1 7 2
1002706456 29 0 1 1
1002706626 39 1 1 1
1002706733 33 1 3 3
1002706893 37 1 3 3
1002707385 22 0 1 0
1002707459 38 1 1 1
1002707652 39 1 5 2
1002707671 37 1 1 3
1002707767 5 0 1 0
1002707927 38 1 5 3
1002707945 36 1 4 2
1002708012 39 1 2 2
1002708578 41 1 1 2
1002708671 21 0 1 0
1002708686 31 0 1 1
1002708705 41 1 6 0
1002708933 36 1 2 2
1002708961 27 0 1 0
1002709522 41 1 8 3
1002709530 28 0 1 1
1002709612 42 1 2 1
1002709615 38 1 2 3
1002709724 18 0 1 1
1002709882 39 1 4 2
1002709967 16 0 1 1
1002710109 33 1 1 3
1002710264 41 1 4 3
1002710338 39 1 3 3
1002710414 41 1 1 3
1002710649 24 0 1 0
1002710746 39 1 4 3
1002711143 40 1 6 0
1002711168 39 1 1 0
1002711204 41 1 3 3
1002711242 30 0 1 1
1002711298 45 1 2 0
1002711448 42 1 2 0
1002711746 29 0 1 0
1002712048 41 1 5 3
1002712129 41 1 7 3
1002712207 37 1 5 2
1002712216 30 0 1 0
1002712238 44 1 2 0
1002713082 36 1 1 0
1002713144 39 1 5 3
1002713163 38 1 1 0
1002713299 23 0 1 1
1002713319 37 1 2 2
1002713559 37 1 4 2
1002714097 37 1 3 2
1002714178 31 0 1 0
1002714715 37 1 3 3
1002714817 37 1 1 2
1002714871 20 0 1 1
1002714977 22 0 1 1
1002715025 38 1 5 2
1002715571 38 1 5 3
1002715649 21 0 1 1
1002715896 38 1 3 2
1002715917 38 1 2 2
1002716023 41 1 6 1
1002716059 27 0 1 1
1002716527 21 0 1 0
1002716602 36 1 2 3
1002716605 27 0 1 0
1002716640 38 1 1 2
1002716713 38 1 5 2
1002716773 37 1 3 2
1002716930 25 0 1 1
1002716951 24 0 1 1
1002717460 39 1 2 3
1002717636 16 0 1 0
1002717747 27 0 1 1
1002718237 37 1 2 3
1002718345 21 0 1 1
1002718417 41 1 7 1
1002719113 37 1 5 3
1002719338 28 0 1 0
1002719378 39 1 4 2
1002719949 38 1 3 3
1002720113 20 0 1 0
1002720121 37 1 3 3
1002720147 23 0 1 0
1002720635 38 1 1 3
1002720882 41 1 3 2
1002720897 37 1 4 3
1002720918 36 1 4 3
1002720947 37 1 1 3
1002720949 41 1 7 2
1002720983 25 0 1 0
1002721028 39 1 4 3
1002721122 30 0 1 1
1002721632 39 1 3 2
1002721827 41 1 7 0
1002721838 41 1 1 2
1002721870 41 1 5 2
1002721916 44 1 2 1
1002721931 22 0 1 0
1002721947 21 0 1 0
1002721952 18 0 1 0
1002721980 41 1 8 2
1002721983 38 1 1 1
1002722047 41 1 6 0
1002722047 41 1 1 3
1002722102 39 1 4 2
1002722872 42 1 2 1
1002722892 30 0 1 0
1002723076 39 1 4 3
1002723081 42 1 2 0
1002723136 29 0 1 1
1002723167 38 1 5 3
1002723450 39 1 1 1
1002723481 41 1 7 3
1002723716 36 1 1 1
1002723810 39 1 2 2
1002723818 30 0 1 1
1002723846 41 1 8 3
1002724201 27 0 1 0
1002724462 39 1 5 2
1002724546 41 1 5 3
1002724696 30 0 1 0
1002724750 39 1 4 2
1002724798 38 1 1 0
1002724844 28 0 1 1
1002724980 36 1 2 2
1002725316 39 1 1 0
1002725496 31 0 1 1
1002725514 39 1 5 3
1002725580 36 1 1 0
1002725589 37 1 3 2
1002725747 38 1 2 3
1002726014 16 0 1 1
1002726201 37 1 3 3
1002726466 30 0 1 1
1002726481 37 1 3 2
1002726548 31 0 1 0
1002726781 24 0 1 0
1002727093 21 0 1 1
1002727136 41 1 3 3
1002727323 37 1 2 2
1002727335 33 1 3 2
1002727833 33 1 3 3
1002727947 37 1 5 2
1002727971 21 0 1 0
1002728005 21 0 1 1
1002728091 37 1 4 2
1002728170 44 1 2 0
1002728369 5 0 1 1
1002728546 33 1 1 2
1002728867 5 0 1 0
1002728932 39 1 4 3
1002728971 20 0 1 1
1002729023 33 1 3 2
1002729100 36 1 2 3
1002729125 23 0 1 1
1002729164 39 1 3 3
1002729825 22 0 1 1
1002729942 40 1 6 1
1002730057 5 0 1 1
1002730134 16 0 1 0
1002730164 30 0 1 0
1002730306 29 0 1 0
1002730365 33 1 1 3
1002730423 38 1 3 2
1002730643 37 1 1 2
1002731205 38 1 2 2
1002731399 40 1 6 0
1002731457 25 0 1 1
1002731677 41 1 6 1
1002732309 37 1 2 3
1002732490 38 1 3 3
1002732797 38 1 5 2
1002733035 24 0 1 1
1002733261 37 1 3 3
1002733296 39 1 2 3
1002733343 38 1 5 3
1002733417 20 0 1 0
1002733524 25 0 1 0
1002733831 27 0 1 1
1002734330 28 0 1 0
1002734377 27 0 1 0
1002734485 38 1 5 2
1002734518 39 1 5 2
1002734585 33 1 3 3
1002734997 37 1 5 3
1002735031 21 0 1 0
1002735174 41 1 3 2
1002735178 41 1 7 2
1002735308 41 1 5 2
1002735519 27 0 1 1
1002735619 5 0 1 0
1002735912 41 1 5 3
1002736031 23 0 1 0
1002736114 31 0 1 1
1002736208 44 1 2 1
1002736236 38 1 1 2
1002736318 38 1 1 1
1002736342 36 1 1 1
1002736733 37 1 4 3
1002736946 36 1 1 0
1002737092 41 1 5 2
1002737246 38 1 3 2
1002737767 22 0 1 0
1002737792 41 1 7 1
1002738280 25 0 1 1
1002738312 39 1 3 2
1002738491 37 1 1 3
1002738588 41 1 5 3
1002738756 41 1 8 2
1002738790 41 1 5 2
1002738898 36 1 1 1
1002739346 29 0 1 1
1002739525 41 1 6 0
1002739776 36 1 1 0
1002739858 36 1 1 1
1002740191 38 1 5 3
1002740466 39 1 1 1
1002740538 39 1 2 2
1002741213 41 1 7 3
1002741225 27 0 1 0
1002741432 41 1 8 3
1002741505 37 1 2 2
1002741612 36 1 4 2
1002742176 41 1 3 3
1002742247 38 1 1 0
1002742310 28 0 1 1
1002742695 35 1 2 2
1002742987 37 1 5 2
1002743023 20 0 1 1
1002743080 39 1 1 0
1002743210 44 1 2 0
1002743472 18 0 1 1
1002743567 38 1 2 3
1002743729 12 0 1 1
1002743896 39 1 5 3
1002743901 37 1 1 2
1002743927 37 1 4 2
1002744021 23 0 1 1
1002744067 35 1 2 3
1002744601 24 0 1 0
1002744779 38 1 3 3
1002744912 39 1 3 3
1002744917 37 1 3 2
1002744930 31 0 1 0
1002744935 41 1 6 1
1002745255 38 1 1 3
1002745757 22 0 1 1
1002745813 25 0 1 0
1002745887 12 0 1 0
1002745946 29 0 1 0
1002746409 37 1 2 3
1002746469 21 0 1 1
1002746657 41 1 7 0
1002747114 36 1 2 2
1002747313 37 1 4 3
1002748145 37 1 1 3
1002748148 16 0 1 1
1002748265 20 0 1 0
1002748359 22 0 1 0
1002748977 38 1 5 2
1002749179 41 1 6 0
1002749312 41 1 5 3
1002749393 38 1 1 2
1002749869 38 1 2 2
1002749989 37 1 3 3
1002750011 27 0 1 1
1002750418 39 1 3 2
1002750452 36 1 1 0
1002750881 37 1 5 3
1002750917 24 0 1 1
1002750959 41 1 7 1
1002751108 39 1 2 3
1002751452 29 0 1 1
1002751711 21 0 1 0
1002751838 39 1 5 2
1002751877 38 1 3 2
1002752095 23 0 1 0
1002752142 28 0 1 0
1002752872 31 0 1 1
1002752911 25 0 1 1
1002752940 39 1 3 3
1002753791 38 1 5 3
1002753831 35 1 2 2
1002753974 29 0 1 0
1002754635 38 1 1 3
1002754825 27 0 1 0
1002755329 37 1 4 2
1002755699 12 0 1 1
1002755818 39 1 3 2
1002756153 41 1 7 0
1002756245 37 1 3 2
1002756363 22 0 1 1
1002756367 37 1 2 2
1002756555 35 1 2 3
1002756648 36 1 2 3
1002756852 29 0 1 1
1002756889 38 1 3 3
1002757639 12 0 1 0
1002757682 16 0 1 0
1002757893 21 0 1 1
1002757904 39 1 4 2
1002757923 25 0 1 0
1002757967 20 0 1 1
1002758317 37 1 5 2
1002758384 36 1 4 3
1002758508 39 1 2 2
1002758855 38 1 2 3
1002759136 39 1 4 3
1002759351 23 0 1 1
1002759396 39 1 5 3
1002759470 30 0 1 1
1002759511 37 1 1 2
1002759595 37 1 3 3
1002760074 28 0 1 1
1002760235 24 0 1 0
1002760242 18 0 1 0
1002760396 30 0 1 0
1002760430 31 0 1 0
1002760487 37 1 5 3
1002760555 41 1 6 1
1002761132 39 1 3 3
1002761399 21 0 1 0
1002761521 23 0 1 0
1002762175 37 1 4 3
1002762222 41 1 3 2
1002762577 38 1 5 2
1002762798 29 0 1 0
1002762824 38 1 1 2
1002762902 36 1 2 2
1002763171 37 1 2 3
1002763209 22 0 1 0
1002763256 44 1 2 1
1002763611 27 0 1 1
1002763781 38 1 2 2
1002763927 41 1 7 1
1002763936 16 0 1 1
1002763987 38 1 3 2
1002764488 39 1 2 3
1002764640 41 1 5 2
1002764945 20 0 1 0
1002765021 25 0 1 1
1002765347 24 0 1 1
1002765440 41 1 8 2
1002765522 28 0 1 0
1002765668 36 1 4 2
1002765674 36 1 1 1
1002766332 41 1 8 3
1002767150 39 1 1 1
1002767186 18 0 1 1
1002767439 37 1 1 3
1002768076 39 1 1 0
1002768230 39 1 5 2
1002768473 41 1 6 0
1002768924 39 1 3 2
1002769079 38 1 5 3
1002769264 31 0 1 1
1002769321 37 1 5 2
1002769501 37 1 3 2
1002769823 38 1 3 3
1002769923 38 1 1 3
1002769958 29 0 1 1
1002770113 27 0 1 0
1002770141 37 1 5 3
1002770161 41 1 5 3
1002770403 23 0 1 1
1002770790 39 1 2 2
1002770857 25 0 1 0
1002771057 37 1 5 2
1002771101 21 0 1 1
1002771175 23 0 1 0
1002771263 37 1 2 2
1002771488 41 1 3 3
1002771701 41 1 7 0
1002771798 36 1 1 0
1002772187 23 0 1 1
1002772522 44 1 2 0
1002772630 28 0 1 1
1002772863 20 0 1 1
1002773733 37 1 4 2
1002774143 38 1 2 3
1002774537 37 1 1 2
1002775177 24 0 1 0
1002775318 36 1 4 3
1002775563 22 0 1 1
1002775571 41 1 6 1
1002775624 39 1 5 3
1002776162 36 1 2 3
1002776516 39 1 3 3
1002776658 31 0 1 0
1002776696 18 0 1 0
1002777044 39 1 2 3
1002777093 37 1 2 3
1002777153 37 1 3 3
1002777196 16 0 1 0
1002777934 29 0 1 0
1002777971 37 1 1 3
1002778045 37 1 5 3
1002778078 28 0 1 0
1002778153 20 0 1 0
1002778971 21 0 1 0
1002779005 41 1 6 0
1002779227 23 0 1 0
1002779663 33 1 3 2
1002780445 38 1 2 2
1002780564 38 1 5 2
1002780697 5 0 1 1
1002781117 38 1 5 3
1002781141 38 1 3 2
1002781230 36 1 4 2
1002781479 24 0 1 1
1002781517 37 1 4 3
1002781598 27 0 1 1
1002782058 41 1 3 2
1002782151 27 0 1 0
1002782175 25 0 1 1
1002782252 38 1 5 2
1002782358 39 1 3 2
1002782370 41 1 5 2
1002782502 39 1 2 2
1002782722 39 1 5 2
1002782727 22 0 1 0
1002782830 18 0 1 1
1002783092 44 1 2 1
1002783311 27 0 1 1
1002783334 41 1 3 3
1002783460 39 1 3 3
1002783490 36 1 1 1
1002783536 28 0 1 1
1002783649 38 1 5 3
1002783756 31 0 1 1
1002784226 29 0 1 1
1002784368 44 1 2 0
1002784381 33 1 3 3
1002784494 29 0 1 0
1002784683 27 0 1 0
1002784938 39 1 3 2
1002785339 37 1 5 2
1002785415 5 0 1 0
1002785477 37 1 4 2
1002785504 38 1 3 3
1002786058 29 0 1 1
1002786241 37 1 2 2
1002786373 23 0 1 1
1002786538 25 0 1 0
1002786976 36 1 1 2
1002787073 37 1 3 2
1002787167 22 0 1 1
1002787496 41 1 5 3
1002787649 37 1 1 2
1002787759 20 0 1 1
1002787930 36 1 1 3
1002787996 41 1 3 2
1002788010 41 1 5 1
1002788238 36 1 1 2
1002788572 39 1 5 3
1002788577 21 0 1 1
1002788587 38 1 2 3
1002788683 41 1 6 1
1002788736 39 1 2 3
1002788936 36 1 3 2
1002788962 36 1 2 2
1002788964 41 1 5 0
1002789030 44 1 2 1
1002789116 36 1 1 0
1002789276 41 1 5 1
1002789606 31 0 1 0
1002789666 36 1 3 3
1002789970 17 0 1 1
1002789996 16 0 1 1
1002790093 24 0 1 0
1002790326 28 0 1 0
1002790624 36 1 3 2
1002790700 17 0 1 0
1002790960 41 1 5 2
1002791152 39 1 3 3
1002791171 37 1 5 3
1002791591 38 1 5 2
1002791658 17 0 1 1
1002791994 36 1 1 1
1002792015 37 1 4 3
1002792037 37 1 2 3
1002792186 29 0 1 0
1002792205 23 0 1 0
1002792638 41 1 1 2
1002793042 36 1 1 3
1002793049 22 0 1 0
1002793304 41 1 8 2
1002793448 41 1 7 2
1002793455 27 0 1 1
1002793672 42 1 2 1
1002793687 38 1 2 2
1002793773 37 1 1 3
1002793833 37 1 3 3
1002793893 20 0 1 0
1002794076 41 1 5 0
1002794076 41 1 1 3
1002794292 41 1 7 3
1002794482 38 1 1 1
1002794807 41 1 6 0
1002794822 39 1 1 1
1002794908 39 1 2 2
1002795253 24 0 1 1
1002795268 38 1 3 2
1002795326 38 1 1 0
1002795466 42 1 2 0
1002795651 21 0 1 0
1002795651 41 1 8 3
1002795670 39 1 5 2
1002795718 39 1 3 2
1002795736 41 1 5 3
1002795942 28 0 1 1
1002796170 38 1 3 3
1002796302 25 0 1 1
1002796418 36 1 3 3
1002796628 41 1 3 3
1002796704 31 0 1 1
1002796736 39 1 1 0
1002796752 29 0 1 1
1002796846 36 1 1 0
1002796932 38 1 1 2
1002797204 25 0 1 0
1002797452 17 0 1 0
1002797662 44 1 2 0
1002798048 41 1 7 1
1002798399 38 1 5 3
1002798630 36 1 4 3
1002799291 38 1 1 3
1002799736 39 1 3 3
1002799795 27 0 1 0
1002799984 18 0 1 0
1002800005 37 1 5 2
1002800185 37 1 3 2
1002800211 37 1 2 2
1002800366 36 1 2 3
1002800614 41 1 7 0
1002800897 37 1 4 2
1002801123 23 0 1 1
1002801128 32 1 5 2
1002801196 39 1 2 3
1002801242 29 0 1 0
1002801400 16 0 1 0
1002801689 21 0 1 1
1002801715 37 1 1 2
1002801811 20 0 1 1
1002801931 22 0 1 1
1002802162 3 0 1 1
1002802230 28 0 1 0
1002802268 39 1 5 3
1002802955 41 1 6 1
1002803302 31 0 1 0
1002803660 32 1 4 2
1002804209 37 1 1 3
1002804694 2 0 1 1
1002805243 41 1 6 0
1002805472 32 1 5 3
1002805606 41 1 3 2
1002805993 37 1 2 3
1002806283 38 1 2 3
1002806302 36 1 4 2
1002806506 3 0 1 0
1002806640 44 1 2 1
1002806945 37 1 5 3
1002807101 20 0 1 0
1002807416 39 1 3 2
1002807758 18 0 1 1
1002807789 37 1 4 3
1002807881 24 0 1 0
1002807979 23 0 1 0
1002808004 32 1 4 3
1002808080 41 1 3 3
1002808186 41 1 3 2
1002808450 29 0 1 1
1002808823 22 0 1 0
1002809038 2 0 1 0
1002809114 44 1 2 0
1002809220 44 1 2 1
1002809282 39 1 2 2
1002809366 39 1 5 2
1002810316 28 0 1 1
1002810400 31 0 1 1
1002810417 37 1 3 3
1002810756 41 1 3 3
1002811790 44 1 2 0
1002812187 21 0 1 0
1002812614 36 1 4 3
1002813091 38 1 5 2
1002813432 39 1 3 3
1002813756 38 1 1 2
1002813796 18 0 1 0
1002814297 37 1 2 2
1002814478 29 0 1 0
1002814632 32 1 5 2
1002814790 41 1 7 1
1002814863 27 0 1 1
1002814899 38 1 2 2
1002815575 37 1 1 2
1002815666 3 0 1 1
1002815815 20 0 1 1
1002815875 37 1 4 2
1002816551 37 1 4 3
1002816609 41 1 6 1
1002816719 37 1 5 2
1002816743 24 0 1 1
1002816909 22 0 1 1
1002817204 39 1 2 3
1002817395 37 1 5 3
1002817585 22 0 1 0
1002817659 37 1 4 2
1002817700 39 1 5 3
1002817753 23 0 1 1
1002817975 38 1 1 3
1002818132 32 1 5 3
1002818429 23 0 1 0
1002818455 37 1 5 2
1002818734 31 0 1 0
1002818890 28 0 1 0
1002819009 41 1 7 0
1002819166 3 0 1 0
1002819491 22 0 1 1
1002819537 23 0 1 1
1002819711 38 1 5 3
1002821181 37 1 3 2
1002821203 27 0 1 0
1002821278 41 1 3 2
1002821496 39 1 3 2
1002822228 32 1 4 2
1002822312 44 1 2 1
1002822530 29 0 1 1
1002822577 37 1 2 3
1002822637 21 0 1 1
1002822637 37 1 4 3
1002822707 33 1 3 2
1002823186 41 1 5 2
1002823205 33 1 3 3
1002823262 2 0 1 1
1002823328 39 1 2 2
1002823421 37 1 1 3
1002823460 41 1 8 2
1002823529 37 1 5 3
1002823616 41 1 4 2
1002823637 20 0 1 0
1002823671 22 0 1 0
1002823741 5 0 1 1
1002824220 36 1 1 1
1002824239 5 0 1 0
1002824362 28 0 1 1
1002824395 33 1 3 2
1002824397 41 1 7 2
1002824455 41 1 6 0
1002824455 41 1 8 3
1002824563 23 0 1 0
1002825026 39 1 1 1
1002825338 45 1 2 1
1002825429 5 0 1 1
1002825431 38 1 1 1
1002825642 39 1 5 2
1002825737 33 1 3 3
1002825952 39 1 1 0
1002826676 31 0 1 1
1002826771 5 0 1 0
1002826900 36 1 4 2
1002826927 33 1 3 2
1002827001 37 1 3 3
1002827416 32 1 4 3
1002827961 5 0 1 1
1002828068 39 1 3 3
1002828269 33 1 3 3
1002828450 2 0 1 0
1002828520 41 1 5 3
1002828610 18 0 1 1
1002828675 41 1 7 3
1002828723 21 0 1 0
1002829063 37 1 2 2
1002829102 29 0 1 0
1002829303 5 0 1 0
1002829412 41 1 3 3
1002829554 36 1 1 0
1002829709 38 1 1 0
1002830446 44 1 2 0
1002830663 20 0 1 1
1002830675 37 1 4 2
1002831304 39 1 2 3
1002831709 22 0 1 1
1002832088 41 1 4 3
1002832338 28 0 1 0
1002832343 38 1 2 3
1002832356 32 1 5 2
1002832411 37 1 5 2
1002832811 38 1 5 2
1002833099 37 1 1 2
1002833122 45 1 2 0
1002833377 24 0 1 0
1002833390 3 0 1 1
1002833445 23 0 1 1
1002833823 37 1 1 3
1002833991 37 1 5 3
1002834024 39 1 5 3
1002834133 41 1 6 1
1002834149 37 1 3 2
1002834418 39 1 3 2
1002834487 27 0 1 1
1002834787 37 1 1 2
1002834810 36 1 4 3
1002834835 37 1 3 3
1002834872 39 1 3 3
1002835039 37 1 5 2
1002835058 31 0 1 0
1002835183 41 1 6 0
1002835263 23 0 1 0
1002835466 29 0 1 1
1002835627 37 1 2 3
1002835701 21 0 1 1
1002835775 37 1 5 3
1002835821 41 1 6 1
1002835856 32 1 5 3
1002835906 29 0 1 0
1002836073 23 0 1 1
1002836202 39 1 3 2
1002836432 18 0 1 0
1002836558 41 1 3 2
1002836627 21 0 1 0
1002836641 37 1 4 3
1002836654 41 1 5 2
1002836665 41 1 7 2
1002836707 38 1 5 3
1002836716 41 1 8 2
1002836749 20 0 1 0
1002836809 23 0 1 0
1002836890 3 0 1 0
1002837055 33 1 3 2
1002837107 37 1 5 2
1002837522 41 1 5 3
1002837545 37 1 1 3
1002837592 44 1 2 1
1002837642 29 0 1 1
1002837699 38 1 1 1
1002837701 22 0 1 0
1002837750 36 1 1 1
1002838055 27 0 1 0
1002838089 5 0 1 1
1002838141 23 0 1 1
1002838377 37 1 5 3
1002838390 41 1 5 2
1002838390 41 1 8 3
1002838474 39 1 1 1
1002838556 36 1 1 0
1002838579 41 1 6 0
1002839342 39 1 2 2
1002839411 23 0 1 0
1002839423 41 1 5 3
1002839448 39 1 1 0
1002839913 38 1 5 2
1002839952 32 1 4 2
1002840085 33 1 3 3
1002840172 36 1 1 1
1002840376 28 0 1 1
1002840920 32 1 4 3
1002840986 2 0 1 1
1002841076 41 1 3 3
1002841098 36 1 1 0
1002841111 41 1 7 3
1002841119 5 0 1 0
1002841273 38 1 2 2
1002841640 32 1 4 2
1002841671 27 0 1 1
1002841858 36 1 4 2
1002841954 2 0 1 0
1002842005 37 1 3 2
1002842099 37 1 5 2
1002842110 44 1 2 0
1002842145 38 1 1 0
1002842161 37 1 2 2
1002842173 37 1 4 2
1002842635 24 0 1 1
1002842674 2 0 1 1
1002842858 39 1 5 2
1002842931 37 1 4 3
1002843065 37 1 4 2
1002843207 22 0 1 1
1002843410 18 0 1 1
1002843619 37 1 4 3
1002843701 21 0 1 1
1002843775 20 0 1 1
1002843883 23 0 1 1
1002843892 31 0 1 1
1002843909 37 1 4 2
1002843965 22 0 1 0
1002844005 38 1 1 2
1002844248 39 1 3 3
1002844522 36 1 4 3
1002844643 37 1 1 2
1002844843 22 0 1 1
1002844869 35 1 2 2
1002844877 22 0 1 0
1002844959 22 0 1 1
1002845039 41 1 7 1
1002845282 29 0 1 0
1002845677 41 1 6 1
1002845707 35 1 2 3
1002845976 18 0 1 0
1002846299 12 0 1 1
1002846519 38 1 5 3
1002847177 12 0 1 0
1002847524 39 1 2 3
1002847963 27 0 1 0
1002848303 38 1 1 3
1002848414 41 1 3 2
1002848516 32 1 4 3
1002848558 28 0 1 0
1002849337 41 1 7 0
1002849448 44 1 2 1
1002849550 2 0 1 0
1002849556 36 1 4 2
1002849693 37 1 2 3
1002849801 37 1 3 3
1002850252 39 1 5 3
1002850571 37 1 1 3
1002850645 37 1 5 3
1002850730 41 1 5 2
1002850792 41 1 5 3
1002850801 20 0 1 0
1002851286 31 0 1 0
1002851314 18 0 1 1
1002851401 41 1 7 2
1002851571 21 0 1 0
1002851605 41 1 6 0
1002851605 41 1 7 3
1002851679 23 0 1 0
1002851764 36 1 1 1
1002851826 36 1 1 0
1002852405 41 1 7 2
1002852466 41 1 5 2
1002852656 38 1 1 1
1002852690 38 1 1 0
1002853178 39 1 3 2
1002853273 37 1 4 3
1002853293 41 1 7 3
1002853439 38 1 1 1
1002853456 32 1 5 2
1002853500 36 1 1 1
1002853564 41 1 3 3
1002854212 29 0 1 1
1002854307 22 0 1 0
1002854490 3 0 1 1
1002854598 44 1 2 0
1002854766 38 1 1 0
1002855165 41 1 7 2
1002855873 41 1 7 3
1002856144 41 1 5 3
1002856199 38 1 1 1
1002856379 38 1 2 3
1002856861 38 1 5 2
1002856907 38 1 1 0
1002857178 36 1 1 0
1002857178 36 1 4 3
1002857311 33 1 3 2
1002857413 24 0 1 0
1002857809 33 1 3 3
1002857895 27 0 1 1
1002858242 39 1 5 2
1002858292 18 0 1 0
1002858345 5 0 1 1
1002858703 35 1 2 2
1002858843 5 0 1 0
1002858889 37 1 2 2
1002858999 33 1 3 2
1002859055 38 1 5 3
1002859488 32 1 5 3
1002859537 38 1 5 2
1002859565 35 1 2 3
1002859790 12 0 1 1
1002859866 31 0 1 1
1002860033 5 0 1 1
1002860341 33 1 3 3
1002860355 27 0 1 0
1002860359 20 0 1 1
1002860371 37 1 5 2
1002860522 3 0 1 0
1002860565 37 1 3 2
1002860572 39 1 3 3
1002860716 12 0 1 0
1002860976 38 1 1 2
1002861093 37 1 1 2
1002861247 27 0 1 1
1002861375 5 0 1 0
1002861597 23 0 1 1
1002861650 29 0 1 0
1002862069 21 0 1 1
1002862127 41 1 6 1
1002862127 41 1 7 1
1002862494 41 1 3 2
1002862729 38 1 2 2
1002863528 44 1 2 1
1002863566 32 1 4 2
1002864091 24 0 1 1
1002864484 41 1 8 2
1002864600 2 0 1 1
1002864610 36 1 4 2
1002864870 41 1 4 2
1002864975 37 1 4 2
1002865074 41 1 5 2
1002865203 38 1 5 3
1002865459 37 1 5 3
1002865751 33 1 3 2
1002865760 41 1 7 2
1002866009 22 0 1 1
1002866098 39 1 1 1
1002866108 36 1 1 1
1002866162 18 0 1 1
1002866249 33 1 3 3
1002866303 37 1 3 3
1002866362 45 1 2 1
1002866407 37 1 2 3
1002866647 27 0 1 0
1002866785 5 0 1 1
1002866794 38 1 1 1
1002866853 23 0 1 0
1002867035 38 1 1 3
1002867229 37 1 4 3
1002867283 5 0 1 0
1002867407 21 0 1 0
1002867439 33 1 3 2
1002867666 39 1 2 2
1002867774 41 1 4 3
1002867824 39 1 3 2
1002868069 41 1 7 0
1002868143 37 1 1 3
1002868181 20 0 1 0
1002868263 22 0 1 0
1002868342 41 1 1 2
1002868473 5 0 1 1
1002868781 33 1 3 3
1002868858 29 0 1 1
1002868913 41 1 8 3
1002868916 28 0 1 1
1002869177 41 1 6 0
1002869177 41 1 1 3
1002869335 38 1 5 2
1002869376 42 1 2 1
1002869580 45 1 2 0
1002869616 32 1 4 3
1002869628 36 1 2 2
1002869640 41 1 3 3
1002869759 38 1 5 3
1002869815 5 0 1 0
1002869952 39 1 5 3
1002870211 42 1 2 0
1002870369 27 0 1 1
1002870532 41 1 5 3
1002870640 39 1 1 0
1002870650 2 0 1 0
1002870662 16 0 1 1
1002870674 44 1 2 0
1002870793 27 0 1 0
1002871167 38 1 5 2
1002871328 31 0 1 0
1002871336 35 1 2 2
1002871566 36 1 1 0
1002871623 35 1 2 3
1002872370 12 0 1 1
1002872510 32 1 5 2
1002872843 27 0 1 1
1002873302 36 1 2 3
1002873491 12 0 1 0
1002873544 3 0 1 1
1002873579 37 1 4 2
1002873725 37 1 3 2
1002874160 39 1 2 3
1002874221 37 1 3 3
1002874336 16 0 1 0
1002874715 37 1 5 2
1002875038 36 1 4 3
1002875194 28 0 1 0
1002875229 21 0 1 1
1002875263 21 0 1 0
1002875431 22 0 1 1
1002875749 23 0 1 1
1002875955 38 1 5 3
1002875977 41 1 7 3
1002876283 37 1 2 2
1002876516 18 0 1 0
1002876848 39 1 3 3
1002876977 37 1 1 2
1002877086 38 1 1 0
1002877107 37 1 1 3
1002877351 27 0 1 0
1002877821 37 1 1 2
1002877835 20 0 1 1
1002878011 41 1 6 1
1002878056 32 1 5 3
1002878141 41 1 6 0
1002878185 37 1 3 2
1002878714 29 0 1 0
1002878757 37 1 1 3
1002878855 41 1 6 1
1002879090 3 0 1 0
1002879463 37 1 4 3
1002879757 21 0 1 1
1002879791 41 1 6 0
1002879986 39 1 5 2
1002880099 33 1 3 2
1002880355 37 1 5 3
1002880401 37 1 1 2
1002880497 22 0 1 0
1002881133 5 0 1 1
1002881307 38 1 2 3
1002881389 23 0 1 0
1002881433 37 1 1 3
1002881435 41 1 6 1
1002881448 31 0 1 1
1002882277 37 1 2 3
1002882341 24 0 1 0
1002882467 41 1 6 0
1002882479 37 1 1 2
1002882622 32 1 4 2
1002883513 41 1 6 1
1002883656 2 0 1 1
1002883861 37 1 3 3
1002883921 20 0 1 0
1002883960 39 1 4 2
1002884090 41 1 7 2
1002884622 41 1 3 2
1002884936 39 1 3 2
1002884960 39 1 4 3
1002885047 21 0 1 0
1002885124 38 1 1 1
1002885574 30 0 1 1
1002885656 44 1 2 1
1002885847 35 1 2 2
1002885847 35 1 2 3
1002885852 39 1 5 3
1002886196 36 1 4 2
1002886336 41 1 4 2
1002886452 30 0 1 0
1002886505 33 1 3 3
1002886550 29 0 1 1
1002886886 31 0 1 0
1002887250 41 1 5 2
1002887340 32 1 4 3
1002887370 45 1 2 1
1002887471 37 1 1 3
1002887501 37 1 5 2
1002887539 5 0 1 0
1002887715 12 0 1 1
1002887749 12 0 1 0
1002887762 18 0 1 1
1002887971 38 1 5 2
1002888273 37 1 5 3
1002888284 36 1 1 1
1002888374 2 0 1 0
1002888393 37 1 4 2
1002888505 41 1 6 0
1002888523 35 1 2 2
1002888523 35 1 2 3
1002888583 23 0 1 1
1002888675 37 1 3 2
1002888976 41 1 4 3
1002889237 37 1 5 2
1002889393 38 1 2 2
1002889415 35 1 2 2
1002889427 22 0 1 1
1002889509 23 0 1 0
1002889557 12 0 1 1
1002889591 12 0 1 0
1002889791 27 0 1 1
1002889820 41 1 3 3
1002889890 39 1 2 2
1002890010 45 1 2 0
1002890289 21 0 1 1
1002890312 39 1 2 3
1002890387 23 0 1 1
1002890779 24 0 1 1
1002890854 44 1 2 0
1002890924 28 0 1 1
1002890935 12 0 1 1
1002891131 37 1 2 2
1002891346 28 0 1 0
1002891674 38 1 1 2
1002891881 41 1 7 3
1002892252 39 1 3 3
1002892470 39 1 2 2
1002892708 41 1 7 1
1002892731 20 0 1 1
1002892915 38 1 1 0
1002893046 32 1 5 2
1002893504 28 0 1 1
1002893542 29 0 1 0
1002893725 37 1 1 2
1002893923 35 1 2 3
1002894080 3 0 1 1
1002894311 37 1 3 3
1002894687 38 1 1 3
1002894759 41 1 6 1
1002895203 37 1 1 3
1002895251 12 0 1 0
1002895278 41 1 3 2
1002895280 39 1 2 3
1002895578 39 1 5 2
1002895579 21 0 1 0
1002895579 38 1 5 3
1002896237 41 1 6 0
1002896257 37 1 1 2
1002896312 44 1 2 1
1002896314 28 0 1 0
1002896411 37 1 2 3
1002896481 41 1 7 0
1002896975 27 0 1 0
1002897021 37 1 5 3
1002897100 41 1 5 3
1002897158 31 0 1 1
1002897291 41 1 6 1
1002897913 37 1 4 3
1002897973 20 0 1 0
1002898055 23 0 1 0
1002898140 36 1 1 0
1002898158 39 1 2 2
1002898265 41 1 7 2
1002898746 41 1 1 2
1002898947 22 0 1 0
1002899032 36 1 4 3
1002899192 28 0 1 1
1002899434 38 1 1 1
1002899764 39 1 3 2
1002899780 42 1 2 1
1002900140 18 0 1 0
1002900679 37 1 1 3
1002900798 29 0 1 1
1002900844 32 1 5 3
1002900932 39 1 5 3
1002901016 39 1 2 3
1002901374 41 1 1 3
1002901608 41 1 3 3
1002901871 38 1 2 3
1002901878 3 0 1 0
1002901943 41 1 6 0
1002901966 31 0 1 0
1002902408 32 1 4 2
1002902408 42 1 2 0
1002902642 44 1 2 0
1002902654 28 0 1 0
1002902887 33 1 3 2
1002902905 24 0 1 0
1002903442 2 0 1 1
1002903921 5 0 1 1
1002904229 33 1 3 3
1002904291 37 1 2 2
1002905263 5 0 1 0
1002905419 33 1 3 2
1002905465 37 1 3 2
1002905596 38 1 1 2
1002905891 20 0 1 1
1002906211 41 1 7 3
1002906453 5 0 1 1
1002906485 38 1 2 2
1002906630 41 1 7 1
1002906717 38 1 5 2
1002906840 39 1 3 3
1002906921 21 0 1 1
1002907186 39 1 5 2
1002907245 38 1 1 0
1002907684 39 1 5 3
1002907687 37 1 5 2
1002907727 24 0 1 1
1002907874 29 0 1 0
1002908030 39 1 5 2
1002908449 33 1 3 3
1002908523 27 0 1 1
1002908627 37 1 4 2
1002908721 23 0 1 1
1002909018 31 0 1 1
1002909100 31 0 1 0
1002909134 31 0 1 1
1002909284 32 1 4 3
1002909483 5 0 1 0
1002910026 36 1 4 2
1002910099 37 1 3 3
1002910319 37 1 2 3
1002910457 22 0 1 1
1002910743 38 1 2 3
1002911042 2 0 1 0
1002911146 18 0 1 1
1002911319 21 0 1 0
1002911635 38 1 5 3
1002911777 24 0 1 0
1002911977 20 0 1 0
1002912527 38 1 1 3
1002912809 37 1 5 3
1002912980 41 1 5 2
1002913031 27 0 1 0
1002913119 37 1 1 2
1002913166 41 1 3 2
1002913843 23 0 1 0
1002913988 39 1 2 2
1002914153 41 1 6 1
1002914200 44 1 2 1
1002914201 41 1 7 2
1002914235 41 1 7 0
1002914248 36 1 1 1
1002914532 39 1 5 3
1002914961 37 1 3 2
1002915022 28 0 1 1
1002915235 38 1 1 1
1002915866 39 1 3 2
1002915866 31 0 1 0
1002916153 38 1 2 2
1002916240 41 1 8 2
1002916531 37 1 5 2
1002916563 38 1 5 2
1002916657 21 0 1 1
1002916900 29 0 1 1
1002916939 38 1 5 3
1002917024 39 1 2 3
1002917187 24 0 1 1
1002917355 37 1 2 2
1002917387 37 1 3 3
1002917475 37 1 1 3
1002917593 23 0 1 1
1002917611 41 1 8 3
1002917662 39 1 1 1
1002918058 28 0 1 0
1002918335 27 0 1 1
1002918347 38 1 5 2
1002918369 27 0 1 0
1002918384 41 1 5 3
1002918427 21 0 1 0
1002918509 41 1 6 0
1002918991 37 1 4 3
1002919099 20 0 1 1
1002919324 41 1 3 3
1002919381 27 0 1 1
1002919384 39 1 1 0
1002919418 36 1 1 0
1002919835 37 1 5 3
1002920157 22 0 1 0
1002920299 38 1 1 2
1002920358 44 1 2 0
1002920869 23 0 1 0
1002921089 41 1 7 3
1002921333 41 1 7 1
1002921998 36 1 4 3
1002922123 38 1 1 0
1002922299 33 1 3 2
1002922320 39 1 3 3
1002922788 39 1 5 2
1002923164 39 1 5 3
1002923332 18 0 1 0
1002923333 5 0 1 1
1002923564 29 0 1 0
1002923680 39 1 5 2
1002923822 31 0 1 1
1002924008 39 1 5 3
1002924226 31 0 1 0
1002924467 37 1 2 3
1002924572 39 1 5 2
1002924697 37 1 3 2
1002924900 39 1 5 3
1002925063 38 1 5 3
1002925156 31 0 1 1
1002925190 31 0 1 0
1002925408 39 1 3 2
1002925416 39 1 5 2
1002925606 31 0 1 1
1002925906 39 1 2 2
1002925933 20 0 1 0
1002925934 31 0 1 0
1002926345 21 0 1 1
1002926411 27 0 1 0
1002926442 29 0 1 1
1002926450 31 0 1 1
1002926847 38 1 2 3
1002926940 28 0 1 1
1002927017 33 1 3 3
1002927881 24 0 1 0
1002927921 37 1 5 2
1002927997 37 1 1 2
1002928051 5 0 1 0
1002928350 41 1 3 2
1002928446 41 1 3 3
1002928945 37 1 4 2
1002929087 23 0 1 1
1002929120 39 1 5 3
1002929299 41 1 6 1
1002929384 44 1 2 1
1002929480 44 1 2 0
1002930038 41 1 3 2
1002930154 31 0 1 0
1002930615 41 1 7 2
1002930739 22 0 1 1
1002930856 39 1 3 3
1002931028 39 1 2 3
1002931072 44 1 2 1
1002931311 37 1 2 2
1002931434 36 1 4 2
1002931649 38 1 1 1
1002931730 41 1 4 2
1002931890 29 0 1 0
1002932062 28 0 1 0
1002932570 41 1 5 2
1002932842 18 0 1 1
1002932872 41 1 8 2
1002932947 37 1 3 3
1002932966 45 1 2 1
1002933103 20 0 1 1
1002933263 37 1 1 3
1002933514 41 1 1 2
1002933604 36 1 1 1
1002933791 37 1 5 3
1002933935 38 1 1 3
1002934263 21 0 1 0
1002934297 41 1 6 0
1002934534 39 1 1 1
1002934548 42 1 2 1
1002934825 23 0 1 0
1002934885 38 1 2 2
1002934969 41 1 7 0
1002934969 41 1 8 3
1002935141 41 1 1 3
1002935247 38 1 5 2
1002935594 39 1 2 2
1002935919 24 0 1 1
1002935985 41 1 7 3
1002936175 42 1 2 0
1002936244 41 1 4 3
1002936304 39 1 1 0
1002936514 36 1 2 2
1002937067 27 0 1 1
1002937121 35 1 2 2
1002937167 37 1 4 3
1002937206 39 1 3 2
1002937278 45 1 2 0
1002937304 28 0 1 1
1002937582 16 0 1 1
1002937631 35 1 2 3
1002937705 38 1 1 2
1002937739 38 1 1 0
1002937980 41 1 3 3
1002938244 12 0 1 1
1002938299 38 1 1 3
1002938739 41 1 7 1
1002938798 39 1 5 2
1002938857 35 1 2 2
1002938863 22 0 1 0
1002939014 44 1 2 0
1002939040 29 0 1 1
1002939170 12 0 1 0
1002939296 39 1 5 3
1002939617 41 1 7 0
1002939832 31 0 1 1
1002939891 12 0 1 1
1002939992 38 1 1 2
1002940303 37 1 2 3
1002940330 31 0 1 0
1002941378 39 1 5 2
1002941387 41 1 7 1
1002941673 20 0 1 0
1002941963 38 1 1 3
1002942097 37 1 1 2
1002942412 31 0 1 1
1002943131 41 1 6 1
1002943157 41 1 7 0
1002943380 41 1 5 3
1002943517 37 1 5 2
1002943747 38 1 5 3
1002943875 35 1 2 3
1002944241 37 1 5 3
1002944456 39 1 3 3
1002944582 36 1 1 0
1002944909 12 0 1 0
1002945027 37 1 3 2
1002945085 37 1 4 2
1002945087 33 1 3 2
1002945095 27 0 1 0
1002945121 23 0 1 1
1002945133 37 1 4 3
1002945205 37 1 5 2
1002945531 38 1 2 3
1002945585 33 1 3 3
1002945737 41 1 7 2
1002945977 37 1 4 2
1002946047 23 0 1 0
1002946121 5 0 1 1
1002946164 39 1 2 3
1002946199 37 1 1 3
1002946210 29 0 1 0
1002946239 22 0 1 1
1002946273 22 0 1 0
1002946545 21 0 1 1
1002946565 24 0 1 0
1002946619 5 0 1 0
1002946771 38 1 1 1
1002946775 33 1 3 2
1002946917 37 1 4 3
1002946973 23 0 1 1
1002946975 41 1 3 2
1002947036 39 1 5 3
1002947198 28 0 1 0
1002947199 22 0 1 1
1002947354 41 1 4 2
1002947635 41 1 3 3
1002947761 37 1 5 3
1002947809 5 0 1 1
1002947845 41 1 6 0
1002947845 41 1 4 3
1002947991 37 1 2 2
1002948009 44 1 2 1
1002948070 31 0 1 0
1002948125 22 0 1 0
1002948669 44 1 2 0
1002948735 37 1 5 2
1002948843 23 0 1 0
1002948960 38 1 1 2
1002948961 33 1 3 3
1002949148 41 1 3 2
1002949196 45 1 2 1
1002949230 45 1 2 0
1002949371 41 1 3 3
1002949483 37 1 5 3
1002949528 36 1 3 2
1002949639 20 0 1 1
1002949711 38 1 5 2
1002949870 36 1 3 3
1002949994 41 1 7 1
1002949995 5 0 1 0
1002950145 38 1 2 2
1002950182 44 1 2 1
1002950327 37 1 3 3
1002950405 44 1 2 0
1002950562 17 0 1 1
1002950579 23 0 1 1
1002950613 23 0 1 0
1002950682 36 1 4 3
1002950687 37 1 5 2
1002950813 37 1 4 2
1002950904 17 0 1 0
1002951179 24 0 1 1
1002951221 41 1 7 3
1002951339 27 0 1 1
1002951721 23 0 1 1
1002951748 18 0 1 0
1002951787 21 0 1 0
1002951847 22 0 1 1
1002952255 38 1 1 0
1002952446 39 1 5 2
1002952571 37 1 2 3
1002952853 35 1 2 2
1002953228 39 1 3 2
1002953480 31 0 1 1
1002953887 12 0 1 1
1002953941 20 0 1 0
1002954106 36 1 2 3
1002954262 29 0 1 1
1002954371 33 1 3 2
1002954728 39 1 5 3
1002955140 16 0 1 0
1002955405 5 0 1 1
1002955597 37 1 1 2
1002955713 33 1 3 3
1002955762 31 0 1 0
1002956321 37 1 3 2
1002956557 37 1 5 3
1002956631 41 1 6 1
1002956747 5 0 1 0
1002957127 38 1 2 3
1002957591 23 0 1 0
1002957606 39 1 5 2
1002957755 39 1 3 3
1002957828 36 1 2 2
1002957921 21 0 1 1
1002958019 38 1 1 3
1002958161 24 0 1 0
1002958591 33 1 3 2
1002958700 39 1 5 3
1002958702 31 0 1 1
1002958862 34 1 3 2
1002958862 16 0 1 1
1002958911 38 1 5 3
1002958958 36 1 4 2
1002959039 35 1 2 3
1002959435 37 1 5 2
1002959504 29 0 1 0
1002959549 37 1 1 3
1002959625 5 0 1 1
1002959652 41 1 8 2
1002959734 31 0 1 0
1002959796 41 1 7 2
1002959830 41 1 7 0
1002959896 9 0 1 1
1002959923 34 1 3 3
1002959933 33 1 3 3
1002960077 37 1 3 3
1002960138 39 1 5 2
1002960254 36 1 2 3
1002960259 27 0 1 0
1002960270 18 0 1 1
1002960496 12 0 1 0
1002960583 41 1 6 0
1002960770 41 1 8 3
1002960830 38 1 1 1
1002960875 23 0 1 1
1002960921 37 1 5 3
1002960957 9 0 1 0
1002960967 5 0 1 0
1002961103 37 1 2 2
1002961123 33 1 3 2
1002961172 31 0 1 1
1002961283 39 1 1 1
1002961288 16 0 1 0
1002961427 21 0 1 0
1002961693 38 1 2 2
1002961799 37 1 4 3
1002961955 23 0 1 0
1002962157 5 0 1 1
1002962209 39 1 1 0
1002962727 24 0 1 1
1002962799 20 0 1 1
1002962833 22 0 1 0
1002963009 38 1 5 2
1002963115 41 1 7 3
1002964432 38 1 1 0
1002964603 39 1 5 3
1002964643 37 1 5 2
1002964719 27 0 1 1
1002964820 36 1 2 2
1002965069 37 1 3 2
1002965652 31 0 1 0
1002965677 23 0 1 1
1002965841 33 1 3 3
1002965851 37 1 1 2
1002965854 16 0 1 1
1002965897 38 1 1 2
1002966354 36 1 4 3
1002966410 34 1 3 2
1002966765 21 0 1 1
1002966875 5 0 1 0
1002966947 41 1 6 1
1002967443 41 1 7 1
1002967444 9 0 1 1
1002967501 37 1 2 3
1002967658 35 1 2 2
1002967862 34 1 3 3
1002967885 37 1 5 3
1002967996 18 0 1 0
1002968258 39 1 3 2
1002968837 20 0 1 0
1002968896 9 0 1 0
1002969134 12 0 1 1
1002969623 23 0 1 0
1002969669 37 1 3 3
1002970016 29 0 1 1
1002970872 39 1 5 2
1002971115 21 0 1 0
1002971453 37 1 1 3
1002971525 41 1 7 2
1002971547 39 1 5 3
1002971764 39 1 5 2
1002972291 38 1 1 3
1002972358 36 1 2 3
1002972487 41 1 6 0
1002972548 31 0 1 1
1002972559 38 1 1 1
1002972630 31 0 1 0
1002972798 31 0 1 1
1002973351 34 1 3 2
1002973392 16 0 1 0
1002973719 41 1 7 0
1002974075 38 1 5 3
1002974314 36 1 4 2
1002974680 9 0 1 1
1002974757 37 1 3 2
1002974925 37 1 3 3
1002974967 38 1 2 3
1002975001 37 1 5 2
1002975045 37 1 4 2
1002975047 35 1 2 3
1002975107 37 1 2 2
1002975423 27 0 1 0
1002975692 36 1 3 2
1002975710 36 1 3 3
1002975815 39 1 3 3
1002975851 37 1 5 3
1002975866 18 0 1 1
1002976001 24 0 1 0
1002976035 23 0 1 1
1002976080 36 1 2 2
1002976160 12 0 1 0
1002976405 21 0 1 1
1002976439 21 0 1 0
1002976726 17 0 1 1
1002976737 37 1 5 2
1002976760 17 0 1 0
1002976803 20 0 1 1
1002976879 22 0 1 1
1002976971 23 0 1 0
1002977114 16 0 1 1
1002977159 33 1 3 2
1002977172 29 0 1 0
1002977380 36 1 3 2
1002977433 37 1 3 2
1002977494 36 1 3 3
1002977539 37 1 5 3
1002977707 37 1 1 2
1002977771 23 0 1 1
1002978193 5 0 1 1
1002978395 41 1 7 3
1002978414 17 0 1 1
1002978501 33 1 3 3
1002978528 17 0 1 0
1002978635 34 1 3 3
1002978741 41 1 6 1
1002978755 23 0 1 0
1002978815 37 1 5 2
1002979017 38 1 5 2
1002979037 38 1 1 2
1002979053 21 0 1 1
1002979429 38 1 1 0
1002979535 5 0 1 0
1002979691 33 1 3 2
1002979710 9 0 1 0
1002980071 41 1 7 1
1002980071 37 1 5 3
1002980194 36 1 2 3
1002980573 23 0 1 1
1002980725 5 0 1 1
1002980777 37 1 2 3
1002980823 27 0 1 1
1002980927 39 1 5 3
1002981105 23 0 1 0
1002981221 38 1 2 2
1002981228 16 0 1 0
1002981491 37 1 5 2
1002981937 37 1 4 3
1002981997 20 0 1 0
1002982255 24 0 1 1
1002982525 23 0 1 1
1002982572 31 0 1 0
1002982721 33 1 3 3
1002982774 36 1 4 3
1002983227 37 1 5 3
1002983405 37 1 1 3
1002983417 22 0 1 0
1002983755 5 0 1 0
1002984261 23 0 1 0
1002984313 41 1 7 2
1002984439 41 1 6 0
1002984484 18 0 1 0
1002984760 36 1 2 2
1002985082 39 1 3 2
1002985347 38 1 1 1
1002985457 37 1 3 3
1002985486 35 1 1 2
1002985719 38 1 1 3
1002985794 16 0 1 1
1002986032 35 1 2 2
1002986116 29 0 1 1
1002986520 40 1 8 1
1002986691 35 1 1 3
1002986753 41 1 7 0
1002986971 21 0 1 0
1002987550 12 0 1 1
1002987793 37 1 5 2
1002987815 41 1 7 3
1002987841 37 1 4 2
1002988037 37 1 4 3
1002988301 37 1 2 2
1002988490 40 1 8 0
1002988827 23 0 1 1
1002989196 36 1 3 2
1002989523 38 1 1 0
1002989529 37 1 4 2
1002989659 37 1 1 2
1002989671 22 0 1 1
1002989705 22 0 1 0
1002989721 37 1 3 2
1002989855 37 1 4 3
1002989915 20 0 1 1
1002990230 17 0 1 1
1002990367 38 1 1 2
1002990585 36 1 1 2
1002990693 41 1 6 1
1002990693 22 0 1 1
1002990699 37 1 3 3
1002990886 34 1 3 2
1002991199 39 1 3 3
1002991265 37 1 4 2
1002991321 21 0 1 1
1002991401 41 1 7 1
1002991619 22 0 1 0
1002991644 41 1 5 1
1002991694 36 1 4 2
1002992170 39 1 5 2
1002992199 21 0 1 0
1002992246 36 1 1 3
1002992351 33 1 3 2
1002992397 37 1 3 2
1002992404 9 0 1 1
1002992466 29 0 1 0
1002992593 22 0 1 1
1002993204 31 0 1 1
1002993246 18 0 1 1
1002993306 36 1 2 3
1002993385 5 0 1 1
1002993414 41 1 5 0
1002993651 38 1 5 3
1002993693 33 1 3 3
1002993921 21 0 1 1
1002993957 37 1 2 3
1002994253 37 1 3 3
1002994340 16 0 1 0
1002994543 38 1 2 3
1002994727 5 0 1 0
1002994746 34 1 3 3
1002994767 35 1 2 3
1002994835 37 1 1 3
1002994883 33 1 3 2
1002995095 27 0 1 0
1002995205 20 0 1 0
1002995577 24 0 1 0
1002995780 9 0 1 0
1002995835 21 0 1 0
1002995917 5 0 1 1
1002995934 36 1 3 3
1002995989 37 1 5 3
1002996031 41 1 6 0
1002996176 12 0 1 0
1002996968 17 0 1 0
1002997023 23 0 1 0
1002998159 38 1 1 3
1002998569 37 1 4 3
1002999193 41 1 7 0
1002999601 33 1 3 3
1002999603 22 0 1 0
1002999615 38 1 5 2
1003000362 39 1 3 2
1003000627 39 1 5 3
1003000635 5 0 1 0
1003001291 27 0 1 1
1003001396 29 0 1 1
1003002153 37 1 3 2
1003002415 37 1 2 2
1003002502 31 0 1 0
1003002926 36 1 4 3
1003002936 36 1 2 2
1003002939 37 1 1 2
1003003549 37 1 1 3
1003003609 21 0 1 1
1003003970 16 0 1 1
1003003973 41 1 6 1
1003004015 20 0 1 1
1003004075 37 1 4 2
1003004583 41 1 6 0
1003004665 38 1 1 2
1003004780 18 0 1 0
1003005699 41 1 7 1
1003005719 22 0 1 1
1003005763 37 1 5 2
1003006893 23 0 1 1
1003007271 37 1 1 2
1003007427 39 1 3 3
1003007736 35 1 2 2
1003008305 41 1 6 1
1003008461 29 0 1 0
1003008757 37 1 2 3
1003008863 38 1 1 3
1003008959 37 1 1 3
1003009149 37 1 4 3
1003009454 34 1 3 2
1003009532 12 0 1 1
1003009959 41 1 7 0
1003009993 41 1 6 0
1003010041 37 1 3 3
1003010149 20 0 1 0
1003010247 34 1 3 3
1003010317 22 0 1 0
1003010488 9 0 1 1
1003011142 34 1 3 2
1003011575 21 0 1 0
1003011816 9 0 1 0
1003012176 9 0 1 1
1003012316 36 1 3 2
1003012882 36 1 4 2
1003012896 39 1 5 2
1003012971 34 1 3 3
1003013350 17 0 1 1
1003013465 37 1 5 3
1003013522 36 1 3 3
1003013674 34 1 3 2
1003013930 31 0 1 1
1003014004 36 1 3 2
1003014005 9 0 1 0
1003014167 38 1 5 3
1003014194 18 0 1 1
1003014556 17 0 1 0
1003014883 23 0 1 0
1003015038 17 0 1 1
1003015222 36 1 2 3
1003015288 9 0 1 1
1003015563 27 0 1 0
1003016114 36 1 3 3
1003016175 35 1 2 3
1003016256 16 0 1 0
1003016357 39 1 3 2
1003017148 17 0 1 0
1003017359 37 1 2 2
1003017383 34 1 3 3
1003017584 12 0 1 0
1003017588 29 0 1 1
1003017745 37 1 1 2
1003017747 39 1 5 3
1003017893 37 1 3 2
1003018117 37 1 4 2
1003018165 37 1 3 3
1003018616 9 0 1 0
1003018779 41 1 6 1
1003018911 20 0 1 1
1003019151 22 0 1 1
1003019276 31 0 1 0
1003019397 21 0 1 1
1003019479 21 0 1 0
1003019677 37 1 3 2
1003020261 37 1 5 2
1003021249 21 0 1 1
1003021335 37 1 1 3
1003021827 23 0 1 1
1003022145 39 1 3 3
1003022148 34 1 3 2
1003022179 37 1 5 3
1003022369 41 1 6 0
1003022822 39 1 5 2
1003023071 37 1 4 3
1003023182 9 0 1 1
1003023212 36 1 3 2
1003023213 23 0 1 0
1003023592 29 0 1 0
1003023769 37 1 2 3
1003023856 31 0 1 1
1003023950 36 1 3 3
1003023997 37 1 3 3
1003024287 17 0 1 1
1003024852 36 1 2 2
1003024863 22 0 1 0
1003024984 17 0 1 0
1003024997 20 0 1 0
1003025647 21 0 1 0
1003025744 36 1 3 2
1003025886 16 0 1 1
1003026778 17 0 1 1
1003027053 34 1 1 2
1003027127 39 1 5 3
1003027422 35 1 2 2
1003027569 36 1 3 3
1003027662 34 1 4 2
1003027793 34 1 5 2
1003027977 34 1 4 3
1003028087 40 1 7 1
1003028161 31 0 1 0
1003028334 34 1 5 3
1003028516 36 1 3 2
1003028603 17 0 1 0
1003028696 10 0 1 1
1003028855 34 1 3 3
1003028929 11 0 1 1
1003029011 10 0 1 0
1003029084 12 0 1 1
1003029158 36 1 4 3
1003029373 37 1 5 2
1003029550 17 0 1 1
1003029577 34 1 5 2
1003029855 11 0 1 0
1003029889 9 0 1 0
1003030121 37 1 1 2
1003030192 18 0 1 0
1003030407 23 0 1 1
1003030781 11 0 1 1
1003030866 34 1 1 3
1003030894 36 1 3 3
1003031167 41 1 6 1
1003031301 37 1 2 2
1003031502 39 1 3 2
1003031591 37 1 1 3
1003031693 39 1 5 2
1003031710 34 1 5 3
1003031928 17 0 1 0
1003032260 40 1 7 0
1003032536 29 0 1 1
1003032625 41 1 6 0
1003032727 31 0 1 1
1003032759 37 1 4 2
1003032867 20 0 1 1
1003033395 11 0 1 0
1003033749 37 1 3 2
1003033831 22 0 1 1
1003034469 37 1 1 2
1003034859 35 1 2 3
1003035193 37 1 1 3
1003035253 34 1 5 2
1003035301 21 0 1 1
1003035339 37 1 5 3
1003035503 41 1 6 1
1003035533 37 1 3 3
1003036001 34 1 3 2
1003036062 12 0 1 0
1003036102 34 1 4 2
1003036304 36 1 3 2
1003036494 39 1 2 2
1003036567 41 1 6 0
1003036732 34 1 1 2
1003036949 11 0 1 1
1003036963 39 1 4 2
1003037001 37 1 1 2
1003037071 21 0 1 0
1003037075 37 1 1 3
1003037117 39 1 2 3
1003037136 10 0 1 1
1003037184 9 0 1 1
1003037191 23 0 1 0
1003037338 17 0 1 1
1003037781 34 1 4 3
1003037855 37 1 2 3
1003037961 39 1 5 3
1003037980 40 1 7 1
1003038035 41 1 6 1
1003038088 36 1 4 2
1003038109 41 1 6 0
1003038150 28 0 1 1
1003038184 28 0 1 0
1003038469 39 1 3 3
1003038625 30 0 1 1
1003038634 34 1 4 2
1003038815 10 0 1 0
1003038995 31 0 1 0
1003039001 20 0 1 0
1003039122 18 0 1 1
1003039503 29 0 1 0
1003039668 10 0 1 1
1003040150 34 1 5 3
1003040370 36 1 3 3
1003040491 34 1 4 3
1003040589 39 1 4 3
1003041404 17 0 1 0
1003041491 11 0 1 0
1003041525 10 0 1 0
1003042035 30 0 1 0
1003042106 36 1 2 3
1003042275 34 1 3 3
1003042413 37 1 4 3
1003043140 16 0 1 0
1003043309 9 0 1 0
1003043555 22 0 1 0
1003043574 34 1 1 3
1003044263 39 1 5 2
1003044281 37 1 3 2
1003044608 40 1 7 0
1003044819 39 1 3 2
1003045297 31 0 1 1
1003045881 21 0 1 1
1003046064 29 0 1 1
1003046197 37 1 2 2
1003046730 35 1 2 2
1003046837 37 1 5 2
1003047743 37 1 1 2
1003047764 12 0 1 1
1003047811 20 0 1 1
1003048029 23 0 1 1
1003048775 39 1 5 3
1003048883 41 1 6 1
1003049293 37 1 1 3
1003049809 31 0 1 0
1003050323 37 1 1 2
1003050327 41 1 6 0
1003050511 39 1 3 3
1003050703 37 1 4 2
1003050844 36 1 3 2
1003050864 34 1 1 2
1003050892 36 1 2 2
1003050965 34 1 4 2
1003051287 34 1 4 3
1003051357 41 1 6 1
1003051545 29 0 1 0
1003051582 36 1 3 3
1003051878 17 0 1 1
1003051921 37 1 1 3
1003051926 16 0 1 1
1003051953 34 1 3 2
1003051971 37 1 3 3
1003051999 10 0 1 1
1003052201 22 0 1 1
1003052287 40 1 7 1
1003052321 10 0 1 0
1003052616 17 0 1 0
1003052653 34 1 4 2
1003052739 34 1 4 3
1003052799 37 1 2 3
1003052987 9 0 1 1
1003052989 41 1 6 0
1003053376 36 1 3 2
1003053687 10 0 1 1
1003053741 37 1 5 3
1003053758 39 1 2 2
1003053773 10 0 1 0
1003053799 21 0 1 0
1003053849 20 0 1 0
1003054341 34 1 4 2
1003054410 17 0 1 1
1003054759 34 1 4 3
1003054765 39 1 2 3
1003054792 28 0 1 1
1003054893 23 0 1 0
1003055054 36 1 4 3
1003055125 39 1 5 2
1003055143 36 1 3 3
1003055185 34 1 4 2
1003055304 36 1 3 2
1003055375 10 0 1 1
1003055651 34 1 4 3
1003055793 10 0 1 0
1003055823 34 1 5 2
1003055892 28 0 1 0
1003055969 39 1 3 2
1003056143 18 0 1 0
1003056148 36 1 3 3
1003056159 31 0 1 1
1003056177 17 0 1 0
1003056219 10 0 1 1
1003056267 35 1 2 3
1003056338 17 0 1 1
1003056386 39 1 2 2
1003056685 10 0 1 0
1003057182 17 0 1 0
1003057341 11 0 1 1
1003057420 28 0 1 1
1003057460 12 0 1 0
1003057580 29 0 1 1
1003058018 34 1 1 3
1003058077 34 1 3 3
1003059101 37 1 1 2
1003059111 9 0 1 0
1003059317 39 1 2 3
1003059485 37 1 2 2
1003059533 40 1 7 0
1003059939 39 1 5 3
1003060135 41 1 6 1
1003060351 28 0 1 0
1003060550 34 1 5 3
1003060783 39 1 3 3
1003060875 20 0 1 1
1003060973 31 0 1 0
1003061611 37 1 4 3
1003061691 11 0 1 0
1003061817 29 0 1 0
1003062402 36 1 3 2
1003062794 36 1 3 3
1003062902 41 1 5 2
1003062945 22 0 1 0
1003063359 37 1 1 3
1003063436 17 0 1 1
1003063844 17 0 1 0
1003063936 36 1 1 1
1003064149 36 1 4 2
1003064321 41 1 7 2
1003064393 41 1 6 0
1003064469 34 1 4 2
1003064934 36 1 3 2
1003065143 37 1 2 3
1003065319 34 1 5 2
1003065355 38 1 1 1
1003065503 10 0 1 1
1003065635 18 0 1 1
1003065933 34 1 4 3
1003065981 17 0 1 1
1003066157 34 1 4 2
1003066585 34 1 1 2
1003066825 34 1 4 3
1003066933 11 0 1 1
1003066961 20 0 1 0
1003066967 10 0 1 0
1003067001 34 1 4 2
1003067191 10 0 1 1
1003067302 34 1 4 3
1003067307 39 1 2 2
1003067755 34 1 3 2
1003067859 10 0 1 0
1003067929 39 1 5 2
1003068035 10 0 1 1
1003068083 40 1 7 1
1003068336 10 0 1 0
1003068341 28 0 1 1
1003068579 35 1 2 2
1003068613 41 1 5 3
1003068789 9 0 1 1
1003068963 31 0 1 1
1003068990 34 1 5 3
1003069505 41 1 7 3
1003069593 39 1 2 3
1003069613 12 0 1 1
1003069647 36 1 1 0
1003069665 39 1 3 2
1003070487 11 0 1 0
1003070539 38 1 1 0
1003070969 29 0 1 1
1003071056 28 0 1 0
1003072275 36 1 3 3
1003073055 34 1 3 3
1003073119 36 1 2 3
1003073309 17 0 1 0
1003074113 9 0 1 0
1003074153 16 0 1 0
1003074887 34 1 1 3
1003074999 35 1 2 3
1003076007 40 1 7 0
1003076311 39 1 5 3
1003076456 12 0 1 0
1003077345 31 0 1 0
1003077477 39 1 3 3
1003079258 29 0 1 0
1003079831 34 1 4 2
1003080010 34 1 4 3
1003080865 10 0 1 1
1003081044 10 0 1 0
1003082771 34 1 3 2
1003082797 36 1 2 2
1003083831 16 0 1 1
1003083951 34 1 1 2
1003084249 37 1 3 2
1003084504 9 0 1 1
1003084507 34 1 3 3
1003085145 39 1 5 2
1003085447 34 1 3 2
1003085661 37 1 3 3
1003085771 21 0 1 1
1003085781 40 1 7 1
1003085977 9 0 1 0
1003086033 37 1 3 2
1003086298 31 0 1 1
1003086903 9 0 1 1
1003086911 36 1 4 3
1003087264 39 1 3 2
1003087493 21 0 1 0
1003087575 21 0 1 1
1003087720 37 1 3 3
1003087945 18 0 1 0
1003088298 29 0 1 1
1003089063 34 1 1 3
1003089345 21 0 1 0
1003089955 34 1 3 3
1003090055 39 1 5 3
1003090245 40 1 7 0
1003091089 31 0 1 0
1003091253 9 0 1 0
1003092641 39 1 3 3
1003092877 36 1 3 2
1003093675 29 0 1 0
1003093911 17 0 1 1
1003094689 36 1 3 3
1003095409 36 1 3 2
1003095723 17 0 1 0
1003095937 36 1 4 2
1003096443 17 0 1 1
1003097201 39 1 5 2
1003097255 39 1 3 2
1003097411 18 0 1 1
1003097849 39 1 3 3
1003098123 36 1 3 3
1003098235 31 0 1 1
1003098382 29 0 1 1
1003098762 39 1 2 2
1003098883 29 0 1 0
1003098991 39 1 3 2
1003099157 17 0 1 0
1003099796 28 0 1 1
1003099907 36 1 2 3
1003100025 29 0 1 1
1003100075 39 1 2 3
1003100941 16 0 1 0
1003101109 28 0 1 0
1003101342 39 1 2 2
1003102376 28 0 1 1
1003103105 39 1 2 3
1003103630 37 1 5 2
1003103797 39 1 2 2
1003104045 39 1 2 3
1003104110 37 1 5 3
1003104474 37 1 5 2
1003104549 34 1 3 2
1003104677 28 0 1 0
1003104691 39 1 5 3
1003104831 28 0 1 1
1003104927 23 0 1 1
1003105079 28 0 1 0
1003105441 34 1 3 3
1003105535 39 1 3 3
1003105725 31 0 1 0
1003105853 23 0 1 0
1003105887 23 0 1 1
1003105894 37 1 5 3
1003106258 37 1 5 2
1003106259 9 0 1 1
1003106569 29 0 1 0
1003106786 37 1 5 3
1003107137 9 0 1 0
1003107179 23 0 1 0
1003107292 23 0 1 1
1003107697 37 1 5 2
1003108447 23 0 1 0
1003108731 23 0 1 1
1003109510 37 1 5 3
1003109585 36 1 2 2
1003110619 16 0 1 1
1003110699 23 0 1 0
1003111885 39 1 3 2
1003111963 36 1 4 3
1003112383 39 1 3 3
1003112525 39 1 2 2
1003112633 39 1 5 2
1003113227 18 0 1 0
1003113559 28 0 1 1
1003113621 39 1 3 2
1003113645 29 0 1 1
1003113667 31 0 1 1
1003113679 29 0 1 0
1003113761 39 1 2 3
1003114669 29 0 1 1
1003115573 28 0 1 0
1003116817 34 1 3 2
1003117543 39 1 5 3
1003118527 9 0 1 1
1003118577 31 0 1 0
1003118691 37 1 5 2
1003119725 23 0 1 1
1003120101 39 1 3 3
1003121966 29 0 1 0
1003122019 34 1 3 3
1003122063 36 1 4 2
1003123406 18 0 1 1
1003123461 41 1 7 2
1003123817 9 0 1 0
1003124123 41 1 7 3
1003124495 38 1 1 1
1003124674 37 1 5 3
1003125157 38 1 1 0
1003125581 39 1 5 2
1003125803 36 1 2 3
1003125941 23 0 1 0
1003126538 39 1 2 2
1003126615 31 0 1 1
1003126837 16 0 1 0
1003127572 28 0 1 1
1003128781 39 1 2 3
1003128984 39 1 3 2
1003129243 34 1 3 2
1003129246 34 1 4 2
1003130047 34 1 4 3
1003130200 29 0 1 1
1003130280 10 0 1 1
1003130517 39 1 5 3
1003130598 28 0 1 0
1003130795 9 0 1 1
1003131081 10 0 1 0
1003131551 31 0 1 0
1003131778 34 1 4 2
1003132471 34 1 4 3
1003132687 38 1 5 2
1003132812 10 0 1 1
1003133505 10 0 1 0
1003134247 27 0 1 1
1003134685 36 1 2 2
1003134711 39 1 3 3
1003134761 36 1 3 2
1003135183 36 1 3 3
1003135457 34 1 4 2
1003135719 16 0 1 1
1003135731 37 1 5 2
1003135795 17 0 1 1
1003135928 39 1 2 2
1003136217 17 0 1 0
1003136324 29 0 1 0
1003136491 10 0 1 1
1003136919 36 1 4 3
1003137007 23 0 1 1
1003137264 28 0 1 1
1003137679 34 1 4 3
1003138375 18 0 1 0
1003138459 39 1 5 2
1003138713 10 0 1 0
1003139493 31 0 1 1
1003139859 34 1 3 3
1003139886 37 1 5 3
1003139950 38 1 5 3
1003140377 39 1 2 3
1003141383 27 0 1 0
1003141389 9 0 1 0
1003141405 23 0 1 0
1003141676 28 0 1 0
1003144234 39 1 3 2
1003144426 39 1 2 2
1003145079 39 1 5 3
1003145436 29 0 1 1
1003145460 28 0 1 1
1003145681 39 1 2 3
1003145801 38 1 1 2
1003146113 31 0 1 0
1003146715 28 0 1 0
1003146841 41 1 7 1
1003147129 36 1 4 2
1003148163 18 0 1 1
1003148483 38 1 5 2
1003149723 36 1 2 3
1003150303 27 0 1 1
1003150757 16 0 1 0
1003151045 41 1 8 2
1003151567 41 1 5 2
1003151697 41 1 5 3
1003151879 39 1 3 3
1003152087 37 1 5 2
1003152321 41 1 7 2
1003152697 39 1 1 1
1003152827 39 1 2 2
1003152971 36 1 1 1
1003153005 36 1 1 0
1003153017 29 0 1 0
1003153282 38 1 1 3
1003153355 38 1 1 1
1003153404 23 0 1 1
1003153861 28 0 1 1
1003153865 39 1 5 2
1003153937 34 1 3 2
1003154061 34 1 4 2
1003154316 41 1 7 0
1003154529 41 1 7 3
1003154899 31 0 1 1
1003154905 34 1 4 3
1003155095 10 0 1 1
1003155311 9 0 1 1
1003155960 10 0 1 0
1003156194 38 1 1 0
1003157026 41 1 8 3
1003157503 39 1 3 2
1003158294 39 1 1 0
1003158537 29 0 1 1
1003158618 37 1 5 3
1003160035 23 0 1 0
1003160341 36 1 2 2
1003160415 39 1 5 3
1003160791 36 1 4 3
1003161180 34 1 4 2
1003161207 34 1 4 3
1003161310 38 1 5 3
1003161375 16 0 1 1
1003161449 31 0 1 0
1003161450 38 1 1 2
1003161959 18 0 1 0
1003162214 10 0 1 1
1003162248 10 0 1 0
1003162580 41 1 7 1
1003162692 35 1 2 2
1003162743 27 0 1 0
1003163694 39 1 2 3
1003163895 34 1 3 3
1003164268 41 1 7 2
1003164354 12 0 1 1
1003164728 28 0 1 0
1003165302 38 1 1 1
1003165575 39 1 3 3
1003165713 9 0 1 0
1003167212 29 0 1 0
1003167322 41 1 8 2
1003168214 41 1 8 3
1003168918 35 1 2 3
1003168936 39 1 1 1
1003169287 39 1 1 0
1003169865 41 1 7 3
1003169921 37 1 5 2
1003170093 39 1 5 2
1003170488 12 0 1 0
1003170711 34 1 4 2
1003170899 38 1 1 0
1003171127 31 0 1 1
1003171131 41 1 8 2
1003171569 23 0 1 1
1003171745 10 0 1 1
1003172165 39 1 1 1
1003172533 38 1 5 2
1003172735 39 1 4 2
1003172906 38 1 1 3
1003172923 34 1 3 2
1003173468 39 1 2 2
1003174145 39 1 5 3
1003174301 30 0 1 1
1003174387 27 0 1 1
1003174439 36 1 2 3
1003174465 41 1 7 0
1003174502 28 0 1 1
1003174547 41 1 5 2
1003174626 37 1 5 3
1003174770 9 0 1 1
1003175179 31 0 1 0
1003175309 41 1 7 2
1003175473 16 0 1 0
1003175581 36 1 1 1
1003175838 41 1 5 3
1003175919 23 0 1 0
1003176235 41 1 8 3
1003176335 34 1 4 3
1003176343 38 1 1 1
1003176665 41 1 7 3
1003176872 36 1 1 0
1003177416 10 0 1 0
1003177716 39 1 1 0
1003178113 38 1 1 0
1003178560 39 1 4 3
1003179967 30 0 1 0
1003181589 36 1 4 2
1003181952 35 1 2 2
1003182869 36 1 3 2
1003183059 18 0 1 1
1003183321 36 1 2 2
1003183614 12 0 1 1
1003183624 36 1 3 3
1003183903 17 0 1 1
1003183925 37 1 5 2
1003184438 37 1 5 3
1003184468 36 1 4 3
1003184658 17 0 1 0
1003184747 16 0 1 1
1003185153 38 1 1 2
1003185442 38 1 5 3
1003185502 18 0 1 0
1003185525 41 1 7 2
1003185691 23 0 1 1
1003185725 23 0 1 0
1003186093 41 1 7 3
1003186435 34 1 3 3
1003186476 27 0 1 0
1003186601 37 1 5 2
1003186636 39 1 2 3
1003186758 35 1 2 3
1003186793 41 1 7 2
1003186827 41 1 7 1
1003186875 38 1 1 1
1003187635 23 0 1 1
1003187753 38 1 1 0
1003187883 38 1 1 1
1003187964 12 0 1 0
1003187973 28 0 1 0
1003187976 9 0 1 0
1003188625 41 1 7 3
1003189659 38 1 1 0
1003192514 37 1 5 3
1003192852 41 1 5 2
1003192940 41 1 8 2
1003193381 41 1 7 2
1003193608 34 1 4 2
1003193737 41 1 8 3
1003193886 36 1 1 1
1003194319 34 1 4 3
1003194388 23 0 1 0
1003194415 38 1 1 1
1003194581 41 1 5 3
1003194596 39 1 1 1
1003194642 10 0 1 1
1003194676 41 1 8 2
1003195160 35 1 2 2
1003195296 34 1 4 2
1003195353 10 0 1 0
1003195480 41 1 5 2
1003195570 39 1 1 0
1003195615 36 1 1 0
1003195718 39 1 1 1
1003196204 38 1 5 2
1003196330 10 0 1 1
1003196514 36 1 1 1
1003196812 34 1 3 2
1003196870 12 0 1 1
1003197579 27 0 1 1
1003198632 9 0 1 1
1003198678 38 1 1 3
1003198801 41 1 7 3
1003198926 34 1 1 2
1003199712 41 1 7 0
1003199712 41 1 8 3
1003199835 38 1 1 0
1003199964 40 1 7 1
1003199972 34 1 2 2
1003200556 41 1 5 3
1003200700 34 1 2 3
1003200933 39 1 2 2
1003201006 8 0 1 1
1003201557 39 1 1 0
1003201590 36 1 1 0
1003201599 34 1 4 3
1003201734 8 0 1 0
1003201967 28 0 1 1
1003202434 36 1 2 3
1003202633 10 0 1 0
1003202718 35 1 2 3
1003203431 34 1 1 3
1003203468 16 0 1 0
1003203800 12 0 1 0
1003205158 40 1 7 0
1003205818 37 1 5 2
1003206887 23 0 1 1
1003206923 33 1 3 2
1003207705 39 1 2 3
1003208494 5 0 1 1
1003208697 34 1 4 2
1003208739 28 0 1 0
1003209392 38 1 1 2
1003209460 33 1 5 2
1003209510 37 1 5 3
1003209526 38 1 5 3
1003209731 10 0 1 1
1003210471 34 1 3 3
1003210494 7 0 1 1
1003210539 33 1 5 3
1003210910 41 1 7 1
1003210959 27 0 1 0
1003211237 23 0 1 0
1003211431 33 1 3 3
1003211505 9 0 1 0
1003211751 7 0 1 0
1003212718 41 1 5 2
1003212940 5 0 1 0
1003213108 41 1 5 3
1003213672 35 1 2 2
1003213752 36 1 1 1
1003214142 36 1 1 0
1003214740 36 1 2 2
1003215190 12 0 1 1
1003215774 16 0 1 1
1003215977 34 1 3 2
1003216070 34 1 4 3
1003216094 41 1 5 2
1003216471 34 1 1 2
1003216717 41 1 5 3
1003216986 41 1 5 2
1003217011 9 0 1 1
1003217104 10 0 1 0
1003217128 36 1 1 1
1003217397 37 1 5 2
1003217662 41 1 7 2
1003217767 36 1 1 0
1003217996 40 1 7 1
1003218052 36 1 1 1
1003218431 23 0 1 1
1003218696 38 1 1 1
1003218774 35 1 2 3
1003218948 34 1 4 2
1003219215 39 1 2 2
1003219411 34 1 2 2
1003219843 38 1 5 2
1003219982 10 0 1 1
1003220249 28 0 1 1
1003220432 12 0 1 0
1003220826 8 0 1 1
1003220877 27 0 1 1
1003221212 41 1 2 2
1003221948 33 1 5 2
1003222246 43 1 2 1
1003222440 38 1 3 2
1003222810 38 1 1 3
1003222911 34 1 4 3
1003222929 41 1 8 2
1003222982 7 0 1 1
1003223027 33 1 5 3
1003223474 25 0 1 1
1003223517 41 1 8 3
1003223732 33 1 5 2
1003223803 34 1 1 3
1003223844 41 1 7 0
1003223878 34 1 2 3
1003223945 10 0 1 0
1003224143 7 0 1 0
1003224580 41 1 7 3
1003224606 39 1 1 1
1003224626 37 1 5 3
1003224665 41 1 8 2
1003224736 39 1 1 0
1003224766 7 0 1 1
1003224878 40 1 7 0
1003224912 8 0 1 0
1003225205 41 1 5 3
1003225502 33 1 3 2
1003225703 33 1 3 3
1003225818 38 1 1 0
1003225987 33 1 5 3
1003226239 36 1 1 0
1003226443 23 0 1 0
1003226458 39 1 1 1
1003226602 41 1 2 3
1003227021 7 0 1 0
1003227178 5 0 1 1
1003227212 5 0 1 0
1003227350 34 1 3 3
1003227636 43 1 2 0
1003228534 35 1 2 2
1003228960 9 0 1 0
1003229070 33 1 3 2
1003229386 38 1 3 3
1003230115 33 1 3 3
1003230182 12 0 1 1
1003230317 41 1 8 3
1003230420 25 0 1 0
1003230806 33 1 3 2
1003230814 5 0 1 1
1003231303 36 1 2 3
1003231692 5 0 1 0
1003231966 38 1 1 2
1003231988 39 1 1 0
1003232618 5 0 1 1
1003232622 38 1 5 3
1003233096 41 1 7 1
1003233112 16 0 1 0
1003233772 39 1 2 3
1003233938 35 1 2 3
1003234151 27 0 1 0
1003234229 34 1 4 2
1003234603 34 1 4 3
1003234806 28 0 1 0
1003234873 33 1 5 2
1003235263 10 0 1 1
1003235328 12 0 1 0
1003235437 37 1 5 2
1003235671 10 0 1 0
1003235907 7 0 1 1
1003235917 34 1 4 2
1003236471 23 0 1 1
1003236951 10 0 1 1
1003238191 33 1 3 3
1003238259 41 1 5 2
1003239004 41 1 7 2
1003239083 33 1 5 3
1003239184 41 1 8 2
1003239293 36 1 1 1
1003239740 5 0 1 0
1003239745 41 1 7 3
1003240038 38 1 1 1
1003240117 7 0 1 0
1003240280 39 1 5 2
1003240589 41 1 5 3
1003240745 37 1 1 2
1003240779 38 1 1 0
1003240791 41 1 5 2
1003240812 39 1 5 3
1003240894 39 1 1 1
1003241124 39 1 5 2
1003241314 31 0 1 1
1003241362 36 1 3 2
1003241536 41 1 7 2
1003241623 36 1 1 0
1003241739 34 1 4 3
1003241745 37 1 1 3
1003241818 36 1 2 2
1003241825 36 1 1 1
1003241846 31 0 1 0
1003242158 31 0 1 1
1003242206 36 1 3 3
1003242239 38 1 5 2
1003242241 41 1 6 1
1003242252 35 1 4 2
1003242308 35 1 4 3
1003242370 37 1 5 3
1003242396 17 0 1 1
1003242433 37 1 1 2
1003242538 35 1 2 2
1003242570 38 1 1 1
1003242637 37 1 1 3
1003242654 39 1 2 2
1003242773 10 0 1 0
1003242779 41 1 6 0
1003243240 17 0 1 0
1003243286 14 0 1 1
1003243288 16 0 1 1
1003243318 41 1 5 3
1003243342 14 0 1 0
1003243374 38 1 1 3
1003243467 41 1 6 1
1003243563 23 0 1 0
1003243671 41 1 6 0
1003243712 28 0 1 1
1003243963 27 0 1 1
1003244080 38 1 3 2
1003244234 12 0 1 1
1003244352 36 1 1 0
1003244408 41 1 7 0
1003244408 41 1 8 3
1003244960 41 1 2 2
1003245084 36 1 3 2
1003245114 25 0 1 1
1003245196 36 1 3 3
1003245567 39 1 5 3
1003245994 43 1 2 1
1003246040 39 1 1 0
1003246118 17 0 1 1
1003246230 17 0 1 0
1003246299 41 1 7 3
1003246472 35 1 4 2
1003246601 31 0 1 0
1003246772 36 1 3 2
1003246932 36 1 3 3
1003247506 14 0 1 1
1003247550 35 1 4 3
1003247616 36 1 3 2
1003247776 36 1 3 3
1003247806 17 0 1 1
1003247962 41 1 2 3
1003247966 17 0 1 0
1003248022 38 1 1 0
1003248143 37 1 1 2
1003248160 35 1 4 2
1003248162 35 1 2 3
1003248476 35 1 4 3
1003248584 14 0 1 0
1003248650 17 0 1 1
1003248810 17 0 1 0
1003248996 43 1 2 0
1003249004 35 1 4 2
1003249177 41 1 6 1
1003249194 14 0 1 1
1003249476 12 0 1 0
1003249480 34 1 2 2
1003249510 14 0 1 0
1003249725 37 1 1 3
1003249900 37 1 4 2
1003250038 14 0 1 1
1003250260 35 1 4 3
1003250522 34 1 2 3
1003250663 37 1 5 2
1003250715 8 0 1 1
1003250723 37 1 1 2
1003251161 41 1 6 0
1003251294 14 0 1 0
1003251336 22 0 1 1
1003251556 8 0 1 0
1003251590 38 1 3 3
1003251697 23 0 1 1
1003251757 41 1 6 1
1003252332 39 1 2 3
1003252338 38 1 1 2
1003252449 37 1 4 3
1003252624 25 0 1 0
1003253138 38 1 5 3
1003253366 28 0 1 0
1003253516 41 1 7 1
1003254046 22 0 1 0
1003254086 33 1 3 2
1003254233 37 1 1 3
1003254368 36 1 3 2
1003254576 36 1 3 3
1003254667 27 0 1 0
1003254684 41 1 5 2
1003255402 17 0 1 1
1003255420 36 1 2 3
1003255573 41 1 6 0
1003255573 41 1 5 3
1003255610 17 0 1 0
1003255674 5 0 1 1
1003255718 36 1 1 1
1003255722 37 1 5 3
1003256496 16 0 1 0
1003256923 33 1 3 3
1003257042 36 1 1 0
1003257277 34 1 4 2
1003257357 23 0 1 0
1003257564 35 1 2 2
1003257736 41 1 7 2
1003258311 10 0 1 1
1003258350 5 0 1 0
1003258588 36 1 3 2
1003258770 38 1 1 1
1003258886 41 1 5 2
1003259284 41 1 7 3
1003259332 12 0 1 1
1003259622 17 0 1 1
1003259920 36 1 1 1
1003260046 34 1 4 3
1003260268 41 1 7 2
1003260318 38 1 1 0
1003260734 35 1 4 2
1003260872 36 1 2 2
1003261020 41 1 5 3
1003261054 35 1 5 2
1003261080 10 0 1 0
1003261302 38 1 1 1
1003261756 35 1 5 3
1003261768 14 0 1 1
1003261906 16 0 1 1
1003262054 36 1 1 0
1003262432 15 0 1 1
1003262648 35 1 4 3
1003262755 38 1 5 2
1003262838 35 1 5 2
1003263129 38 1 3 2
1003263454 15 0 1 0
1003263528 41 1 2 2
1003263540 35 1 5 3
1003263682 14 0 1 0
1003263872 33 1 5 2
1003263890 38 1 1 3
1003264163 25 0 1 1
1003264380 15 0 1 1
1003264479 27 0 1 1
1003264562 43 1 2 1
1003264906 7 0 1 1
1003264924 41 1 7 0
1003264953 41 1 7 3
1003265246 35 1 2 3
1003265306 15 0 1 0
1003265478 36 1 2 3
1003265850 41 1 2 3
1003266310 12 0 1 0
1003266370 36 1 3 3
1003266512 16 0 1 0
1003266850 38 1 1 0
1003266884 43 1 2 0
1003267404 17 0 1 0
1003267579 33 1 5 3
1003268039 37 1 5 2
1003268613 7 0 1 0
1003269364 23 0 1 1
1003269972 33 1 3 2
1003270162 37 1 4 2
1003270269 37 1 1 2
1003270303 33 1 3 3
1003270595 37 1 1 3
1003270955 39 1 5 2
1003271303 41 1 6 1
1003271310 38 1 3 3
1003271629 41 1 6 0
1003271730 5 0 1 1
1003271732 36 1 2 2
1003271776 22 0 1 1
1003271804 33 1 3 2
1003271812 5 0 1 0
1003271957 37 1 1 2
1003271989 31 0 1 1
1003272073 37 1 4 3
1003272087 33 1 3 3
1003272344 25 0 1 0
1003272766 16 0 1 1
1003272838 37 1 4 2
1003273413 41 1 6 1
1003273472 35 1 2 2
1003273582 5 0 1 1
1003273594 22 0 1 0
1003273616 5 0 1 0
1003273654 38 1 5 3
1003273833 33 1 5 2
1003273966 35 1 4 2
1003274324 35 1 4 3
1003274460 37 1 5 3
1003274520 22 0 1 1
1003274548 33 1 3 2
1003274845 37 1 4 3
1003274867 7 0 1 1
1003275000 14 0 1 1
1003275072 12 0 1 1
1003275183 27 0 1 0
1003275358 14 0 1 0
1003275463 37 1 1 3
1003275619 23 0 1 0
1003275655 33 1 5 3
1003276278 5 0 1 1
1003276338 22 0 1 0
1003276497 41 1 6 0
1003276689 7 0 1 0
1003277975 39 1 5 3
1003278486 41 1 5 2
1003279009 31 0 1 0
1003279030 35 1 4 2
1003279388 35 1 4 3
1003279921 41 1 5 3
1003280042 36 1 1 1
1003280064 14 0 1 1
1003280115 33 1 3 3
1003280362 35 1 2 3
1003280955 36 1 1 0
1003281064 36 1 3 2
1003281066 41 1 5 2
1003281092 14 0 1 0
1003281162 41 1 5 3
1003281664 5 0 1 0
1003281908 36 1 3 3
1003282002 12 0 1 0
1003282098 17 0 1 1
1003282100 36 1 1 1
1003282196 36 1 1 0
1003282643 36 1 2 3
1003282942 17 0 1 0
1003283677 16 0 1 0
1003284067 38 1 5 2
1003285101 27 0 1 1
1003285347 37 1 5 2
1003285696 33 1 5 2
1003285946 37 1 5 3
1003286239 37 1 5 2
1003286381 23 0 1 1
1003286790 37 1 5 3
1003286980 23 0 1 0
1003287131 37 1 5 2
1003287318 36 1 3 2
1003287358 7 0 1 1
1003287497 36 1 3 3
1003288102 23 0 1 1
1003288136 23 0 1 0
1003288162 36 1 3 2
1003288170 23 0 1 1
1003288352 17 0 1 1
1003288538 41 1 7 2
1003288573 17 0 1 0
1003288900 37 1 4 2
1003288945 36 1 2 2
1003289196 17 0 1 1
1003289710 38 1 1 1
1003290088 16 0 1 1
1003290145 41 1 7 3
1003290267 37 1 4 3
1003290428 41 1 7 2
1003290500 22 0 1 1
1003290534 39 1 2 2
1003290592 39 1 2 3
1003290819 33 1 5 3
1003291179 38 1 1 0
1003291462 38 1 1 1
1003291474 22 0 1 0
1003291714 28 0 1 1
1003291748 28 0 1 0
1003291833 41 1 7 3
1003291840 35 1 2 2
1003291853 7 0 1 0
1003292765 39 1 5 2
1003292867 38 1 1 0
1003293114 39 1 2 2
1003293174 35 1 4 2
1003293268 39 1 2 3
1003293453 36 1 3 3
1003293508 12 0 1 1
1003293694 35 1 2 3
1003293736 35 1 4 3
1003293799 31 0 1 1
1003294042 37 1 5 3
1003294148 28 0 1 1
1003294208 14 0 1 1
1003294302 28 0 1 0
1003294487 17 0 1 0
1003295174 35 1 4 2
1003295278 12 0 1 0
1003295318 38 1 5 3
1003295424 35 1 4 3
1003295550 14 0 1 0
1003295713 23 0 1 0
1003296018 35 1 4 2
1003296352 27 0 1 0
1003296591 39 1 5 3
1003296799 14 0 1 1
1003296833 14 0 1 0
1003297050 35 1 4 3
1003297052 14 0 1 1
1003297101 37 1 1 2
1003297430 39 1 2 2
1003297625 31 0 1 0
1003297632 39 1 2 3
1003297794 33 1 3 2
1003298084 14 0 1 0
1003298135 41 1 6 1
1003298274 39 1 2 2
1003298384 35 1 5 2
1003298464 28 0 1 1
1003298572 39 1 2 3
1003298666 28 0 1 0
1003299308 28 0 1 1
1003299382 5 0 1 1
1003299562 37 1 4 2
1003299606 28 0 1 0
1003299613 41 1 5 2
1003299678 35 1 5 3
1003300032 15 0 1 1
1003300457 41 1 5 3
1003300761 37 1 4 3
1003300902 39 1 2 2
1003301006 15 0 1 0
1003301224 22 0 1 1
1003301241 36 1 2 3
1003301248 39 1 2 3
1003301349 41 1 5 2
1003301402 36 1 1 1
1003301491 36 1 1 0
1003301511 41 1 7 2
1003301953 28 0 1 1
1003302102 22 0 1 0
1003302238 37 1 4 2
1003302275 16 0 1 0
1003302282 28 0 1 0
1003302383 36 1 1 1
1003302497 37 1 1 3
1003302545 38 1 1 1
1003302590 39 1 2 2
1003302845 39 1 5 2
1003303307 33 1 3 3
1003303437 37 1 4 3
1003303531 41 1 6 0
1003303641 28 0 1 1
1003303728 38 1 3 2
1003303879 31 0 1 1
1003303920 22 0 1 1
1003303960 37 1 4 2
1003304563 37 1 5 2
1003304762 25 0 1 1
1003304782 5 0 1 0
1003304846 22 0 1 0
1003305269 37 1 4 3
1003305696 37 1 4 2
1003305792 38 1 5 2
1003305820 22 0 1 1
1003305838 23 0 1 1
1003306459 36 1 3 2
1003306698 22 0 1 0
1003306699 36 1 2 2
1003306732 22 0 1 1
1003306826 27 0 1 1
1003306957 37 1 4 3
1003307292 33 1 5 2
1003307348 39 1 2 3
1003307493 17 0 1 1
1003307548 37 1 4 2
1003307799 41 1 7 3
1003308382 28 0 1 0
1003308385 16 0 1 1
1003308428 37 1 5 3
1003308502 22 0 1 0
1003308503 39 1 5 3
1003308584 22 0 1 1
1003308718 7 0 1 1
1003308833 38 1 1 0
1003308966 38 1 3 3
1003309474 23 0 1 0
1003309535 41 1 5 3
1003309537 31 0 1 0
1003310000 25 0 1 0
1003310569 36 1 1 0
1003310783 37 1 4 3
1003312138 22 0 1 0
1003313119 33 1 5 3
1003314078 38 1 5 3
1003314818 7 0 1 0
1003314837 36 1 3 3
1003315112 27 0 1 0
1003315871 17 0 1 0
1003317370 37 1 5 2
1003317417 36 1 2 3
1003318178 37 1 5 3
1003318214 37 1 5 2
1003318451 16 0 1 0
1003318465 23 0 1 1
1003319391 23 0 1 0
1003319425 23 0 1 1
1003319915 37 1 1 2
1003320949 41 1 6 1
1003321132 37 1 4 2
1003321439 37 1 1 3
1003321983 36 1 2 2
1003322020 38 1 5 2
1003322473 41 1 6 0
1003322682 33 1 3 2
1003322732 22 0 1 1
1003322931 33 1 3 3
1003323017 16 0 1 1
1003323054 27 0 1 1
1003323564 37 1 5 3
1003324358 5 0 1 1
1003324392 5 0 1 0
1003324466 33 1 3 2
1003324598 23 0 1 0
1003324941 37 1 4 3
1003325729 39 1 5 2
1003326162 5 0 1 1
1003326275 39 1 5 3
1003326286 22 0 1 0
1003326573 39 1 5 2
1003326763 31 0 1 1
1003327119 39 1 5 3
1003327309 31 0 1 0
1003327417 39 1 5 2
1003327607 31 0 1 1
1003328153 31 0 1 0
1003328283 33 1 3 3
1003328451 31 0 1 1
1003328618 38 1 5 3
1003329222 32 1 1 2
1003329651 39 1 5 3
1003329652 27 0 1 0
1003329806 5 0 1 0
1003329997 39 1 5 2
1003330256 40 1 5 1
1003330269 36 1 2 3
1003330495 39 1 5 3
1003330685 31 0 1 0
1003331031 31 0 1 1
1003331117 37 1 1 2
1003331303 16 0 1 0
1003331529 31 0 1 0
1003331712 37 1 4 2
1003332151 41 1 6 1
1003332804 32 1 1 3
1003332856 33 1 5 2
1003333035 37 1 4 3
1003333338 37 1 5 2
1003333360 22 0 1 1
1003333838 40 1 5 0
1003333890 7 0 1 1
1003333992 41 1 7 2
1003334238 22 0 1 0
1003334693 41 1 5 2
1003334913 23 0 1 1
1003335026 38 1 1 1
1003335316 41 1 5 3
1003335645 37 1 1 3
1003335679 36 1 2 2
1003335716 38 1 5 2
1003335727 36 1 1 1
1003336344 36 1 3 2
1003336350 36 1 1 0
1003336429 41 1 5 2
1003336750 27 0 1 1
1003336793 41 1 6 0
1003337155 33 1 5 3
1003337378 17 0 1 1
1003337378 16 0 1 1
1003337494 36 1 1 1
1003337637 41 1 5 3
1003337944 41 1 7 3
1003338008 38 1 3 2
1003338189 7 0 1 0
1003338256 32 1 3 2
1003338590 37 1 5 3
1003338978 38 1 1 0
1003339042 25 0 1 1
1003339058 32 1 1 2
1003339281 39 1 5 2
1003339326 36 1 1 0
1003339624 23 0 1 0
1003339870 1 0 1 1
1003339940 32 1 3 3
1003340092 40 1 5 1
1003340315 31 0 1 1
1003341558 38 1 3 3
1003341640 1 0 1 0
1003341952 35 1 4 2
1003342078 39 1 2 2
1003342455 39 1 5 3
1003342472 32 1 1 3
1003342592 25 0 1 0
1003342692 39 1 2 3
1003343112 28 0 1 1
1003343402 41 1 7 2
1003343489 31 0 1 0
1003343506 40 1 5 0
1003343566 14 0 1 1
1003343641 41 1 7 3
1003343642 36 1 2 3
1003343726 28 0 1 0
1003344124 37 1 4 2
1003344436 38 1 1 1
1003344469 37 1 4 3
1003344486 36 1 3 3
1003344675 38 1 1 0
1003344676 16 0 1 0
1003345520 17 0 1 0
1003345642 38 1 5 3
1003345724 22 0 1 1
1003345758 22 0 1 0
1003345908 37 1 4 2
1003345922 33 1 3 2
1003346206 35 1 4 3
1003346329 37 1 1 2
1003346676 27 0 1 0
1003347066 32 1 3 2
1003347221 37 1 4 3
1003347278 14 0 1 0
1003347401 41 1 6 1
1003347536 32 1 3 3
1003347576 22 0 1 1
1003347598 5 0 1 1
1003347692 37 1 4 2
1003348460 37 1 5 2
1003348502 22 0 1 0
1003348524 37 1 1 3
1003348666 1 0 1 1
1003348700 1 0 1 0
1003348726 32 1 1 2
1003349052 36 1 2 2
1003349476 22 0 1 1
1003349558 41 1 6 0
1003349760 40 1 5 1
1003349943 23 0 1 1
1003350713 37 1 4 3
1003350930 16 0 1 1
1003352186 22 0 1 0
1003352294 37 1 1 2
1003352334 41 1 5 2
1003352367 33 1 3 3
1003352802 35 1 5 2
1003352910 41 1 7 2
1003352922 37 1 5 3
1003352982 41 1 5 3
1003353310 32 1 3 2
1003353328 41 1 6 1
1003353368 36 1 1 1
1003353486 35 1 4 2
1003353681 33 1 5 2
1003353794 5 0 1 0
1003353945 38 1 1 1
1003354070 41 1 5 2
1003354078 37 1 1 3
1003354186 23 0 1 0
1003354234 35 1 5 3
1003354252 41 1 8 2
1003354346 36 1 1 0
1003354512 15 0 1 1
1003354715 7 0 1 1
1003354834 1 0 1 1
1003355112 41 1 6 0
1003355162 14 0 1 1
1003355320 36 1 1 1
1003355368 39 1 1 1
1003355486 15 0 1 0
1003355758 41 1 8 3
1003355940 41 1 8 2
1003355976 32 1 1 3
1003356004 41 1 8 3
1003356648 36 1 3 2
1003356820 32 1 3 3
1003356960 38 1 5 2
1003357010 40 1 5 0
1003357320 39 1 1 0
1003357354 39 1 1 1
1003357388 39 1 1 0
1003357682 17 0 1 1
1003357719 33 1 5 3
1003357940 38 1 3 2
1003357994 27 0 1 1
1003358292 1 0 1 0
1003358753 7 0 1 0
1003359010 25 0 1 1
1003359380 41 1 7 3
1003360414 38 1 1 0
1003361116 41 1 5 3
1003361348 37 1 5 2
1003361794 37 1 5 3
1003362262 35 1 4 3
1003362382 23 0 1 1
1003362828 23 0 1 0
1003362874 36 1 1 0
1003362964 37 1 4 2
1003362994 38 1 3 3
1003363296 14 0 1 0
1003363928 37 1 5 2
1003364014 32 1 1 2
1003364066 25 0 1 0
1003364498 38 1 5 3
1003364564 22 0 1 1
1003364648 37 1 1 2
1003365048 40 1 5 1
1003365396 37 1 1 3
1003365532 27 0 1 0
1003365682 41 1 6 1
1003365730 23 0 1 1
1003366430 41 1 6 0
1003366514 37 1 4 3
1003368118 22 0 1 0
1003368130 36 1 2 3
1003368178 32 1 3 2
1003368636 32 1 3 3
1003369118 37 1 1 2
1003369164 16 0 1 0
1003369607 37 1 1 3
1003369778 1 0 1 1
1003369812 1 0 1 0
1003369866 36 1 3 3
1003369890 37 1 5 3
1003370152 41 1 6 1
1003370641 41 1 6 0
1003370900 17 0 1 0
1003371485 23 0 1 0
1003372012 32 1 1 3
1003373028 35 1 4 2
1003373338 37 1 1 2
1003373624 40 1 5 0
1003374062 14 0 1 1
1003374372 41 1 6 1
1003375230 41 1 5 2
1003375816 38 1 5 2
1003376220 37 1 4 2
1003376550 36 1 1 1
1003376750 41 1 7 2
1003376850 27 0 1 1
1003376964 36 1 3 2
1003377108 36 1 2 2
1003377916 22 0 1 1
1003377952 33 1 3 2
1003377998 17 0 1 1
1003378029 38 1 1 1
1003378100 33 1 5 2
1003378129 33 1 3 3
1003378842 16 0 1 1
1003379134 7 0 1 1
1003379305 37 1 1 3
1003379395 37 1 5 2
1003379758 5 0 1 1
1003379840 5 0 1 0
1003380197 37 1 4 3
1003380339 41 1 6 0
1003380429 23 0 1 1
1003380666 32 1 3 2
1003380757 33 1 5 3
1003380994 35 1 4 3
1003381183 41 1 5 3
1003381470 22 0 1 0
1003381472 33 1 3 2
1003381649 33 1 3 3
1003381791 7 0 1 0
1003381946 38 1 3 2
1003382190 1 0 1 1
1003382550 5 0 1 1
1003382862 14 0 1 0
1003382980 25 0 1 1
1003383054 36 1 1 0
1003383256 32 1 1 2
1003383428 5 0 1 0
1003383763 41 1 7 3
1003383894 37 1 5 3
1003384376 40 1 5 1
1003384672 32 1 3 3
1003384797 38 1 1 0
1003385206 23 0 1 0
1003385838 38 1 5 3
1003385840 1 0 1 0
1003386485 38 1 3 3
1003386574 36 1 3 3
1003386872 27 0 1 0
1003387519 25 0 1 0
1003387608 17 0 1 0
1003389442 35 1 5 2
1003389866 35 1 4 2
1003391104 15 0 1 1
1003391424 32 1 1 3
1003391734 14 0 1 1
1003392070 35 1 5 3
1003392458 40 1 5 0
1003393766 15 0 1 0
1003394939 37 1 1 2
1003394948 37 1 5 2
1003395398 36 1 2 3
1003395816 37 1 4 2
1003395831 37 1 1 3
1003395973 41 1 6 1
1003396301 37 1 4 3
1003396312 38 1 5 2
1003396817 23 0 1 1
1003396865 41 1 6 0
1003397157 16 0 1 0
1003397346 27 0 1 1
1003397368 22 0 1 1
1003397450 22 0 1 0
1003398564 33 1 5 2
1003398786 35 1 4 3
1003399553 37 1 1 2
1003399598 7 0 1 1
1003400276 37 1 4 2
1003400333 33 1 5 3
1003400654 14 0 1 0
1003400761 37 1 1 3
1003400921 41 1 6 1
1003401240 33 1 5 2
1003401268 36 1 3 2
1003401788 37 1 5 3
1003401795 41 1 6 0
1003401822 7 0 1 0
1003401848 22 0 1 1
1003402234 33 1 3 2
1003402274 7 0 1 1
1003402302 17 0 1 1
1003402497 37 1 4 3
1003403215 23 0 1 0
1003403368 32 1 1 2
1003403379 36 1 2 2
1003403658 38 1 5 3
1003403762 22 0 1 0
1003403978 5 0 1 1
1003404078 36 1 2 3
1003404402 40 1 5 1
1003404692 27 0 1 0
1003404882 16 0 1 1
1003405115 36 1 2 2
1003405808 16 0 1 0
1003406149 16 0 1 1
1003407063 37 1 1 2
1003407126 37 1 1 3
1003407220 35 1 5 2
1003407383 33 1 2 2
1003407460 32 1 1 3
1003407720 35 1 4 2
1003407907 37 1 1 2
1003408097 41 1 6 1
1003408160 41 1 6 0
1003408409 33 1 5 3
1003408417 4 0 1 1
1003408442 36 1 3 3
1003408494 40 1 5 0
1003408868 15 0 1 1
1003408941 41 1 6 1
1003409301 33 1 3 3
1003409346 35 1 1 2
1003409442 35 1 5 3
1003409476 17 0 1 0
1003409574 14 0 1 1
1003409686 35 1 1 3
1003409706 7 0 1 0
1003410190 35 1 1 2
1003410380 40 1 8 1
1003410686 15 0 1 0
1003410720 40 1 8 0
1003411100 5 0 1 0
1003411173 37 1 5 2
1003411224 40 1 8 1
1003411226 35 1 1 3
1003411770 41 1 7 2
1003412207 23 0 1 1
1003412260 40 1 8 0
1003412430 37 1 1 3
1003412804 38 1 1 1
1003412914 41 1 5 2
1003413000 41 1 8 2
1003413464 41 1 6 0
1003413596 41 1 8 3
1003414132 38 1 5 2
1003414492 39 1 1 1
1003414548 36 1 1 1
1003414630 39 1 1 0
1003415166 27 0 1 1
1003415527 38 1 3 2
1003415686 35 1 4 3
1003415998 37 1 5 3
1003416310 37 1 4 2
1003416561 25 0 1 1
1003416720 14 0 1 0
1003417032 23 0 1 0
1003417732 41 1 7 3
1003417876 22 0 1 1
1003418766 38 1 1 0
1003420312 41 1 5 3
1003420502 38 1 3 3
1003420604 36 1 3 2
1003421181 37 1 4 3
1003421346 36 1 1 0
1003421536 25 0 1 0
1003421638 17 0 1 1
1003422238 36 1 2 3
1003422274 22 0 1 0
1003422570 33 1 5 2
1003422770 33 1 3 2
1003423000 37 1 1 2
1003423248 35 1 5 2
1003423272 16 0 1 0
1003423310 38 1 5 3
1003423573 33 1 2 3
1003423604 7 0 1 1
1003423714 35 1 5 3
1003424034 41 1 6 1
1003424310 5 0 1 1
1003424344 27 0 1 0
1003424607 4 0 1 0
1003424944 15 0 1 1
1003424974 41 1 5 2
1003424978 15 0 1 0
1003425080 39 1 2 2
1003425481 35 1 4 2
1003425803 37 1 1 3
1003425924 35 1 5 2
1003426008 36 1 1 1
1003426114 28 0 1 1
1003426249 33 1 3 3
1003426515 14 0 1 1
1003426566 41 1 7 2
1003426712 37 1 5 2
1003426852 36 1 2 2
1003427330 35 1 5 3
1003427454 32 1 1 2
1003427592 15 0 1 1
1003427600 38 1 1 1
1003427681 41 1 6 0
1003427746 23 0 1 1
1003427864 5 0 1 0
1003427886 16 0 1 1
1003428566 15 0 1 0
1003428776 40 1 5 1
1003429369 41 1 5 3
1003429386 41 1 7 3
1003429458 39 1 2 3
1003429722 33 1 3 2
1003430420 38 1 1 0
1003431064 36 1 1 0
1003431193 32 1 2 2
1003431324 28 0 1 0
1003431466 5 0 1 1
1003431930 37 1 5 3
1003431936 32 1 1 3
1003432227 0 0 1 1
1003432455 33 1 2 2
1003432940 38 1 5 2
1003432964 23 0 1 0
1003432970 40 1 5 0
1003433214 32 1 4 2
1003433489 4 0 1 1
1003433574 35 1 4 3
1003433974 27 0 1 1
1003434248 2 0 1 1
1003434608 14 0 1 0
1003435476 36 1 2 3
1003436510 16 0 1 0
1003437001 33 1 5 3
1003437260 36 1 3 3
1003437893 33 1 3 3
1003438035 7 0 1 0
1003438294 17 0 1 0
1003438600 32 1 2 3
1003439124 39 1 2 2
1003439426 5 0 1 0
1003439538 38 1 5 3
1003439540 32 1 4 3
1003439634 0 0 1 0
1003440158 28 0 1 1
1003440188 37 1 4 2
1003440572 27 0 1 0
1003440574 2 0 1 0
1003441788 22 0 1 1
1003441896 37 1 5 2
1003441958 35 1 5 2
1003442622 36 1 2 2
1003442930 23 0 1 1
1003443173 37 1 1 2
1003443544 35 1 4 2
1003443577 37 1 4 3
1003443716 15 0 1 1
1003443778 32 1 1 2
1003443944 16 0 1 1
1003444106 32 1 4 2
1003444207 41 1 6 1
1003444390 37 1 1 3
1003444478 39 1 2 3
1003444812 40 1 5 1
1003444902 32 1 2 2
1003445140 2 0 1 1
1003445254 14 0 1 1
1003445294 22 0 1 0
1003445424 41 1 6 0
1003445440 32 1 1 3
1003445512 28 0 1 0
1003445936 0 0 1 1
1003446062 35 1 5 3
1003446664 40 1 5 0
1003447066 37 1 5 3
1003447318 15 0 1 0
1003447832 41 1 5 2
1003448058 41 1 5 3
1003448100 23 0 1 0
1003448724 41 1 5 2
1003448848 41 1 5 3
1003448866 36 1 1 1
1003449004 37 1 1 2
1003449240 41 1 7 2
1003449821 37 1 1 3
1003449936 36 1 1 0
1003449970 36 1 1 1
1003450004 36 1 1 0
1003450012 38 1 5 2
1003450038 41 1 6 1
1003450244 32 1 4 3
1003450281 38 1 1 1
1003450460 41 1 5 2
1003450692 37 1 1 2
1003450855 41 1 6 0
1003450856 33 1 3 2
1003451046 27 0 1 1
1003451232 38 1 3 2
1003451278 2 0 1 0
1003451462 35 1 4 3
1003451726 41 1 6 1
1003451962 5 0 1 1
1003451983 33 1 5 2
1003452028 32 1 2 3
1003452117 33 1 2 3
1003452148 36 1 1 1
1003452266 25 0 1 1
1003452648 14 0 1 0
1003453062 0 0 1 0
1003453360 39 1 2 2
1003453642 36 1 3 2
1003453674 4 0 1 0
1003453698 7 0 1 1
1003454676 17 0 1 1
1003454793 33 1 3 3
1003454836 28 0 1 1
1003455104 37 1 5 2
1003455827 5 0 1 0
1003455890 37 1 1 3
1003456166 23 0 1 1
1003456924 41 1 6 0
1003457390 32 1 4 2
1003457906 32 1 1 2
1003458330 32 1 2 2
1003458424 2 0 1 1
1003458515 33 1 3 2
1003458660 41 1 7 3
1003458856 35 1 4 2
1003458940 40 1 5 1
1003458944 32 1 1 3
1003458974 35 1 5 2
1003459190 38 1 3 3
1003459364 0 0 1 1
1003459504 41 1 5 3
1003459890 14 0 1 1
1003459978 40 1 5 0
1003459990 5 0 1 1
1003460224 25 0 1 0
1003460400 38 1 1 0
1003460538 36 1 1 0
1003460540 15 0 1 1
1003460630 33 1 2 2
1003460926 38 1 5 3
1003461194 37 1 5 3
1003461274 35 1 5 3
1003461382 36 1 2 3
1003461664 4 0 1 1
1003461934 39 1 2 3
1003461960 27 0 1 0
1003462362 23 0 1 0
1003462406 15 0 1 0
1003462416 16 0 1 0
1003463694 28 0 1 0
1003463768 32 1 4 3
1003464854 36 1 3 3
1003465396 2 0 1 0
1003465888 17 0 1 0
1003466300 32 1 2 3
1003466437 33 1 3 3
1003467329 33 1 5 3
1003467334 0 0 1 0
1003467470 35 1 4 3
1003468018 5 0 1 0
1003468363 7 0 1 0
1003468504 14 0 1 0
1003469420 36 1 3 2
1003469884 37 1 1 2
1003470264 36 1 2 2
1003470454 17 0 1 1
1003470918 41 1 6 1
1003471400 38 1 5 2
1003471508 32 1 4 2
1003471782 39 1 2 2
1003471832 16 0 1 1
1003471985 39 1 4 2
1003472350 39 1 4 3
1003472434 27 0 1 1
1003472542 2 0 1 1
1003472602 32 1 2 2
1003473019 30 0 1 1
1003473020 37 1 4 2
1003473044 37 1 5 2
1003473348 28 0 1 1
1003473384 30 0 1 0
1003473534 36 1 3 3
1003473636 0 0 1 1
1003473857 37 1 1 3
1003474568 17 0 1 0
1003474620 22 0 1 1
1003474891 41 1 6 0
1003474898 23 0 1 1
1003475860 35 1 5 2
1003476400 35 1 4 2
1003477052 32 1 2 3
1003477282 35 1 4 3
1003477425 37 1 4 3
1003477434 14 0 1 1
1003477460 15 0 1 1
1003477580 41 1 7 2
1003477902 38 1 5 3
1003477989 39 1 4 2
1003478086 0 0 1 0
1003478184 35 1 4 2
1003478614 38 1 1 1
1003478836 32 1 4 3
1003478936 27 0 1 0
1003479023 30 0 1 1
1003479054 37 1 5 3
1003479100 14 0 1 0
1003479114 22 0 1 0
1003479342 39 1 2 3
1003479482 33 1 3 2
1003479790 41 1 5 2
1003479870 2 0 1 0
1003479978 14 0 1 1
1003480088 23 0 1 0
1003480575 33 1 5 2
1003480898 35 1 5 3
1003480958 35 1 4 3
1003481089 36 1 1 1
1003481158 39 1 4 3
1003481170 28 0 1 0
1003481350 5 0 1 1
1003481609 7 0 1 1
1003482445 33 1 2 3
1003482584 30 0 1 0
1003482731 41 1 5 3
1003482750 15 0 1 0
1003482766 14 0 1 0
1003483312 38 1 5 2
1003483379 41 1 7 3
1003483479 4 0 1 0
1003484012 38 1 3 2
1003484198 32 1 2 2
1003484260 36 1 1 0
1003484346 27 0 1 1
1003484944 38 1 1 0
1003485152 36 1 2 3
1003485232 0 0 1 1
1003485461 36 1 3 2
1003485702 25 0 1 1
1003486061 33 1 3 3
1003486186 16 0 1 0
1003486495 17 0 1 1
1003486826 32 1 4 2
1003486959 37 1 1 2
1003487303 37 1 1 3
1003487594 5 0 1 0
1003487860 2 0 1 1
1003487936 37 1 5 2
1003487948 39 1 1 2
1003487993 41 1 6 1
1003488337 41 1 6 0
1003489066 38 1 5 3
1003489152 41 1 8 1
1003489181 23 0 1 1
1003489356 38 1 3 3
1003489452 33 1 3 2
1003489554 39 1 4 2
1003490100 27 0 1 0
1003490390 25 0 1 0
1003490486 5 0 1 1
1003490588 30 0 1 1
1003490826 39 1 1 3
1003491056 39 1 2 2
1003491231 33 1 2 2
1003491324 32 1 2 3
1003491676 37 1 4 2
1003492270 4 0 1 1
1003492298 36 1 2 2
1003492358 0 0 1 0
1003492610 41 1 8 0
1003492704 28 0 1 1
1003492915 37 1 1 2
1003493168 37 1 5 3
1003493197 33 1 5 3
1003493276 22 0 1 1
1003493332 16 0 1 1
1003493832 36 1 3 3
1003494202 23 0 1 0
1003494492 41 1 6 1
1003494792 7 0 1 0
1003494866 17 0 1 0
1003494892 32 1 4 3
1003494981 33 1 3 3
1003495224 39 1 4 3
1003495265 37 1 1 3
1003495926 2 0 1 0
1003496015 5 0 1 0
1003496157 37 1 4 3
1003496380 30 0 1 0
1003497106 41 1 6 0
1003497674 22 0 1 0
1003497902 39 1 2 3
1003499682 28 0 1 0
1003500210 32 1 2 2
1003501228 38 1 5 2
1003501920 0 0 1 1
1003502098 37 1 5 2
1003502262 27 0 1 1
1003502870 37 1 5 3
1003503132 23 0 1 1
1003503218 37 1 1 2
1003503786 37 1 5 2
1003504252 41 1 6 1
1003504393 23 0 1 0
1003505140 36 1 2 3
1003505271 23 0 1 1
1003506092 41 1 5 2
1003506174 16 0 1 0
1003506861 37 1 1 3
1003507052 33 1 5 2
1003507126 36 1 1 1
1003507476 32 1 2 3
1003507479 33 1 3 2
1003507730 38 1 5 3
1003507784 39 1 2 2
1003507961 41 1 6 0
1003508086 7 0 1 1
1003508764 27 0 1 0
1003509050 5 0 1 1
1003509090 41 1 7 2
1003509104 0 0 1 0
1003509114 37 1 5 3
1003509205 33 1 2 3
1003509288 28 0 1 1
1003509370 36 1 3 2
1003509750 41 1 5 3
1003510022 32 1 4 2
1003510297 4 0 1 0
1003510404 17 0 1 1
1003510464 38 1 1 1
1003510598 36 1 2 2
1003510637 23 0 1 0
1003510784 36 1 1 0
1003510996 32 1 4 3
1003511172 39 1 4 2
1003511640 16 0 1 1
1003511732 2 0 1 1
1003511902 32 1 4 2
1003512030 2 0 1 0
1003512206 30 0 1 1
1003512522 41 1 7 3
1003512534 39 1 1 2
1003512700 39 1 1 3
1003512936 2 0 1 1
1003513140 38 1 5 2
1003513713 33 1 3 3
1003513956 41 1 8 1
1003513990 41 1 8 0
1003514032 38 1 1 0
1003514174 27 0 1 1
1003514678 39 1 2 3
1003514706 38 1 3 2
1003514747 5 0 1 0
1003515470 38 1 3 3
1003515896 36 1 2 3
1003515924 25 0 1 1
1003516302 39 1 4 3
1003516396 32 1 4 3
1003516410 28 0 1 0
1003516504 25 0 1 0
1003516930 16 0 1 0
1003517336 30 0 1 0
1003517430 2 0 1 0
1003517435 33 1 3 2
1003518097 33 1 2 2
1003518862 5 0 1 1
1003519348 41 1 7 2
1003519361 4 0 1 1
1003519461 41 1 7 3
1003519618 36 1 2 2
1003519690 38 1 5 3
1003519909 33 1 5 3
1003520260 36 1 3 3
1003520510 38 1 1 1
1003520544 38 1 1 0
1003520652 16 0 1 1
1003520724 27 0 1 0
1003521294 17 0 1 0
1003521442 7 0 1 0
1003521464 39 1 1 2
1003521714 32 1 2 2
1003522402 39 1 1 3
1003522606 32 1 4 2
1003522633 33 1 3 3
1003522752 41 1 8 1
1003523328 0 0 1 1
1003523448 39 1 4 2
1003523532 32 1 4 3
1003523640 2 0 1 1
1003523678 41 1 8 0
1003523820 39 1 1 2
1003523830 39 1 1 3
1003523899 37 1 5 2
1003524214 5 0 1 0
1003524482 30 0 1 1
1003524512 39 1 2 2
1003524566 2 0 1 0
1003524777 37 1 1 2
1003525496 41 1 8 1
1003525530 41 1 8 0
1003525742 23 0 1 1
1003526016 28 0 1 1
1003526027 41 1 6 1
1003526858 37 1 1 3
1003527100 32 1 2 3
1003527892 41 1 6 0
1003528134 0 0 1 0
1003528476 38 1 5 2
1003529428 39 1 4 3
1003529510 27 0 1 1
1003529736 37 1 1 2
1003529880 36 1 2 3
1003529978 39 1 2 3
1003530462 30 0 1 0
1003530522 37 1 5 3
1003530770 41 1 6 1
1003530914 16 0 1 0
1003531193 37 1 1 3
1003531306 28 0 1 0
1003531430 32 1 4 2
1003531548 41 1 7 2
1003531724 41 1 5 2
1003531822 41 1 8 2
1003531986 23 0 1 0
1003532758 36 1 1 1
1003533019 41 1 6 0
1003533188 2 0 1 1
1003533290 38 1 1 1
1003533606 41 1 8 3
1003533608 39 1 1 1
1003533829 41 1 5 3
1003534110 36 1 3 2
1003534181 33 1 2 3
1003534304 41 1 5 2
1003534446 36 1 2 2
1003534803 41 1 5 3
1003535074 36 1 1 0
1003535144 17 0 1 1
1003535338 36 1 1 1
1003535378 39 1 1 0
1003535480 16 0 1 1
1003535678 33 1 3 2
1003535772 4 0 1 0
1003536328 36 1 1 0
1003536539 41 1 7 3
1003536857 33 1 3 3
1003537396 38 1 3 2
1003537546 5 0 1 1
1003537573 38 1 1 0
1003537606 38 1 3 3
1003537624 39 1 2 2
1003538306 33 1 3 2
1003538450 38 1 5 3
1003538520 5 0 1 0
1003538832 25 0 1 1
1003538866 25 0 1 0
1003539176 28 0 1 1
1003539340 5 0 1 1
1003539484 27 0 1 0
1003539848 36 1 2 3
1003540302 32 1 2 2
1003540612 33 1 5 2
1003540882 16 0 1 0
1003540932 37 1 5 2
1003541054 33 1 2 2
1003541336 0 0 1 1
1003541372 32 1 4 3
1003542054 7 0 1 1
1003542242 4 0 1 1
1003542406 2 0 1 0
1003542604 38 1 3 2
1003542642 23 0 1 1
1003542925 38 1 3 3
1003543316 39 1 3 2
1003543320 36 1 3 3
1003543496 38 1 3 2
1003543638 25 0 1 1
1003543959 25 0 1 0
1003544314 39 1 4 2
1003544354 17 0 1 0
1003544468 29 0 1 1
1003544483 37 1 1 2
1003544530 25 0 1 1
1003544661 38 1 3 3
1003545232 38 1 3 2
1003545348 30 0 1 1
1003545517 41 1 6 1
1003545686 37 1 5 3
1003545742 25 0 1 0
1003545777 33 1 5 3
1003546150 36 1 2 2
1003546266 25 0 1 1
1003546405 37 1 1 3
1003546661 39 1 1 2
1003546717 33 1 3 3
1003546862 39 1 5 2
1003547198 23 0 1 0
1003547286 16 0 1 1
1003547289 38 1 3 3
1003547358 7 0 1 0
1003547439 41 1 6 0
1003547756 39 1 2 3
1003547816 41 1 8 1
1003547830 39 1 4 3
1003547896 31 0 1 1
1003548250 5 0 1 0
1003548323 25 0 1 0
1003548508 32 1 2 3
1003548580 39 1 5 3
1003548722 39 1 1 3
1003548830 28 0 1 0
1003548864 30 0 1 0
1003549068 38 1 5 2
1003549480 41 1 5 2
1003549542 0 0 1 0
1003549614 31 0 1 0
1003549977 41 1 7 2
1003550116 27 0 1 1
1003550478 41 1 8 0
1003550514 36 1 1 1
1003551322 41 1 7 3
1003551734 38 1 1 1
1003552108 41 1 5 3
1003552612 38 1 1 0
1003552950 36 1 3 2
1003553826 32 1 4 2
1003553924 36 1 1 0
1003553938 39 1 3 3
1003553984 17 0 1 1
1003554860 2 0 1 1
1003555570 29 0 1 0
1003556918 39 1 2 2
1003557373 33 1 2 3
1003558006 38 1 5 3
1003558436 28 0 1 1
1003558496 39 1 4 2
1003558978 4 0 1 0
1003559040 27 0 1 0
1003559228 36 1 2 3
1003559530 30 0 1 1
1003560262 16 0 1 0
1003560948 32 1 4 3
1003560996 39 1 3 2
1003561586 39 1 5 2
1003561982 2 0 1 0
1003562296 39 1 5 3
1003562356 33 1 3 2
1003562452 29 0 1 1
1003562620 31 0 1 1
1003563274 39 1 5 2
1003563330 31 0 1 0
1003563390 5 0 1 1
1003563606 39 1 5 3
1003564308 31 0 1 1
1003564428 39 1 4 3
1003564434 32 1 2 2
1003564640 31 0 1 0
1003564744 33 1 5 2
1003565152 33 1 2 2
1003565438 39 1 2 3
1003565462 30 0 1 0
1003566090 7 0 1 1
1003566144 0 0 1 1
1003566186 4 0 1 1
1003566220 36 1 3 3
1003567198 28 0 1 0
1003567254 17 0 1 0
1003569468 38 1 5 2
1003569909 33 1 5 3
1003569942 36 1 2 2
1003570502 27 0 1 1
1003570801 33 1 3 3
1003571412 16 0 1 1
1003571460 7 0 1 0
1003571630 36 1 3 2
1003571700 32 1 2 3
1003572334 5 0 1 0
1003572368 36 1 3 3
1003572664 17 0 1 1
1003572770 39 1 5 2
1003573328 0 0 1 0
1003573358 39 1 4 2
1003573402 17 0 1 0
1003573508 39 1 5 3
1003573614 39 1 5 2
1003573804 31 0 1 1
1003574310 39 1 3 3
1003574392 30 0 1 1
1003574408 39 1 2 2
1003574542 31 0 1 0
1003574648 31 0 1 1
1003575230 39 1 5 3
1003575234 32 1 4 2
1003575386 29 0 1 0
1003575816 28 0 1 1
1003576264 31 0 1 0
1003576268 2 0 1 1
1003576814 38 1 5 3
1003577980 27 0 1 0
1003578336 39 1 4 3
1003578622 36 1 3 2
1003578781 33 1 2 3
1003579542 30 0 1 0
1003579656 17 0 1 1
1003580434 4 0 1 0
1003581192 36 1 2 3
1003582960 16 0 1 0
1003583248 32 1 4 3
1003583488 39 1 3 2
1003584028 33 1 2 2
1003584282 2 0 1 0
1003584656 33 1 3 2
1003584800 29 0 1 1
1003584870 39 1 2 3
1003584888 38 1 5 2
1003585062 4 0 1 1
1003585762 5 0 1 1
1003585922 27 0 1 1
1003586170 28 0 1 0
1003586218 33 1 5 2
1003586830 32 1 2 2
1003587244 36 1 3 3
1003587498 7 0 1 1
1003587749 33 1 5 3
1003587864 0 0 1 1
1003588278 17 0 1 0
1003588783 7 0 1 0
1003589533 33 1 2 3
1003589970 39 1 4 2
1003590567 4 0 1 0
1003590822 36 1 2 2
1003591216 30 0 1 1
1003591269 33 1 3 3
1003591596 39 1 2 2
1003591612 39 1 5 2
1003591856 16 0 1 1
1003592303 5 0 1 0
1003592384 39 1 5 3
1003592646 31 0 1 1
1003593090 38 1 5 3
1003593196 28 0 1 1
1003593418 31 0 1 0
1003593498 36 1 3 2
1003593774 32 1 4 2
1003594099 33 1 2 2
1003594124 27 0 1 0
1003594532 17 0 1 1
1003594808 2 0 1 1
1003595133 4 0 1 1
1003595262 39 1 5 2
1003595526 39 1 4 3
1003595784 32 1 2 3
1003595808 39 1 5 3
1003596164 36 1 3 3
1003596296 31 0 1 1
1003596370 39 1 3 3
1003596560 30 0 1 0
1003596818 0 0 1 0
1003596842 31 0 1 0
1003597198 17 0 1 0
1003597686 29 0 1 0
1003598367 33 1 5 2
1003598511 33 1 3 2
1003599401 7 0 1 1
1003600034 5 0 1 1
1003602312 36 1 2 3
1003602816 38 1 5 2
1003603572 16 0 1 0
1003603805 33 1 3 3
1003603850 27 0 1 1
1003604408 39 1 4 2
1003605288 39 1 4 3
1003605338 5 0 1 0
1003605442 30 0 1 1
1003605589 33 1 2 3
1003605596 32 1 4 3
1003606144 39 1 4 2
1003606182 39 1 2 3
1003606282 39 1 5 2
1003606426 39 1 3 2
1003606481 33 1 5 3
1003606623 4 0 1 0
1003606630 2 0 1 0
1003606638 36 1 3 2
1003606934 30 0 1 0
1003607088 39 1 5 3
1003607178 30 0 1 1
1003607316 31 0 1 1
1003607515 7 0 1 0
1003607672 17 0 1 1
1003608040 29 0 1 1
1003608058 28 0 1 0
1003608122 31 0 1 0
1003608746 39 1 4 3
1003610155 33 1 2 2
1003610550 30 0 1 0
1003610914 32 1 2 2
1003611006 38 1 5 3
1003611189 4 0 1 1
1003611512 33 1 3 2
1003612040 27 0 1 0
1003612312 36 1 2 2
1003612528 0 0 1 1
1003613346 16 0 1 1
1003613366 5 0 1 1
1003614018 39 1 3 3
1003614519 33 1 5 2
1003615052 29 0 1 0
1003615353 33 1 5 3
1003615553 7 0 1 1
1003616296 36 1 3 3
1003616934 7 0 1 0
1003617052 39 1 2 2
1003617185 33 1 2 3
1003617192 32 1 2 3
1003617330 17 0 1 0
1003617906 32 1 4 2
1003618219 4 0 1 0
1003618226 0 0 1 0
1003618316 28 0 1 1
1003618940 2 0 1 1
1003618969 33 1 3 3
1003620502 5 0 1 0
1003621528 38 1 5 2
1003621824 35 1 2 2
1003622562 27 0 1 1
1003622595 33 1 2 2
1003623572 39 1 4 2
1003623596 12 0 1 1
1003623629 4 0 1 1
1003623638 35 1 1 2
1003624096 33 1 3 2
1003624132 36 1 2 3
1003624273 33 1 3 3
1003624344 35 1 5 2
1003624606 30 0 1 1
1003624672 40 1 8 1
1003625378 15 0 1 1
1003625513 35 1 3 2
1003625824 16 0 1 0
1003625854 5 0 1 1
1003625888 5 0 1 0
1003626506 39 1 2 3
1003627162 13 0 1 1
1003627472 33 1 5 2
1003627568 33 1 3 2
1003627841 33 1 3 3
1003627874 28 0 1 0
1003627944 32 1 4 3
1003628506 7 0 1 1
1003628562 39 1 4 3
1003629334 35 1 4 2
1003629422 5 0 1 1
1003629476 2 0 1 0
1003629502 32 1 2 2
1003629552 5 0 1 0
1003629596 30 0 1 0
1003629732 35 1 4 3
1003629766 38 1 5 3
1003630196 33 1 3 2
1003630418 14 0 1 1
1003630536 0 0 1 1
1003631228 27 0 1 0
1003631236 35 1 1 3
1003631254 5 0 1 1
1003631344 14 0 1 0
1003631468 35 1 5 3
1003632128 35 1 2 3
1003632346 35 1 3 3
1003632502 15 0 1 0
1003632842 36 1 2 2
1003632996 40 1 8 0
1003633241 33 1 2 3
1003633300 39 1 2 2
1003633346 12 0 1 0
1003633380 13 0 1 0
1003633651 36 1 3 2
1003633900 16 0 1 1
1003634133 33 1 3 3
1003634275 4 0 1 0
1003634685 17 0 1 1
1003634708 28 0 1 1
1003635025 33 1 5 3
1003635028 39 1 3 2
1003635167 5 0 1 0
1003636059 7 0 1 0
1003636062 29 0 1 1
1003636600 39 1 4 2
1003636963 33 1 2 2
1003637634 30 0 1 1
1003637855 33 1 3 2
1003637997 4 0 1 1
1003638256 35 1 1 2
1003638341 36 1 3 3
1003638600 32 1 2 3
1003639090 38 1 5 2
1003639282 5 0 1 1
1003639290 40 1 8 1
1003639375 17 0 1 0
1003639492 35 1 3 2
1003639634 0 0 1 0
1003639790 39 1 3 3
1003640124 27 0 1 1
1003640158 32 1 4 2
1003640324 35 1 4 2
1003640556 35 1 2 2
1003640748 39 1 4 3
1003640824 29 0 1 0
1003640986 35 1 2 3
1003641142 35 1 4 3
1003641192 2 0 1 1
1003641242 35 1 5 2
1003641336 13 0 1 1
1003641782 30 0 1 0
1003641861 36 1 2 3
1003641986 14 0 1 1
1003642108 12 0 1 1
1003642142 12 0 1 0
1003642219 33 1 5 2
1003642322 40 1 7 2
1003642434 15 0 1 1
1003642864 14 0 1 0
1003642916 16 0 1 0
1003642926 35 1 5 3
1003643111 33 1 5 3
1003643788 7 0 1 1
1003643820 34 1 1 1
1003643822 35 1 5 2
1003644124 35 1 2 2
1003644218 15 0 1 0
1003644331 37 1 1 2
1003644583 37 1 1 3
1003644636 35 1 2 3
1003644714 7 0 1 0
1003644722 35 1 4 2
1003644778 35 1 4 3
1003644789 33 1 2 3
1003644856 15 0 1 1
1003645322 40 1 1 2
1003645365 41 1 6 1
1003645609 40 1 3 2
1003645744 12 0 1 1
1003645778 12 0 1 0
1003645823 4 0 1 0
1003645908 35 1 2 2
1003645986 39 1 2 3
1003646042 38 1 5 3
1003646283 36 1 3 2
1003646291 41 1 6 0
1003646356 42 1 1 1
1003646458 35 1 4 2
1003646514 14 0 1 1
1003646522 35 1 1 3
1003646548 14 0 1 0
1003646643 44 1 1 1
1003647038 28 0 1 0
1003647076 27 0 1 0
1003647317 17 0 1 1
1003647354 36 1 2 2
1003647513 33 1 3 3
1003647522 14 0 1 1
1003647548 12 0 1 1
1003647768 34 1 2 2
1003648284 35 1 5 3
1003648384 40 1 8 0
1003648388 16 0 1 1
1003648547 5 0 1 0
1003649286 8 0 1 1
1003649570 15 0 1 0
1003649904 37 1 4 2
1003650042 35 1 2 3
1003650102 35 1 3 3
1003650196 32 1 4 3
1003650199 33 1 2 2
1003650964 40 1 7 3
1003651042 35 1 4 3
1003651102 12 0 1 0
1003651136 13 0 1 0
1003651230 2 0 1 0
1003651233 4 0 1 1
1003651620 22 0 1 1
1003651808 40 1 3 3
1003651835 36 1 5 2
1003652728 34 1 1 0
1003652768 39 1 3 2
1003652842 44 1 1 0
1003652860 14 0 1 0
1003652869 19 0 1 1
1003653342 39 1 2 2
1003653523 36 1 3 3
1003654061 36 1 2 3
1003654286 29 0 1 1
1003654388 40 1 1 3
1003654512 34 1 2 3
1003654557 17 0 1 0
1003654764 28 0 1 1
1003654924 38 1 5 2
1003655168 16 0 1 0
1003655335 37 1 4 3
1003655422 42 1 1 0
1003655606 39 1 3 3
1003655972 27 0 1 1
1003656034 33 1 5 2
1003656182 8 0 1 0
1003656369 22 0 1 0
1003656640 29 0 1 0
1003656899 36 1 5 3
1003657120 7 0 1 1
1003657296 35 1 3 2
1003657383 33 1 3 2
1003657528 35 1 5 2
1003657933 19 0 1 0
1003658110 40 1 1 2
1003658214 39 1 4 2
1003658286 35 1 4 2
1003658330 13 0 1 1
1003658562 15 0 1 1
1003658714 36 1 2 2
1003658906 5 0 1 1
1003658908 35 1 1 2
1003658926 35 1 4 3
1003658968 35 1 5 3
1003659144 42 1 1 1
1003659264 35 1 5 2
1003659723 30 0 1 1
1003659748 16 0 1 1
1003659916 35 1 1 3
1003659934 14 0 1 1
1003659968 14 0 1 0
1003660070 35 1 4 2
1003660164 40 1 8 1
1003660596 35 1 1 2
1003660716 34 1 2 2
1003660758 35 1 5 3
1003660786 15 0 1 0
1003660794 35 1 1 3
1003660916 15 0 1 1
1003660950 40 1 8 0
1003661488 35 1 1 2
1003661648 34 1 2 3
1003661690 14 0 1 1
1003661785 33 1 3 3
1003661794 15 0 1 0
1003661854 35 1 4 3
1003661948 40 1 8 1
1003661982 40 1 8 0
1003662124 8 0 1 1
1003662309 36 1 3 2
1003662447 38 1 5 3
1003662522 40 1 8 1
1003662677 33 1 5 3
1003663002 8 0 1 0
1003663318 5 0 1 0
1003663343 17 0 1 1
1003663350 32 1 4 2
1003663460 14 0 1 0
1003663470 35 1 1 3
1003663481 27 0 1 0
1003663686 35 1 1 2
1003663711 7 0 1 0
1003664036 39 1 4 3
1003664384 2 0 1 1
1003664478 39 1 2 3
1003664504 40 1 8 0
1003664720 40 1 8 1
1003665206 35 1 1 3
1003665210 30 0 1 0
1003665353 33 1 2 3
1003665465 36 1 2 3
1003665693 40 1 3 2
1003665914 28 0 1 0
1003666120 40 1 7 2
1003666240 40 1 8 0
1003666499 16 0 1 0
1003666727 44 1 1 1
1003667054 35 1 4 2
1003667054 4 0 1 0
1003667373 36 1 5 2
1003667798 35 1 3 3
1003667905 38 1 5 2
1003667928 40 1 3 3
1003667946 34 1 1 1
1003668407 19 0 1 1
1003668772 40 1 1 3
1003668796 40 1 7 3
1003668846 14 0 1 1
1003668939 27 0 1 1
1003668976 32 1 4 3
1003669016 35 1 2 2
1003669088 44 1 1 0
1003669146 13 0 1 0
1003669534 35 1 2 3
1003669655 36 1 3 3
1003669724 38 1 3 2
1003669806 42 1 1 0
1003669896 35 1 5 2
1003670010 2 0 1 0
1003670608 34 1 1 0
1003670616 12 0 1 1
1003670689 17 0 1 0
1003670698 12 0 1 0
1003670758 25 0 1 1
1003670942 15 0 1 1
1003671153 39 1 3 2
1003671276 33 1 3 2
1003671508 35 1 1 2
1003671815 36 1 2 2
1003671882 35 1 3 2
1003672166 39 1 4 2
1003672187 29 0 1 1
1003672235 36 1 5 3
1003672310 5 0 1 1
1003672548 40 1 8 1
1003672849 16 0 1 1
1003673124 39 1 2 2
1003673200 30 0 1 1
1003673269 19 0 1 0
1003673302 39 1 3 3
1003673510 13 0 1 1
1003674120 33 1 2 2
1003674182 40 1 1 2
1003674235 33 1 5 2
1003674336 29 0 1 0
1003674368 35 1 2 2
1003674628 28 0 1 1
1003675028 35 1 2 3
1003675154 4 0 1 1
1003675165 33 1 5 3
1003675216 42 1 1 1
1003675316 38 1 3 3
1003675682 35 1 1 3
1003675719 37 1 1 2
1003675806 7 0 1 1
1003675909 36 1 3 2
1003676010 35 1 4 3
1003676084 12 0 1 1
1003676118 12 0 1 0
1003676356 25 0 1 0
1003676551 37 1 1 3
1003676560 35 1 5 3
1003676716 40 1 8 0
1003676732 7 0 1 0
1003676753 41 1 6 1
1003676943 17 0 1 1
1003677052 39 1 4 3
1003677455 37 1 1 2
1003677560 14 0 1 0
1003677841 33 1 3 3
1003678078 15 0 1 0
1003678086 30 0 1 0
1003678284 41 1 6 0
1003678358 37 1 4 2
1003678469 37 1 1 3
1003678525 41 1 6 1
1003678723 38 1 5 3
1003678896 41 1 7 2
1003679296 40 1 1 3
1003679361 37 1 4 3
1003679422 5 0 1 0
1003679503 41 1 6 0
1003679757 27 0 1 0
1003679930 38 1 1 1
1003680020 22 0 1 1
1003680177 36 1 5 2
1003680293 36 1 2 3
1003680330 42 1 1 0
1003680898 22 0 1 0
1003681211 19 0 1 1
1003681972 16 0 1 0
1003682260 40 1 7 2
1003682516 38 1 3 2
1003683018 40 1 1 2
1003683018 39 1 2 3
1003683550 25 0 1 1
1003683612 40 1 7 3
1003683660 34 1 1 1
1003683813 36 1 3 3
1003683819 41 1 7 3
1003684090 28 0 1 0
1003684138 42 1 1 1
1003684847 17 0 1 0
1003684853 38 1 1 0
1003684936 40 1 7 2
1003685396 34 1 1 0
1003686192 40 1 1 3
1003686370 34 1 1 1
1003686638 32 1 4 2
1003686666 35 1 3 3
1003686679 36 1 5 3
1003687192 35 1 1 2
1003687226 42 1 1 0
1003687240 40 1 7 3
1003687399 37 1 1 2
1003687446 35 1 4 2
1003687672 2 0 1 1
1003687700 13 0 1 0
1003687713 19 0 1 0
1003687758 35 1 5 2
1003688226 40 1 8 1
1003688373 38 1 3 3
1003688433 41 1 7 2
1003688497 38 1 5 2
1003688650 35 1 5 3
1003688830 15 0 1 1
1003689003 41 1 7 3
1003689032 34 1 1 0
1003689094 14 0 1 1
1003689133 41 1 6 1
1003689310 39 1 4 2
1003689325 41 1 7 2
1003689407 25 0 1 0
1003689512 38 1 1 1
1003689572 27 0 1 1
1003689868 36 1 2 2
1003690021 41 1 5 2
1003690281 33 1 2 3
1003690344 30 0 1 1
1003690390 38 1 1 0
1003690424 38 1 1 1
1003690518 15 0 1 0
1003690902 16 0 1 1
1003691228 32 1 4 3
1003691296 36 1 1 1
1003691316 35 1 2 2
1003691619 37 1 1 3
1003691634 33 1 5 2
1003691730 33 1 3 2
1003691787 37 1 4 2
1003691816 40 1 7 2
1003691872 4 0 1 0
1003692178 39 1 2 2
1003692262 2 0 1 0
1003692376 35 1 5 2
1003692599 36 1 3 2
1003692653 41 1 6 0
1003692764 5 0 1 1
1003692821 22 0 1 1
1003692957 33 1 5 3
1003693016 35 1 3 2
1003693052 12 0 1 1
1003693136 34 1 1 1
1003693212 7 0 1 1
1003693626 39 1 4 3
1003693633 17 0 1 1
1003693696 28 0 1 1
1003693831 38 1 3 2
1003693992 35 1 2 3
1003694050 35 1 5 3
1003694059 38 1 5 3
1003694098 15 0 1 1
1003694214 33 1 5 2
1003694254 13 0 1 1
1003694538 7 0 1 0
1003694660 30 0 1 0
1003694865 25 0 1 1
1003694942 35 1 1 3
1003694956 35 1 5 2
1003695093 27 0 1 0
1003695248 7 0 1 1
1003695417 37 1 4 3
1003695445 40 1 3 2
1003695654 35 1 4 3
1003695714 12 0 1 0
1003695870 15 0 1 0
1003695976 40 1 8 0
1003695990 15 0 1 1
1003696118 32 1 2 2
1003696125 41 1 5 3
1003696234 32 1 2 3
1003696479 44 1 1 1
1003696594 35 1 5 3
1003696816 34 1 2 2
1003696820 14 0 1 0
1003696969 41 1 7 3
1003697152 0 0 1 1
1003697268 0 0 1 0
1003697284 22 0 1 0
1003697389 36 1 1 0
1003697438 32 1 4 2
1003697628 15 0 1 0
1003697664 40 1 3 3
1003697854 32 1 2 2
1003697942 39 1 2 3
1003698376 38 1 1 0
1003698382 8 0 1 1
1003698412 32 1 2 3
1003698472 2 0 1 1
1003698698 44 1 1 0
1003698890 33 1 2 2
1003699148 0 0 1 1
1003699249 33 1 5 3
1003699304 32 1 4 3
1003699446 0 0 1 0
1003699448 40 1 7 3
1003699686 28 0 1 0
1003699924 4 0 1 1
1003700338 2 0 1 0
1003700549 37 1 1 2
1003700769 37 1 1 3
1003700782 7 0 1 0
1003700848 34 1 1 0
1003701583 41 1 6 1
1003701801 36 1 3 3
1003701925 33 1 3 3
1003702509 41 1 6 0
1003702645 36 1 2 3
1003702691 38 1 3 3
1003702835 17 0 1 0
1003703304 39 1 4 2
1003703428 34 1 2 3
1003703458 5 0 1 0
1003703700 16 0 1 0
1003703725 25 0 1 0
1003704338 30 0 1 1
1003704468 8 0 1 0
1003704666 32 1 2 2
1003705154 32 1 2 3
1003705700 0 0 1 1
1003706041 37 1 1 2
1003706188 0 0 1 0
1003706262 35 1 3 3
1003706402 32 1 2 2
1003706413 38 1 5 2
1003706452 35 1 1 2
1003707075 41 1 6 1
1003707250 32 1 4 2
1003707296 13 0 1 0
1003707447 27 0 1 1
1003707522 35 1 5 2
1003707550 35 1 4 2
1003707675 37 1 1 3
1003707692 40 1 8 1
1003707788 39 1 2 2
1003708068 0 0 1 1
1003708224 32 1 2 3
1003708340 39 1 4 3
1003708621 37 1 1 2
1003708853 41 1 5 2
1003708912 2 0 1 1
1003708934 32 1 2 2
1003709246 14 0 1 1
1003709258 0 0 1 0
1003709310 15 0 1 1
1003709340 28 0 1 1
1003709374 30 0 1 0
1003709436 41 1 6 0
1003709655 41 1 6 1
1003709792 41 1 7 2
1003709887 36 1 1 1
1003709934 35 1 1 3
1003709968 0 0 1 1
1003710581 37 1 1 3
1003710852 32 1 2 3
1003710942 38 1 1 1
1003710952 35 1 2 2
1003711260 40 1 8 0
1003711275 38 1 5 3
1003711615 41 1 6 0
1003711622 35 1 2 3
1003712034 41 1 8 2
1003712417 38 1 3 2
1003712440 36 1 2 2
1003712528 0 0 1 0
1003712600 12 0 1 1
1003712682 12 0 1 0
1003712738 27 0 1 0
1003713408 35 1 3 2
1003713451 25 0 1 1
1003713576 32 1 4 3
1003713628 35 1 2 2
1003713718 41 1 8 3
1003713772 39 1 1 1
1003714016 16 0 1 1
1003714195 41 1 5 3
1003714392 35 1 4 3
1003714442 13 0 1 1
1003714610 2 0 1 0
1003714842 39 1 1 0
1003715332 35 1 5 3
1003715344 12 0 1 1
1003715644 36 1 1 0
1003715651 36 1 3 2
1003716080 14 0 1 0
1003716218 33 1 2 3
1003716242 35 1 2 3
1003716398 15 0 1 0
1003716630 39 1 2 3
1003716685 17 0 1 1
1003716823 41 1 7 3
1003716875 36 1 3 3
1003717270 39 1 4 2
1003717706 4 0 1 0
1003717909 17 0 1 0
1003718054 12 0 1 0
1003718064 38 1 1 0
1003718198 28 0 1 0
1003718304 30 0 1 1
1003718864 38 1 5 2
1003718934 39 1 4 3
1003719898 27 0 1 1
1003719968 30 0 1 0
1003720960 41 1 5 2
1003721063 38 1 4 2
1003721304 41 1 5 3
1003721648 41 1 7 2
1003721773 38 1 3 3
1003722040 36 1 1 1
1003722656 39 1 4 2
1003722682 38 1 1 1
1003722773 26 0 1 1
1003722935 37 1 1 2
1003722966 36 1 1 0
1003722966 36 1 2 3
1003723088 41 1 7 3
1003723284 25 0 1 0
1003723588 41 1 5 2
1003723664 33 1 3 2
1003723690 30 0 1 1
1003723969 41 1 6 1
1003723978 37 1 1 3
1003723980 41 1 5 3
1003724094 35 1 3 3
1003724096 33 1 5 2
1003724122 38 1 1 0
1003724246 33 1 3 3
1003724290 37 1 4 2
1003724516 39 1 2 2
1003724719 37 1 1 2
1003724810 41 1 5 2
1003724810 16 0 1 0
1003724914 5 0 1 1
1003724932 39 1 1 2
1003725020 39 1 1 3
1003725130 7 0 1 1
1003725168 36 1 1 1
1003725186 33 1 5 3
1003725197 38 1 5 3
1003725250 36 1 1 0
1003725486 13 0 1 0
1003725698 33 1 2 2
1003725705 41 1 6 0
1003725745 37 1 4 3
1003725787 41 1 6 1
1003725854 5 0 1 0
1003725856 22 0 1 1
1003726020 28 0 1 1
1003726128 36 1 1 1
1003726231 27 0 1 0
1003726296 41 1 8 1
1003726330 41 1 8 0
1003726704 41 1 5 3
1003726732 4 0 1 1
1003726746 7 0 1 0
1003726782 22 0 1 0
1003726810 41 1 7 2
1003726874 32 1 4 2
1003727546 38 1 4 3
1003727600 39 1 4 3
1003727682 41 1 4 2
1003727738 36 1 1 0
1003727908 2 0 1 1
1003728140 38 1 1 1
1003728710 38 1 3 2
1003728738 30 0 1 0
1003728859 26 0 1 0
1003728958 41 1 8 2
1003729037 36 1 3 2
1003729052 45 1 2 1
1003729582 41 1 5 2
1003729584 32 1 4 3
1003729898 41 1 8 3
1003730071 17 0 1 1
1003730166 25 0 1 1
1003730176 41 1 1 2
1003730205 37 1 1 3
1003730472 39 1 1 1
1003730616 36 1 1 1
1003730703 38 1 4 2
1003731212 2 0 1 0
1003731451 38 1 5 2
1003731460 39 1 1 0
1003731540 35 1 5 2
1003731612 35 1 3 2
1003731776 42 1 2 1
1003731901 41 1 6 0
1003732317 26 0 1 1
1003732402 38 1 1 2
1003732485 27 0 1 1
1003732574 15 0 1 1
1003732706 36 1 2 2
1003732832 38 1 2 2
1003733005 38 1 1 3
1003733062 35 1 5 3
1003733114 39 1 4 2
1003733372 35 1 5 2
1003733436 41 1 7 1
1003733466 13 0 1 1
1003733685 41 1 4 3
1003733851 36 1 3 3
1003733860 16 0 1 1
1003733866 24 0 1 1
1003734039 41 1 7 0
1003734040 39 1 1 2
1003734148 30 0 1 1
1003734529 41 1 1 3
1003734564 15 0 1 0
1003734646 15 0 1 1
1003734688 39 1 1 3
1003734719 45 1 2 0
1003734846 35 1 5 3
1003734885 17 0 1 0
1003735122 41 1 8 1
1003735563 42 1 2 0
1003735778 35 1 4 2
1003735786 35 1 4 3
1003735988 39 1 2 3
1003736096 41 1 8 0
1003736416 15 0 1 0
1003737109 41 1 5 3
1003737186 14 0 1 1
1003737220 14 0 1 0
1003737410 28 0 1 0
1003737562 35 1 4 2
1003737573 36 1 3 2
1003738414 35 1 4 3
1003738537 36 1 1 0
1003738607 17 0 1 1
1003738738 38 1 2 3
1003739009 38 1 5 3
1003739038 14 0 1 1
1003739086 39 1 4 3
1003739641 41 1 7 3
1003739772 24 0 1 0
1003739850 33 1 2 3
1003739916 14 0 1 0
1003739932 32 1 2 2
1003740043 27 0 1 0
1003740120 30 0 1 0
1003740238 35 1 4 2
1003740254 32 1 4 2
1003740884 4 0 1 0
1003740966 0 0 1 1
1003741288 2 0 1 1
1003741404 38 1 1 0
1003741404 38 1 3 3
1003741734 14 0 1 1
1003741794 35 1 5 2
1003742448 25 0 1 0
1003742470 35 1 5 3
1003742949 36 1 3 3
1003742964 32 1 2 3
1003743102 15 0 1 1
1003743530 35 1 5 2
1003743856 32 1 4 3
1003743983 17 0 1 0
1003743998 0 0 1 0
1003744076 15 0 1 0
1003744890 2 0 1 0
1003745002 15 0 1 1
1003745146 35 1 5 3
1003745920 35 1 5 2
1003746404 39 1 2 2
1003746442 35 1 3 3
1003746772 15 0 1 0
1003746968 38 1 3 2
1003747456 38 1 4 3
1003747476 13 0 1 0
1003747698 15 0 1 1
1003747908 28 0 1 1
1003748438 25 0 1 1
1003749118 35 1 4 3
1003749145 36 1 2 3
1003749212 38 1 2 2
1003749327 26 0 1 0
1003749560 39 1 4 2
1003750179 16 0 1 0
1003750246 24 0 1 1
1003750448 14 0 1 0
1003750594 30 0 1 1
1003750936 38 1 1 2
1003751184 35 1 5 3
1003751185 38 1 4 2
1003752698 38 1 3 3
1003752737 26 0 1 1
1003752776 38 1 2 3
1003752806 41 1 7 1
1003752828 35 1 1 2
1003752988 15 0 1 0
1003753064 35 1 1 3
1003753198 35 1 4 2
1003753588 35 1 3 2
1003753698 41 1 7 2
1003753776 25 0 1 0
1003753810 24 0 1 0
1003753852 39 1 4 3
1003753862 40 1 8 1
1003754098 40 1 8 0
1003754317 38 1 1 3
1003754325 41 1 7 3
1003754542 41 1 7 2
1003754622 13 0 1 1
1003754660 35 1 1 2
1003754732 38 1 1 1
1003754886 30 0 1 0
1003754942 14 0 1 1
1003755038 33 1 2 2
1003755132 39 1 2 3
1003755359 38 1 1 0
1003755360 38 1 4 3
1003755516 41 1 7 0
1003755576 38 1 1 1
1003755694 40 1 8 1
1003755726 35 1 1 3
1003756072 4 0 1 1
1003756082 41 1 7 3
1003756302 35 1 4 3
1003756360 41 1 7 2
1003756529 37 1 4 2
1003756574 28 0 1 0
1003756718 35 1 4 2
1003756846 33 1 2 3
1003756860 40 1 8 0
1003757039 26 0 1 0
1003757061 37 1 1 2
1003757242 35 1 4 3
1003757394 38 1 1 0
1003757428 38 1 1 1
1003757522 35 1 5 2
1003757604 14 0 1 0
1003757680 22 0 1 1
1003757749 41 1 7 3
1003758086 35 1 5 3
1003758095 41 1 6 1
1003758296 38 1 3 2
1003758436 4 0 1 0
1003758530 14 0 1 1
1003758564 14 0 1 0
1003758653 37 1 1 3
1003758777 41 1 5 2
1003758783 38 1 1 0
1003758783 38 1 3 3
1003759158 15 0 1 1
1003759238 41 1 7 2
1003759240 15 0 1 0
1003759698 41 1 5 3
1003759766 25 0 1 1
1003759811 36 1 1 1
1003760356 41 1 6 0
1003760644 25 0 1 0
1003760655 36 1 2 2
1003760686 38 1 1 1
1003760770 32 1 4 2
1003760992 36 1 1 0
1003761090 35 1 5 2
1003761606 35 1 5 3
1003761689 16 0 1 1
1003761744 32 1 4 3
1003762000 39 1 2 2
1003762200 37 1 1 2
1003762384 2 0 1 1
1003762686 15 0 1 1
1003762768 15 0 1 0
1003762778 2 0 1 0
1003762782 39 1 4 2
1003762826 35 1 5 2
1003763161 37 1 4 3
1003763234 41 1 6 1
1003763266 41 1 7 3
1003763394 38 1 3 2
1003763456 28 0 1 1
1003763816 30 0 1 1
1003763874 35 1 4 2
1003764195 22 0 1 0
1003764300 38 1 1 0
1003764538 15 0 1 1
1003764915 25 0 1 1
1003764963 38 1 5 2
1003765174 35 1 3 3
1003765638 14 0 1 1
1003766037 27 0 1 1
1003766208 13 0 1 0
1003766455 38 1 5 3
1003766747 38 1 5 2
1003766988 41 1 7 2
1003767200 41 1 5 2
1003767632 41 1 8 2
1003767712 39 1 4 3
1003767855 27 0 1 0
1003767868 38 1 3 3
1003767889 27 0 1 1
1003767984 36 1 2 3
1003768022 38 1 1 1
1003768044 41 1 8 3
1003768234 36 1 1 1
1003768619 37 1 4 2
1003768746 30 0 1 0
1003768760 39 1 1 1
1003768954 35 1 5 3
1003769405 37 1 1 3
1003769560 25 0 1 0
1003769714 32 1 2 2
1003769714 16 0 1 0
1003769724 32 1 2 3
1003769734 39 1 1 0
1003770308 41 1 8 2
1003770388 22 0 1 1
1003770720 15 0 1 0
1003770748 0 0 1 1
1003770782 0 0 1 0
1003771060 41 1 6 0
1003771402 32 1 2 2
1003771428 35 1 3 2
1003771448 39 1 2 3
1003771552 39 1 1 1
1003772102 32 1 2 3
1003772358 35 1 4 3
1003772402 36 1 2 2
1003772436 0 0 1 1
1003772448 41 1 8 3
1003772462 13 0 1 1
1003772507 38 1 5 3
1003772925 37 1 4 3
1003773106 38 1 3 2
1003773110 28 0 1 0
1003773136 0 0 1 0
1003773436 16 0 1 1
1003773508 14 0 1 0
1003773688 41 1 7 3
1003773959 22 0 1 0
1003773975 27 0 1 0
1003774166 39 1 1 0
1003774912 25 0 1 1
1003775218 38 1 1 0
1003775424 41 1 5 3
1003775702 39 1 4 2
1003775861 37 1 2 2
1003776376 37 1 1 2
1003776458 36 1 1 0
1003776706 37 1 4 2
1003776736 30 0 1 1
1003776895 20 0 1 1
1003777410 41 1 6 1
1003777433 37 1 1 3
1003777644 39 1 2 2
1003778244 22 0 1 1
1003778690 38 1 3 3
1003778743 36 1 3 2
1003779134 36 1 3 3
1003779196 28 0 1 1
1003779248 32 1 2 2
1003779308 41 1 6 0
1003779584 32 1 2 3
1003779724 25 0 1 0
1003779777 17 0 1 1
1003779980 39 1 4 3
1003780168 17 0 1 0
1003780282 0 0 1 1
1003780298 32 1 4 2
1003780618 0 0 1 0
1003780936 32 1 2 2
1003781014 30 0 1 0
1003781332 2 0 1 1
1003781368 32 1 2 3
1003781405 37 1 2 3
1003781876 41 1 4 2
1003781970 0 0 1 1
1003781996 37 1 1 2
1003782119 36 1 3 2
1003782222 41 1 7 2
1003782260 32 1 4 3
1003782402 0 0 1 0
1003782439 20 0 1 0
1003782574 41 1 7 3
1003782620 41 1 1 2
1003782737 37 1 4 3
1003782910 45 1 2 1
1003783030 41 1 6 1
1003783066 41 1 7 2
1003783153 17 0 1 1
1003783294 2 0 1 0
1003783395 36 1 3 3
1003783418 41 1 7 3
1003783498 36 1 2 3
1003783606 41 1 5 2
1003783654 42 1 2 1
1003783771 22 0 1 0
1003783858 35 1 3 3
1003784090 38 1 1 1
1003784124 38 1 1 0
1003784198 41 1 4 3
1003784206 38 1 1 1
1003784360 32 1 2 2
1003784429 17 0 1 0
1003784452 38 1 1 0
1003784790 36 1 1 1
1003784888 32 1 2 3
1003784994 16 0 1 0
1003785016 13 0 1 0
1003785138 32 1 4 2
1003785232 45 1 2 0
1003785394 0 0 1 1
1003785598 41 1 7 2
1003785732 41 1 8 2
1003785922 0 0 1 0
1003786096 32 1 2 2
1003786172 2 0 1 1
1003786305 37 1 1 3
1003786632 38 1 1 1
1003786720 32 1 2 3
1003786968 39 1 1 1
1003787117 36 1 3 2
1003787130 0 0 1 1
1003787339 41 1 6 0
1003787429 38 1 5 2
1003787784 32 1 2 2
1003787840 35 1 4 2
1003787920 41 1 4 2
1003788151 17 0 1 1
1003788183 41 1 8 3
1003788300 0 0 1 0
1003788504 32 1 2 3
1003788588 36 1 2 2
1003788818 0 0 1 1
1003788885 27 0 1 1
1003788954 45 1 2 1
1003789027 41 1 4 3
1003789260 38 1 3 2
1003789358 14 0 1 1
1003789396 32 1 4 3
1003789522 41 1 5 3
1003789538 0 0 1 0
1003789630 39 1 1 0
1003789630 39 1 2 3
1003789977 36 1 4 2
1003790027 37 1 4 2
1003790061 45 1 2 0
1003790236 16 0 1 1
1003790430 2 0 1 0
1003790462 41 1 7 3
1003790556 36 1 1 0
1003790763 41 1 1 3
1003790850 25 0 1 1
1003791011 18 0 1 1
1003791286 28 0 1 0
1003791496 38 1 1 0
1003791796 22 0 1 1
1003791797 42 1 2 0
1003792878 35 1 3 2
1003793088 36 1 4 3
1003793698 35 1 5 2
1003793912 13 0 1 1
1003793951 37 1 2 2
1003794122 18 0 1 0
1003794124 38 1 3 3
1003794466 35 1 4 3
1003794732 15 0 1 1
1003794787 38 1 5 3
1003795222 25 0 1 0
1003795358 35 1 5 3
1003795364 20 0 1 1
1003795629 37 1 2 3
1003796007 27 0 1 0
1003796240 14 0 1 0
1003796627 37 1 2 2
1003796710 15 0 1 0
1003796810 36 1 4 2
1003797009 37 1 4 3
1003797182 20 0 1 0
1003797338 32 1 2 2
1003797376 32 1 2 3
1003797452 36 1 3 3
1003797702 36 1 4 3
1003797844 18 0 1 1
1003798108 20 0 1 1
1003798353 37 1 2 3
1003798372 0 0 1 1
1003798410 0 0 1 0
1003798486 17 0 1 0
1003798736 18 0 1 0
1003798760 22 0 1 0
1003799074 32 1 2 2
1003799188 36 1 2 3
1003799878 20 0 1 0
1003800004 32 1 2 3
1003800108 0 0 1 1
1003800439 16 0 1 0
1003801606 32 1 2 2
1003801632 0 0 1 0
1003802678 0 0 1 1
1003802694 32 1 4 2
1003803506 37 1 2 2
1003803620 32 1 2 3
1003803728 2 0 1 1
1003803768 37 1 1 2
1003803791 41 1 7 2
1003803848 39 1 2 2
1003803940 41 1 1 2
1003804654 0 0 1 0
1003804734 41 1 1 3
1003804802 41 1 6 1
1003804825 38 1 1 1
1003804882 28 0 1 1
1003805057 20 0 1 1
1003805092 42 1 2 1
1003805441 37 1 1 3
1003805768 42 1 2 0
1003805879 38 1 5 2
1003805956 37 1 4 2
1003806336 41 1 5 2
1003806494 38 1 3 2
1003806841 41 1 6 0
1003806841 41 1 5 3
1003806922 35 1 4 2
1003806990 22 0 1 1
1003807376 36 1 1 1
1003807397 27 0 1 1
1003807528 25 0 1 1
1003807665 37 1 4 3
1003808080 32 1 4 3
1003808120 41 1 5 2
1003808206 41 1 7 3
1003808236 35 1 5 2
1003808378 14 0 1 1
1003808493 36 1 2 2
1003808577 41 1 5 3
1003808594 35 1 5 3
1003808637 36 1 1 0
1003809128 35 1 5 2
1003809464 22 0 1 0
1003809486 35 1 3 3
1003809527 16 0 1 1
1003809552 36 1 1 1
1003809660 2 0 1 0
1003809920 38 1 1 0
1003810098 15 0 1 1
1003810180 15 0 1 0
1003810214 15 0 1 1
1003810430 36 1 1 0
1003810520 13 0 1 0
1003810841 37 1 2 3
1003811159 38 1 3 3
1003811182 39 1 2 3
1003812097 20 0 1 0
1003812193 25 0 1 0
1003812216 28 0 1 0
1003812586 35 1 5 3
1003813394 41 1 1 2
1003813500 41 1 7 2
1003813620 15 0 1 0
1003813654 41 1 1 3
1003813739 38 1 5 3
1003814428 42 1 2 1
1003814688 42 1 2 0
1003814902 41 1 5 2
1003815082 41 1 7 3
1003815219 27 0 1 0
1003815236 41 1 7 2
1003815272 38 1 1 1
1003815734 36 1 2 3
1003815960 36 1 1 1
1003816116 38 1 1 0
1003816270 38 1 1 1
1003816282 41 1 5 3
1003816308 35 1 5 2
1003816734 41 1 5 2
1003816816 16 0 1 0
1003817320 41 1 1 2
1003817427 37 1 2 2
1003817476 35 1 3 2
1003817562 35 1 4 3
1003817730 36 1 1 0
1003817768 36 1 1 1
1003817780 35 1 5 3
1003818174 15 0 1 1
1003818328 39 1 2 2
1003818354 42 1 2 1
1003818367 37 1 4 2
1003818510 13 0 1 1
1003818780 14 0 1 0
1003818814 15 0 1 0
1003819233 20 0 1 1
1003819362 28 0 1 1
1003819518 36 1 2 2
1003819753 38 1 5 2
1003820089 38 1 3 2
1003820216 22 0 1 1
1003820534 32 1 4 2
1003820690 41 1 4 2
1003820742 41 1 5 3
1003821123 25 0 1 1
1003821185 16 0 1 1
1003821353 27 0 1 1
1003821508 32 1 4 3
1003821568 2 0 1 1
1003821586 41 1 1 3
1003822040 45 1 2 1
1003822065 36 1 1 0
1003822574 41 1 4 3
1003822620 42 1 2 0
1003823040 2 0 1 0
1003823210 32 1 4 2
1003823514 41 1 7 3
1003823608 45 1 2 0
1003824121 39 1 3 2
1003824221 37 1 2 3
1003824548 38 1 1 0
1003824709 37 1 4 3
1003824824 2 0 1 1
1003825155 29 0 1 1
1003825477 20 0 1 0
1003825743 22 0 1 0
1003825968 32 1 4 3
1003826346 39 1 3 3
1003826591 38 1 3 3
1003827218 41 1 4 2
1003827435 38 1 5 3
1003827477 41 1 5 2
1003827500 2 0 1 0
1003827625 25 0 1 0
1003828080 29 0 1 0
1003828252 45 1 2 1
1003828924 41 1 7 2
1003828976 41 1 1 2
1003829224 36 1 1 1
1003829271 27 0 1 0
1003829710 41 1 7 3
1003830068 42 1 2 1
1003830676 38 1 1 1
1003830744 38 1 1 0
1003830758 39 1 2 3
1003831328 35 1 5 2
1003831456 41 1 7 2
1003831558 36 1 3 2
1003831786 35 1 3 3
1003831795 37 1 2 2
1003832042 35 1 4 2
1003832588 28 0 1 0
1003832626 15 0 1 1
1003832636 17 0 1 1
1003832674 38 1 1 1
1003832820 13 0 1 0
1003832852 20 0 1 1
1003833144 41 1 7 3
1003833206 14 0 1 1
1003833278 41 1 4 3
1003833687 37 1 4 2
1003833914 32 1 4 2
1003834312 45 1 2 0
1003834396 38 1 1 0
1003834948 2 0 1 1
1003835014 41 1 1 3
1003835337 22 0 1 1
1003835769 37 1 2 3
1003835780 32 1 4 3
1003836048 42 1 2 0
1003836814 2 0 1 0
1003837186 35 1 5 3
1003837202 20 0 1 0
1003837976 41 1 7 2
1003838041 37 1 4 3
1003838700 39 1 2 2
1003838774 15 0 1 0
1003838906 32 1 2 2
1003839075 22 0 1 0
1003839157 38 1 5 2
1003839326 39 1 4 2
1003839714 38 1 1 1
1003839734 28 0 1 1
1003839776 35 1 3 2
1003839940 0 0 1 1
1003840360 30 0 1 1
1003840512 41 1 1 2
1003840613 27 0 1 1
1003840632 35 1 5 2
1003840690 39 1 3 2
1003840810 13 0 1 1
1003840906 32 1 4 2
1003841084 32 1 4 3
1003841462 39 1 3 3
1003841546 42 1 2 1
1003841694 35 1 5 3
1003841724 29 0 1 1
1003841976 32 1 2 3
1003842342 15 0 1 1
1003842496 29 0 1 0
1003842712 2 0 1 1
1003842738 32 1 4 2
1003842746 2 0 1 0
1003842890 39 1 4 3
1003843010 0 0 1 0
1003843090 41 1 5 3
1003843220 15 0 1 0
1003843760 32 1 4 3
1003843772 2 0 1 1
1003843924 30 0 1 0
1003844153 38 1 3 2
1003844230 36 1 1 0
1003844230 36 1 2 3
1003844874 41 1 1 3
1003845122 36 1 3 3
1003845187 25 0 1 1
1003845262 35 1 4 3
1003845340 2 0 1 0
1003846074 16 0 1 0
1003846076 42 1 2 0
1003846134 37 1 2 2
1003846156 17 0 1 0
1003846296 14 0 1 0
1003846658 41 1 7 3
1003847764 38 1 1 0
1003847873 20 0 1 1
1003848598 39 1 2 3
1003848834 37 1 4 2
1003849632 28 0 1 0
1003849637 37 1 4 3
1003849715 38 1 5 3
1003850442 22 0 1 1
1003851063 27 0 1 0
1003851188 38 1 3 3
1003851393 22 0 1 0
1003851825 37 1 2 3
1003852222 25 0 1 0
1003853163 20 0 1 0
1003853210 41 1 4 2
1003853876 41 1 7 2
1003853987 41 1 4 3
1003854244 45 1 2 1
1003854430 32 1 4 2
1003854508 41 1 4 2
1003854876 36 1 2 2
1003854898 41 1 5 2
1003855021 45 1 2 0
1003855598 38 1 1 1
1003855899 45 1 2 1
1003855932 36 1 1 1
1003856021 16 0 1 1
1003856044 2 0 1 1
1003856422 41 1 4 3
1003856482 35 1 5 2
1003856482 35 1 5 3
1003856810 35 1 3 3
1003857022 41 1 4 2
1003857188 32 1 4 3
1003857326 35 1 5 2
1003857410 41 1 7 3
1003857432 39 1 2 2
1003857456 45 1 2 0
1003858286 38 1 3 2
1003858314 15 0 1 1
1003858348 15 0 1 0
1003858360 13 0 1 0
1003858430 15 0 1 1
1003858466 28 0 1 1
1003858512 45 1 2 1
1003858720 2 0 1 0
1003859070 38 1 1 0
1003859165 38 1 5 2
1003859194 41 1 4 3
1003859320 25 0 1 1
1003859548 36 1 3 2
1003859962 38 1 3 3
1003860038 41 1 5 3
1003860228 45 1 2 0
1003860669 27 0 1 1
1003860996 25 0 1 0
1003861072 36 1 1 0
1003861352 17 0 1 1
1003862219 36 1 3 3
1003862364 35 1 4 2
1003862584 35 1 4 3
1003863006 35 1 5 3
1003863256 35 1 4 2
1003863472 14 0 1 1
1003864124 17 0 1 0
1003864350 14 0 1 0
1003864384 14 0 1 1
1003864450 15 0 1 0
1003864720 39 1 4 2
1003864833 37 1 2 2
1003865099 38 1 5 3
1003865302 32 1 2 2
1003865822 39 1 4 3
1003866108 32 1 2 3
1003866378 0 0 1 1
1003866436 30 0 1 1
1003866509 20 0 1 1
1003866558 39 1 3 2
1003866707 27 0 1 0
1003866856 30 0 1 0
1003867018 35 1 3 2
1003867142 0 0 1 0
1003867252 39 1 4 2
1003867510 39 1 4 3
1003867592 29 0 1 1
1003867882 32 1 2 2
1003868052 13 0 1 1
1003868096 39 1 4 2
1003868126 39 1 2 3
1003868364 30 0 1 1
1003868544 30 0 1 0
1003868916 0 0 1 1
1003868986 32 1 2 3
1003869130 30 0 1 1
1003869208 28 0 1 0
1003869498 32 1 4 2
1003870020 0 0 1 0
1003870242 37 1 4 2
1003870532 2 0 1 1
1003870546 37 1 1 2
1003870568 32 1 4 3
1003870628 38 1 3 2
1003870934 39 1 4 3
1003870997 37 1 4 3
1003871178 35 1 4 3
1003871276 22 0 1 1
1003871545 37 1 2 3
1003871580 41 1 6 1
1003871584 36 1 2 3
1003871838 25 0 1 1
1003871968 30 0 1 0
1003872133 38 1 5 2
1003872148 2 0 1 0
1003872490 14 0 1 0
1003872618 16 0 1 0
1003872801 20 0 1 0
1003872844 22 0 1 0
1003873316 41 1 7 2
1003873733 27 0 1 1
1003874502 38 1 1 1
1003875260 41 1 5 2
1003876219 38 1 2 2
1003876429 36 1 1 1
1003876730 32 1 4 2
1003876760 41 1 4 2
1003876849 37 1 1 3
1003877118 39 1 2 2
1003877253 24 0 1 1
1003877704 32 1 4 3
1003877782 41 1 7 3
1003877986 39 1 3 3
1003878148 41 1 6 0
1003878152 28 0 1 1
1003878174 37 1 4 2
1003878188 45 1 2 1
1003878344 2 0 1 1
1003878738 2 0 1 0
1003878816 38 1 1 0
1003878881 38 1 2 3
1003879020 29 0 1 0
1003879208 22 0 1 1
1003879670 36 1 2 2
1003879783 38 1 3 3
1003879915 24 0 1 0
1003880400 32 1 2 2
1003880428 32 1 2 3
1003880627 38 1 5 3
1003880704 16 0 1 1
1003880793 37 1 2 2
1003880817 25 0 1 0
1003881266 35 1 5 2
1003881350 41 1 5 3
1003881436 35 1 4 2
1003881960 0 0 1 1
1003881994 0 0 1 0
1003882088 32 1 2 2
1003882164 32 1 2 3
1003882384 36 1 1 0
1003882446 15 0 1 1
1003882447 27 0 1 0
1003882502 41 1 4 3
1003882545 37 1 4 3
1003882565 20 0 1 1
1003882974 32 1 4 2
1003883122 0 0 1 1
1003883182 14 0 1 1
1003883198 0 0 1 0
1003883540 45 1 2 0
1003883570 35 1 3 3
1003883644 22 0 1 0
1003883838 32 1 2 2
1003883948 32 1 4 3
1003884008 2 0 1 1
1003884792 32 1 2 3
1003884872 0 0 1 1
1003884928 13 0 1 0
1003884932 35 1 4 3
1003885480 2 0 1 0
1003885966 14 0 1 0
1003886089 38 1 5 2
1003886370 32 1 2 2
1003886372 0 0 1 0
1003886624 32 1 2 3
1003886823 38 1 2 2
1003887234 35 1 5 3
1003887404 0 0 1 1
1003887601 37 1 2 3
1003887641 27 0 1 1
1003887658 0 0 1 0
1003887810 35 1 4 2
1003887857 24 0 1 1
1003888642 15 0 1 0
1003888738 39 1 2 3
1003888852 20 0 1 0
1003889328 36 1 2 3
1003889414 38 1 4 2
1003889509 38 1 3 2
1003889534 14 0 1 1
1003890472 28 0 1 0
1003890544 25 0 1 1
1003890804 16 0 1 0
1003890992 35 1 3 2
1003891089 26 0 1 1
1003891378 35 1 5 2
1003892026 13 0 1 1
1003892912 35 1 5 3
1003893006 15 0 1 1
1003893681 38 1 2 3
1003893753 38 1 5 3
1003893918 37 1 1 2
1003893946 15 0 1 0
1003894182 37 1 4 2
1003894689 37 1 1 3
1003894715 24 0 1 0
1003895101 41 1 6 1
1003895216 22 0 1 1
1003895248 39 1 4 2
1003895441 38 1 3 3
1003895559 27 0 1 0
1003895723 41 1 6 0
1003896258 32 1 4 2
1003896282 30 0 1 1
1003896718 32 1 2 2
1003896940 37 1 2 2
1003897064 25 0 1 0
1003897280 32 1 2 3
1003897292 2 0 1 1
1003897476 39 1 2 2
1003897752 0 0 1 1
1003898031 38 1 4 3
1003898314 0 0 1 0
1003898510 28 0 1 1
1003898554 20 0 1 1
1003898601 37 1 4 3
1003898714 36 1 2 2
1003899044 36 1 2 3
1003899199 26 0 1 0
1003899654 36 1 2 2
1003899674 35 1 4 3
1003899748 16 0 1 1
1003899822 39 1 4 3
1003900078 16 0 1 0
1003900158 32 1 2 2
1003900453 22 0 1 0
1003900856 30 0 1 0
1003901192 0 0 1 1
1003901236 14 0 1 0
1003901465 16 0 1 1
1003901732 41 1 5 2
1003901788 32 1 4 3
1003901825 37 1 2 3
1003901942 32 1 2 3
1003901962 41 1 5 3
1003902467 38 1 2 2
1003902976 0 0 1 0
1003903124 20 0 1 0
1003903320 2 0 1 0
1003903500 36 1 1 1
1003903501 24 0 1 1
1003903534 36 1 1 0
1003903661 38 1 5 2
1003904036 36 1 3 2
1003904360 41 1 5 2
1003904494 41 1 5 3
1003905108 17 0 1 1
1003905117 27 0 1 1
1003905252 41 1 5 2
1003905394 36 1 1 1
1003905482 41 1 5 3
1003905528 36 1 1 0
1003906286 36 1 1 1
1003906453 36 1 5 2
1003906516 36 1 1 0
1003906578 39 1 2 3
1003906614 38 1 3 2
1003906858 35 1 3 3
1003907487 19 0 1 1
1003907648 25 0 1 1
1003907892 13 0 1 0
1003908179 38 1 4 2
1003908182 35 1 5 2
1003908264 35 1 5 3
1003908360 28 0 1 0
1003909216 15 0 1 1
1003909241 37 1 4 2
1003909298 15 0 1 0
1003909760 41 1 5 2
1003909841 26 0 1 1
1003910217 38 1 2 3
1003910224 37 1 2 2
1003910308 22 0 1 1
1003910448 36 1 2 3
1003910810 35 1 5 2
1003911251 24 0 1 0
1003911308 36 1 1 1
1003911373 38 1 5 3
1003911512 16 0 1 0
1003911844 15 0 1 1
1003912097 20 0 1 1
1003912267 36 1 3 3
1003912316 35 1 3 2
1003912410 32 1 4 2
1003912969 37 1 4 3
1003912987 27 0 1 0
1003913159 36 1 5 3
1003913350 13 0 1 1
1003913356 32 1 2 2
1003913384 32 1 2 3
1003913905 38 1 3 3
1003913980 17 0 1 0
1003914003 22 0 1 0
1003914024 2 0 1 1
1003914193 19 0 1 0
1003914200 32 1 2 2
1003914390 0 0 1 1
1003914424 0 0 1 0
1003914690 35 1 4 2
1003915072 25 0 1 0
1003915092 36 1 2 2
1003915168 32 1 4 3
1003915234 0 0 1 1
1003915507 38 1 4 3
1003916126 16 0 1 1
1003916246 14 0 1 1
1003916627 26 0 1 0
1003916700 2 0 1 0
1003916881 36 1 5 2
1003916952 32 1 2 3
1003916989 37 1 2 3
1003917100 39 1 2 2
1003917622 36 1 3 2
1003917658 35 1 5 3
1003917915 19 0 1 1
1003917922 41 1 5 3
1003917986 0 0 1 0
1003918134 28 0 1 1
1003918293 20 0 1 0
1003918726 36 1 1 2
1003918922 15 0 1 0
1003918956 36 1 1 0
1003919332 17 0 1 1
1003919760 41 1 5 1
1003919847 38 1 2 2
1003920438 32 1 4 2
1003920881 24 0 1 1
1003921089 38 1 5 2
1003921412 32 1 4 3
1003921472 2 0 1 1
1003922118 35 1 4 3
1003922545 27 0 1 1
1003922944 2 0 1 0
1003923019 36 1 1 3
1003923812 14 0 1 0
1003923922 41 1 4 2
1003924198 36 1 2 3
1003924306 41 1 5 0
1003924704 38 1 3 2
1003924729 38 1 4 2
1003924803 36 1 5 3
1003925232 16 0 1 0
1003925464 45 1 2 1
1003925590 35 1 3 3
1003925728 39 1 4 2
1003925776 25 0 1 1
1003925837 19 0 1 0
1003925861 38 1 2 3
1003926042 41 1 4 3
1003926344 41 1 4 2
1003926473 26 0 1 1
1003926762 30 0 1 1
1003926886 41 1 5 2
1003926895 24 0 1 0
1003927022 13 0 1 0
1003927076 45 1 2 0
1003927094 39 1 2 3
1003927209 38 1 5 3
1003927378 45 1 2 1
1003927479 36 1 3 3
1003927734 41 1 4 3
1003927968 36 1 1 1
1003928128 28 0 1 0
1003928284 41 1 7 2
1003928574 41 1 7 3
1003928631 27 0 1 0
1003929071 37 1 2 2
1003929080 45 1 2 0
1003929144 17 0 1 0
1003929318 38 1 1 1
1003929466 41 1 5 3
1003929554 39 1 4 3
1003929608 36 1 2 2
1003929608 38 1 1 0
1003929741 38 1 3 3
1003930020 41 1 7 2
1003930362 41 1 7 3
1003930582 36 1 1 0
1003930588 30 0 1 0
1003930690 16 0 1 1
1003930775 25 0 1 0
1003930781 20 0 1 1
1003931054 38 1 1 1
1003931057 36 1 5 2
1003931396 38 1 1 0
1003931603 37 1 4 2
1003932091 19 0 1 1
1003932091 38 1 4 3
1003932154 37 1 1 2
1003933117 38 1 5 2
1003933148 35 1 3 2
1003933188 41 1 6 1
1003933236 22 0 1 1
1003933355 26 0 1 0
1003933463 38 1 3 2
1003933630 36 1 3 2
1003933803 38 1 2 2
1003934043 38 1 3 3
1003934336 39 1 2 2
1003934542 35 1 4 2
1003934813 27 0 1 1
1003934837 24 0 1 1
1003934924 25 0 1 1
1003934935 38 1 5 3
1003934954 13 0 1 1
1003935077 25 0 1 0
1003935436 17 0 1 1
1003935721 37 1 2 3
1003935841 38 1 5 2
1003935868 28 0 1 1
1003935894 14 0 1 1
1003936025 37 1 1 3
1003936494 32 1 4 2
1003936596 35 1 5 2
1003936631 27 0 1 0
1003936854 32 1 2 2
1003937025 20 0 1 0
1003937053 37 1 4 3
1003937059 41 1 6 0
1003937509 27 0 1 1
1003937528 2 0 1 1
1003937765 38 1 3 2
1003937794 32 1 2 3
1003937888 0 0 1 1
1003937910 15 0 1 1
1003938087 22 0 1 0
1003938087 36 1 5 3
1003938666 39 1 3 2
1003938799 25 0 1 1
1003938828 0 0 1 0
1003939121 19 0 1 0
1003939204 32 1 4 3
1003939468 36 1 2 3
1003939700 29 0 1 1
1003940502 16 0 1 0
1003940570 39 1 3 3
1003940832 2 0 1 0
1003940873 38 1 2 3
1003941598 35 1 5 3
1003941907 24 0 1 0
1003942016 29 0 1 0
1003942071 38 1 5 3
1003942538 35 1 4 3
1003943006 15 0 1 0
1003943478 35 1 3 3
1003943595 27 0 1 0
1003943807 38 1 3 3
1003943826 14 0 1 0
1003944364 32 1 4 2
1003944512 13 0 1 0
1003944934 39 1 2 3
1003944940 32 1 2 2
1003945398 2 0 1 1
1003945448 32 1 2 3
1003945580 25 0 1 0
1003945616 36 1 3 3
1003945909 37 1 2 2
1003945974 0 0 1 1
1003946031 37 1 4 2
1003946482 0 0 1 0
1003946620 28 0 1 0
1003946817 37 1 4 3
1003946984 17 0 1 0
1003947460 41 1 5 2
1003947649 22 0 1 1
1003947717 36 1 5 2
1003947729 20 0 1 1
1003947895 37 1 4 2
1003948124 32 1 4 3
1003948575 22 0 1 0
1003948593 38 1 4 2
1003948745 36 1 1 1
1003948751 19 0 1 1
1003948815 38 1 2 2
1003948929 22 0 1 1
1003949752 2 0 1 0
1003949849 24 0 1 1
1003949913 38 1 5 2
1003950001 26 0 1 1
1003950182 36 1 2 2
1003950624 35 1 3 2
1003951216 16 0 1 1
1003951220 37 1 1 2
1003951465 27 0 1 1
1003951658 13 0 1 1
1003952169 37 1 4 3
1003952301 41 1 6 1
1003952314 36 1 3 2
1003952662 41 1 5 3
1003952669 37 1 2 3
1003952893 37 1 1 3
1003953624 39 1 2 2
1003953626 35 1 5 2
1003953893 22 0 1 0
1003953927 41 1 6 0
1003953937 38 1 4 3
1003953990 20 0 1 0
1003954134 35 1 5 3
1003954152 36 1 1 0
1003954168 17 0 1 1
1003954320 32 1 2 2
1003954320 32 1 2 3
1003954494 35 1 4 2
1003954658 28 0 1 1
1003954810 15 0 1 1
1003955212 32 1 2 2
1003955339 26 0 1 0
1003955354 0 0 1 1
1003955388 0 0 1 0
1003955410 35 1 5 2
1003955606 14 0 1 1
1003955673 38 1 2 3
1003955736 15 0 1 0
1003956118 32 1 4 2
1003956200 32 1 2 3
1003956246 0 0 1 1
1003956352 39 1 4 2
1003956468 15 0 1 1
1003956707 24 0 1 0
1003956722 38 1 3 2
1003956858 35 1 4 3
1003957015 38 1 5 3
1003957152 2 0 1 1
1003957386 30 0 1 1
1003957732 0 0 1 0
1003957855 36 1 5 3
1003958064 35 1 5 3
1003958220 14 0 1 0
1003958395 27 0 1 0
1003958442 39 1 4 3
1003958492 25 0 1 1
1003958889 19 0 1 0
1003959098 15 0 1 0
1003959476 30 0 1 0
1003960204 36 1 2 3
1003960426 35 1 3 3
1003960612 32 1 4 3
1003961238 16 0 1 0
1003961460 13 0 1 0
1003961646 2 0 1 0
1003961927 38 1 2 2
1003962037 38 1 5 2
1003962122 32 1 2 2
1003962444 32 1 2 3
1003962774 39 1 2 3
1003962961 24 0 1 1
1003963156 0 0 1 1
1003963478 0 0 1 0
1003963598 35 1 4 2
1003963669 37 1 4 2
1003963685 27 0 1 1
1003963808 28 0 1 0
1003964513 37 1 4 3
1003964561 37 1 4 2
1003964706 37 1 2 2
1003964741 22 0 1 1
1003965258 14 0 1 1
1003965472 41 1 5 2
1003965866 22 0 1 0
1003965866 20 0 1 1
1003965900 22 0 1 1
1003966177 41 1 5 3
1003966256 36 1 3 3
1003966297 37 1 4 3
1003966641 36 1 5 2
1003966654 36 1 1 1
1003966731 38 1 3 3
1003967090 35 1 5 2
1003967256 41 1 5 2
1003967350 36 1 2 2
1003967548 17 0 1 0
1003967572 35 1 3 2
1003967580 36 1 1 0
1003967650 22 0 1 0
1003967675 19 0 1 1
1003967724 37 1 4 2
1003967765 25 0 1 0
1003967941 38 1 2 3
1003968290 36 1 1 1
1003968462 32 1 4 2
1003968546 16 0 1 1
1003968614 15 0 1 1
1003968970 13 0 1 1
1003968975 24 0 1 0
1003969057 22 0 1 1
1003969298 35 1 3 3
1003969532 32 1 4 3
1003969768 35 1 5 3
1003969808 39 1 4 2
1003969809 37 1 2 3
1003969913 37 1 4 3
1003970152 35 1 3 2
1003970220 2 0 1 1
1003970332 13 0 1 0
1003970344 35 1 3 3
1003970566 2 0 1 0
1003970788 37 1 1 2
1003970826 39 1 3 2
1003970856 30 0 1 1
1003971130 35 1 4 3
1003971266 22 0 1 0
1003971266 20 0 1 0
1003971346 41 1 5 3
1003971550 15 0 1 0
1003971646 13 0 1 1
1003971680 13 0 1 0
1003971704 39 1 2 2
1003971822 41 1 6 1
1003971860 29 0 1 1
1003971866 36 1 4 2
1003971972 36 1 3 2
1003971987 38 1 5 3
1003972050 37 1 1 3
1003972584 14 0 1 0
1003972738 28 0 1 1
1003972788 36 1 1 0
1003972969 18 0 1 1
1003973243 27 0 1 0
1003973478 39 1 3 3
1003973517 41 1 6 0
1003973632 36 1 4 3
1003973744 17 0 1 1
1003974490 36 1 1 2
1003974512 29 0 1 0
1003974526 39 1 4 3
1003974632 41 1 5 2
1003974835 18 0 1 0
1003975560 30 0 1 0
1003975606 41 1 5 1
1003975666 36 1 1 1
1003975763 36 1 1 3
1003975770 32 1 2 2
1003975824 32 1 2 3
1003975883 38 1 2 2
1003975929 38 1 4 2
1003976614 32 1 2 2
1003976655 36 1 5 3
1003976804 0 0 1 1
1003976858 0 0 1 0
1003976917 24 0 1 1
1003977288 35 1 3 2
1003977328 41 1 5 0
1003977337 26 0 1 1
1003977608 32 1 2 3
1003977648 0 0 1 1
1003977689 19 0 1 0
1003977914 35 1 4 2
1003978241 38 1 3 2
1003978266 35 1 4 3
1003978318 37 1 4 2
1003978322 13 0 1 1
1003978642 0 0 1 0
1003978664 35 1 5 2
1003979194 32 1 2 2
1003979275 25 0 1 1
1003979310 32 1 4 2
1003979326 41 1 5 3
1003979344 32 1 2 3
1003979354 37 1 2 2
1003979561 38 1 5 2
1003979626 14 0 1 1
1003979660 14 0 1 0
1003979738 15 0 1 1
1003979809 22 0 1 1
1003979905 38 1 3 3
1003980002 35 1 5 3
1003980228 0 0 1 1
1003980284 32 1 4 3
1003980360 36 1 1 0
1003980378 0 0 1 0
1003980448 35 1 5 2
1003980494 35 1 4 2
1003980924 2 0 1 1
1003980939 25 0 1 0
1003980968 20 0 1 1
1003981113 27 0 1 1
1003981318 2 0 1 0
1003981508 15 0 1 0
1003981590 15 0 1 1
1003982048 36 1 2 3
1003982326 14 0 1 1
1003982693 38 1 4 3
1003983082 16 0 1 0
1003983338 39 1 2 3
1003983618 35 1 3 3
1003984089 37 1 4 3
1003984507 26 0 1 0
1003984652 13 0 1 0
1003984928 28 0 1 0
1003985161 22 0 1 0
1003985225 38 1 2 3
1003985354 35 1 4 3
1003985769 37 1 2 3
1003985905 38 1 3 2
1003986118 41 1 4 2
1003986183 38 1 3 3
1003986259 24 0 1 0
1003986285 36 1 5 2
1003986388 14 0 1 0
1003986510 41 1 4 3
1003986939 25 0 1 1
1003987075 38 1 5 3
1003987102 20 0 1 0
1003987152 45 1 2 1
1003987186 35 1 5 3
1003987217 25 0 1 0
1003987319 19 0 1 1
1003987364 41 1 5 2
1003987544 45 1 2 0
1003987593 38 1 3 2
1003987723 36 1 3 3
1003987967 38 1 3 3
1003988178 32 1 2 2
1003988360 32 1 2 3
1003988485 38 1 3 2
1003988514 15 0 1 0
1003988627 25 0 1 1
1003988757 17 0 1 0
1003988783 36 1 1 1
1003988839 27 0 1 0
1003989001 25 0 1 0
1003989061 32 1 4 2
1003989212 0 0 1 1
1003989394 0 0 1 0
1003989901 37 1 1 2
1003989914 32 1 2 2
1003990014 25 0 1 1
1003990038 36 1 2 2
1003990144 32 1 4 3
1003990237 37 1 1 3
1003990675 2 0 1 1
1003990845 32 1 4 2
1003990935 41 1 6 1
1003991036 32 1 2 3
1003991098 16 0 1 1
1003991178 2 0 1 0
1003991271 41 1 6 0
1003991445 36 1 3 2
1003991602 32 1 2 2
1003991615 0 0 1 1
1003991656 35 1 4 2
1003992070 0 0 1 0
1003992213 37 1 4 2
1003992479 17 0 1 1
1003992507 2 0 1 1
1003992529 37 1 1 2
1003992636 0 0 1 1
1003992820 32 1 2 3
1003992961 37 1 4 3
1003993142 14 0 1 1
1003993167 38 1 2 2
1003993247 22 0 1 1
1003993248 35 1 3 2
1003993563 41 1 6 1
1003993679 36 1 5 3
1003993760 32 1 4 3
1003993854 0 0 1 0
1003993997 37 1 4 2
1003994201 24 0 1 1
1003994282 13 0 1 1
1003994298 37 1 2 2
1003994410 22 0 1 0
1003994713 19 0 1 0
1003994794 2 0 1 0
1003995370 39 1 2 2
1003995430 41 1 5 3
1003995628 35 1 5 2
1003995865 22 0 1 1
1003995912 20 0 1 1
1003996049 38 1 5 2
1003996464 36 1 1 0
1003996524 28 0 1 1
1003996662 15 0 1 1
1003997069 38 1 4 2
1003997364 35 1 5 3
1003997588 37 1 1 3
1003997601 27 0 1 1
1003997938 35 1 4 3
1003998621 26 0 1 1
1003998637 41 1 6 0
1003998782 35 1 3 3
1003999053 37 1 2 3
1003999202 15 0 1 0
1003999229 38 1 2 3
1003999298 14 0 1 0
1003999357 38 1 3 3
1003999816 13 0 1 0
1004000145 37 1 4 3
1004000263 24 0 1 0
1004000358 20 0 1 0
1004000391 25 0 1 0
1004001217 22 0 1 0
1004001371 36 1 3 3
1004001621 36 1 5 2
1004002405 17 0 1 0
1004002605 38 1 4 3
1004002655 19 0 1 1
1004003312 36 1 2 3
1004003815 26 0 1 0
1004004346 16 0 1 0
1004004580 35 1 5 2
1004004794 39 1 2 3
1004005036 35 1 3 2
1004005554 35 1 4 2
1004005614 15 0 1 1
1004005986 28 0 1 0
1004006024 35 1 4 3
1004006070 13 0 1 1
1004006662 37 1 2 2
1004006864 14 0 1 1
1004007171 38 1 2 2
1004007185 37 1 2 3
1004007329 37 1 1 2
1004007338 35 1 4 2
1004007395 38 1 3 2
1004007790 14 0 1 0
1004007808 35 1 4 3
1004008119 38 1 5 3
1004008205 24 0 1 1
1004008324 20 0 1 1
1004008406 20 0 1 0
1004008429 25 0 1 1
1004008469 36 1 3 2
1004008588 37 1 5 2
1004008716 14 0 1 1
1004008722 36 1 2 2
1004009015 36 1 5 3
1004009197 41 1 6 1
1004009364 36 1 2 3
1004009503 17 0 1 1
1004009594 14 0 1 0
1004009595 27 0 1 0
1004009756 16 0 1 1
1004009803 23 0 1 1
1004009938 37 1 5 3
1004010049 19 0 1 0
1004010250 37 1 2 2
1004010364 41 1 5 2
1004010398 16 0 1 0
1004010753 37 1 2 3
1004011254 36 1 2 2
1004011264 37 1 5 2
1004011270 35 1 5 3
1004011398 36 1 1 1
1004011621 23 0 1 0
1004011803 37 1 4 2
1004011864 20 0 1 1
1004011946 20 0 1 0
1004012114 35 1 3 3
1004012288 16 0 1 1
1004012534 15 0 1 0
1004012595 23 0 1 1
1004012671 37 1 3 2
1004012834 41 1 8 2
1004012837 22 0 1 1
1004012926 37 1 2 2
1004013038 39 1 2 2
1004013103 38 1 2 3
1004013148 13 0 1 0
1004014002 39 1 1 1
1004014110 28 0 1 1
1004014137 24 0 1 0
1004014184 41 1 2 2
1004014463 21 0 1 1
1004014492 41 1 1 2
1004014608 20 0 1 1
1004014653 41 1 7 2
1004015115 37 1 1 3
1004015218 43 1 2 1
1004015295 37 1 2 3
1004015526 42 1 2 1
1004015687 38 1 1 1
1004015816 35 1 4 2
1004015959 37 1 3 3
1004016113 36 1 5 2
1004016128 35 1 5 2
1004016366 37 1 5 3
1004016377 38 1 4 2
1004016381 41 1 6 0
1004016381 41 1 8 3
1004016474 20 0 1 0
1004016670 35 1 5 3
1004016860 39 1 3 2
1004017017 37 1 4 3
1004017042 14 0 1 1
1004017147 19 0 1 1
1004017173 21 0 1 0
1004017191 41 1 7 3
1004017202 15 0 1 1
1004017225 41 1 1 3
1004017460 39 1 1 0
1004017649 38 1 5 2
1004017837 23 0 1 0
1004017929 26 0 1 1
1004018051 22 0 1 0
1004018080 15 0 1 0
1004018244 41 1 5 3
1004018259 42 1 2 0
1004018347 36 1 3 3
1004018412 29 0 1 1
1004018513 38 1 2 2
1004018713 38 1 3 3
1004018786 38 1 1 0
1004019189 38 1 2 3
1004019212 35 1 3 2
1004019278 36 1 1 0
1004019345 27 0 1 1
1004019381 17 0 1 0
1004019547 24 0 1 1
1004019747 25 0 1 0
1004020201 38 1 2 2
1004020223 24 0 1 0
1004020246 13 0 1 1
1004020286 35 1 3 3
1004020649 41 1 2 3
1004020782 35 1 5 2
1004020877 38 1 2 3
1004020948 35 1 3 2
1004021028 39 1 3 3
1004021235 24 0 1 1
1004021721 38 1 4 3
1004021816 13 0 1 0
1004021911 24 0 1 0
1004021982 13 0 1 1
1004022062 29 0 1 0
1004022070 35 1 5 3
1004022394 15 0 1 1
1004022508 43 1 2 0
1004022911 38 1 2 2
1004023219 26 0 1 0
1004023368 15 0 1 0
1004023410 35 1 5 2
1004023854 35 1 5 3
1004023945 24 0 1 1
1004024229 37 1 1 2
1004024746 35 1 4 3
1004025055 37 1 4 2
1004025070 15 0 1 1
1004025152 15 0 1 0
1004025263 41 1 6 1
1004025590 35 1 3 3
1004026010 14 0 1 0
1004026126 36 1 2 3
1004026380 39 1 2 3
1004026624 13 0 1 0
1004026835 36 1 5 3
1004026925 22 0 1 1
1004027133 36 1 3 2
1004027160 16 0 1 0
1004027414 28 0 1 0
1004027691 38 1 3 2
1004027869 19 0 1 0
1004027888 35 1 5 2
1004027970 41 1 5 2
1004028167 17 0 1 1
1004028415 38 1 5 3
1004028565 37 1 1 3
1004028725 25 0 1 1
1004029004 36 1 1 1
1004029116 41 1 8 2
1004029206 41 1 2 2
1004029599 41 1 6 0
1004029630 15 0 1 1
1004029651 27 0 1 0
1004030008 41 1 8 3
1004030602 39 1 1 1
1004030781 43 1 2 1
1004031000 35 1 3 2
1004031327 38 1 2 3
1004031480 39 1 1 0
1004031792 41 1 8 2
1004031838 39 1 2 2
1004032034 13 0 1 1
1004032183 37 1 5 2
1004032361 24 0 1 0
1004032374 37 1 5 3
1004032380 36 1 2 2
1004033071 41 1 8 3
1004033298 39 1 1 1
1004033324 28 0 1 1
1004033414 16 0 1 1
1004033735 23 0 1 1
1004033769 23 0 1 0
1004033933 36 1 5 2
1004033954 35 1 4 2
1004033965 37 1 4 3
1004033997 38 1 4 2
1004034224 39 1 1 0
1004034759 41 1 5 3
1004034915 37 1 1 2
1004034967 19 0 1 1
1004035026 14 0 1 1
1004035229 22 0 1 0
1004035361 40 1 5 2
1004035501 26 0 1 1
1004035508 35 1 4 3
1004035653 37 1 1 3
1004035751 37 1 5 2
1004035949 41 1 6 1
1004035955 38 1 5 2
1004036094 36 1 1 0
1004036172 37 1 2 2
1004036395 32 1 1 1
1004036687 41 1 6 0
1004036714 14 0 1 0
1004036900 39 1 2 3
1004037033 38 1 3 3
1004037371 23 0 1 1
1004037579 41 1 2 3
1004037665 27 0 1 1
1004037820 20 0 1 1
1004037855 36 1 3 3
1004037934 28 0 1 0
1004038067 25 0 1 0
1004038531 37 1 1 2
1004038613 43 1 2 0
1004038809 37 1 4 2
1004038889 17 0 1 0
1004039066 35 1 5 3
1004039269 38 1 2 2
1004039689 41 1 6 1
1004039891 37 1 2 3
1004039958 35 1 3 3
1004040041 38 1 4 3
1004040161 37 1 4 3
1004040234 15 0 1 0
1004040303 24 0 1 1
1004040374 37 1 5 3
1004040409 22 0 1 1
1004040992 13 0 1 0
1004041326 20 0 1 0
1004041335 22 0 1 0
1004041491 26 0 1 0
1004041769 23 0 1 0
1004042145 41 1 2 2
1004042417 39 1 2 2
1004043002 41 1 5 2
1004043179 43 1 2 1
1004043451 28 0 1 1
1004043738 36 1 2 3
1004043763 36 1 5 3
1004044023 37 1 4 2
1004044036 36 1 1 1
1004044174 40 1 5 3
1004044477 37 1 1 3
1004044610 35 1 4 2
1004044772 16 0 1 0
1004044797 19 0 1 0
1004045505 22 0 1 1
1004045511 41 1 6 0
1004045644 14 0 1 1
1004045963 38 1 3 2
1004046035 38 1 5 3
1004046046 32 1 1 0
1004046403 41 1 2 3
1004046641 36 1 3 2
1004046997 25 0 1 1
1004047247 41 1 5 3
1004047460 36 1 2 2
1004047675 17 0 1 1
1004047777 43 1 2 0
1004047827 27 0 1 0
1004047900 35 1 3 2
1004048281 36 1 1 0
1004048494 16 0 1 1
1004048934 13 0 1 1
1004049292 39 1 2 3
1004049503 38 1 2 3
1004049935 37 1 1 2
1004050326 28 0 1 0
1004050537 24 0 1 0
1004050969 41 1 6 1
1004051136 41 1 8 2
1004051164 37 1 2 2
1004051511 37 1 5 2
1004051705 36 1 5 2
1004051760 35 1 5 2
1004052028 41 1 8 3
1004052186 37 1 2 3
1004052457 37 1 4 3
1004052657 41 1 5 2
1004052684 41 1 2 2
1004052739 19 0 1 1
1004052882 37 1 5 3
1004052895 39 1 1 1
1004052920 41 1 8 2
1004052956 20 0 1 1
1004053138 23 0 1 1
1004053194 15 0 1 1
1004053441 36 1 2 3
1004053821 39 1 1 0
1004053834 20 0 1 0
1004053954 36 1 1 1
1004054005 38 1 4 2
1004054038 40 1 5 2
1004054064 23 0 1 0
1004054145 38 1 5 2
1004054159 43 1 2 1
1004054233 22 0 1 0
1004054475 16 0 1 0
1004054592 41 1 1 2
1004054795 39 1 1 1
1004055074 35 1 4 3
1004055450 32 1 1 1
1004055749 26 0 1 1
1004055757 42 1 2 1
1004055889 27 0 1 1
1004056338 14 0 1 0
1004056437 38 1 3 3
1004056741 41 1 7 2
1004057163 36 1 2 2
1004057445 38 1 2 2
1004057471 25 0 1 0
1004057775 38 1 1 1
1004058186 37 1 1 3
1004058197 16 0 1 1
1004058265 38 1 4 3
1004058479 24 0 1 1
1004058642 35 1 5 3
1004059099 36 1 3 3
1004059147 41 1 5 3
1004059265 41 1 6 0
1004059582 35 1 3 3
1004059810 15 0 1 0
1004060051 26 0 1 0
1004060109 41 1 1 3
1004060133 17 0 1 0
1004060181 36 1 1 0
1004060407 37 1 4 2
1004060429 40 1 2 2
1004060616 13 0 1 0
1004061143 42 1 2 0
1004061463 43 1 1 1
1004061631 36 1 5 3
1004061966 40 1 5 3
1004061989 22 0 1 1
1004062070 37 1 5 2
1004062665 19 0 1 0
1004062689 41 1 2 3
1004062858 40 1 2 3
1004063000 32 1 1 0
1004063490 37 1 5 3
1004063720 37 1 2 2
1004063723 43 1 2 0
1004063806 37 1 5 2
1004063862 23 0 1 1
1004063892 43 1 1 0
1004064379 38 1 3 2
1004064416 37 1 5 3
1004064425 41 1 7 3
1004064788 23 0 1 0
1004064870 23 0 1 1
1004064993 37 1 2 3
1004065017 38 1 2 3
1004065368 20 0 1 1
1004065413 25 0 1 1
1004065429 38 1 4 2
1004065571 39 1 2 2
1004065590 37 1 5 2
1004065796 23 0 1 0
1004066051 24 0 1 0
1004066186 37 1 5 3
1004066269 38 1 5 3
1004066282 38 1 1 0
1004066294 20 0 1 0
1004066396 37 1 2 2
1004066580 40 1 5 2
1004066605 28 0 1 1
1004066722 23 0 1 1
1004066933 36 1 2 3
1004067126 38 1 4 3
1004067222 40 1 5 3
1004067269 26 0 1 1
1004067588 37 1 2 3
1004067600 23 0 1 0
1004067614 32 1 1 1
1004067640 37 1 5 2
1004067739 27 0 1 0
1004067816 35 1 5 2
1004067945 41 1 8 3
1004067967 16 0 1 0
1004068038 37 1 5 3
1004068112 20 0 1 1
1004068268 40 1 5 2
1004068878 32 1 1 0
1004068922 41 1 2 2
1004068938 15 0 1 1
1004068945 37 1 1 2
1004068991 26 0 1 0
1004069015 39 1 1 0
1004069038 20 0 1 0
1004069044 37 1 2 2
1004069442 35 1 4 2
1004069458 37 1 5 2
1004069466 23 0 1 1
1004069500 23 0 1 0
1004069804 32 1 1 1
1004069875 37 1 3 2
1004069956 43 1 2 1
1004069979 41 1 6 1
1004070152 35 1 3 2
1004070610 14 0 1 1
1004070748 37 1 3 3
1004070856 20 0 1 1
1004071219 13 0 1 1
1004071318 23 0 1 1
1004071353 37 1 4 3
1004071357 41 1 5 2
1004071427 21 0 1 1
1004071693 38 1 4 2
1004072022 35 1 5 3
1004072353 21 0 1 0
1004072391 36 1 1 1
1004072559 22 0 1 0
1004072949 36 1 3 2
1004072959 38 1 2 2
1004073064 39 1 2 3
1004073384 15 0 1 0
1004073437 26 0 1 1
1004073642 41 1 8 2
1004073886 37 1 2 3
1004073983 17 0 1 1
1004073993 24 0 1 1
1004074009 38 1 5 2
1004074034 41 1 1 2
1004074350 37 1 1 3
1004074413 28 0 1 0
1004074698 35 1 4 3
1004074829 41 1 8 3
1004074875 36 1 2 2
1004074969 38 1 3 3
1004075149 39 1 1 1
1004075242 37 1 5 3
1004075302 20 0 1 0
1004075520 42 1 2 1
1004075693 38 1 4 3
1004075732 14 0 1 0
1004075849 27 0 1 1
1004075909 16 0 1 1
1004075919 41 1 1 3
1004076003 25 0 1 0
1004076075 39 1 1 0
1004076089 41 1 6 0
1004076608 23 0 1 0
1004076697 36 1 3 3
1004076895 26 0 1 0
1004076933 41 1 2 3
1004076953 42 1 2 0
1004077731 17 0 1 0
1004077967 43 1 2 0
1004078213 32 1 5 2
1004078914 40 1 5 3
1004079640 35 1 5 2
1004080005 3 0 1 1
1004080156 35 1 4 2
1004080674 15 0 1 1
1004080789 32 1 1 0
1004081944 14 0 1 1
1004082093 41 1 5 3
1004082239 37 1 4 2
1004082997 37 1 1 2
1004083055 38 1 3 2
1004083127 36 1 1 0
1004083337 38 1 2 3
1004083971 38 1 5 3
1004084031 41 1 6 1
1004084031 22 0 1 1
1004084089 25 0 1 1
1004084357 32 1 5 3
1004084371 24 0 1 0
1004084915 37 1 3 2
1004085006 37 1 3 3
1004085263 27 0 1 0
1004085402 35 1 3 3
1004085807 37 1 3 2
1004085995 3 0 1 0
1004086302 37 1 5 2
1004086436 13 0 1 0
1004086563 21 0 1 1
1004086597 21 0 1 0
1004086958 37 1 3 3
1004087523 21 0 1 1
1004087864 37 1 2 2
1004087898 37 1 1 3
1004087937 40 1 5 2
1004087958 23 0 1 1
1004088497 21 0 1 0
1004088742 37 1 2 3
1004088932 41 1 6 0
1004088970 35 1 5 3
1004089035 36 1 2 3
1004089329 37 1 4 3
1004089346 32 1 1 1
1004089512 20 0 1 1
1004089814 35 1 4 3
1004090069 16 0 1 0
1004090282 37 1 5 3
1004090363 22 0 1 0
1004090438 20 0 1 0
1004090720 15 0 1 0
1004090848 14 0 1 0
1004091512 23 0 1 0
1004091759 38 1 3 3
1004092347 40 1 2 2
1004092411 38 1 5 2
1004092500 35 1 3 2
1004092793 25 0 1 0
1004093381 43 1 1 1
1004093534 13 0 1 1
1004093536 35 1 4 2
1004093974 32 1 2 2
1004094274 27 0 1 1
1004094826 40 1 5 3
1004095045 14 0 1 1
1004095087 0 0 1 1
1004095158 35 1 5 2
1004096276 32 1 1 0
1004096610 40 1 2 3
1004096781 15 0 1 1
1004097624 37 1 1 2
1004097644 43 1 1 0
1004098367 37 1 4 2
1004098658 41 1 6 1
1004098782 35 1 5 3
1004099401 22 0 1 1
1004100301 15 0 1 0
1004100736 32 1 2 3
1004101350 37 1 5 2
1004101407 38 1 2 2
1004101688 40 1 5 2
1004101885 38 1 3 2
1004102108 37 1 2 2
1004102223 0 0 1 0
1004102441 24 0 1 1
1004102805 37 1 2 3
1004102919 25 0 1 1
1004102965 32 1 1 1
1004103070 23 0 1 1
1004103290 35 1 4 3
1004103804 20 0 1 1
1004103886 20 0 1 0
1004104324 14 0 1 0
1004104574 37 1 5 3
1004104707 38 1 5 3
1004105316 38 1 2 3
1004105514 37 1 1 3
1004105780 23 0 1 0
1004105905 32 1 2 2
1004106240 40 1 2 2
1004106268 27 0 1 0
1004106350 24 0 1 0
1004106518 40 1 2 3
1004106915 41 1 5 2
1004106939 0 0 1 1
1004107274 43 1 1 1
1004107313 37 1 4 3
1004107335 41 1 6 0
1004107335 41 1 5 3
1004107380 33 1 5 2
1004107552 43 1 1 0
1004107702 35 1 3 3
1004107759 41 1 5 2
1004107904 35 1 4 2
1004107949 36 1 1 1
1004108347 22 0 1 0
1004108389 36 1 1 0
1004108450 7 0 1 1
1004108468 33 1 2 2
1004108736 13 0 1 0
1004108793 36 1 1 1
1004109030 14 0 1 1
1004109295 35 1 5 2
1004109502 4 0 1 1
1004109637 36 1 2 2
1004109909 32 1 1 2
1004110023 32 1 5 2
1004110086 40 1 5 3
1004110671 16 0 1 1
1004110847 15 0 1 1
1004110943 40 1 5 1
1004111637 3 0 1 1
1004111933 32 1 1 0
1004112149 33 1 3 2
1004112447 41 1 5 3
1004113390 5 0 1 1
1004113481 36 1 1 0
1004113757 33 1 2 3
1004113758 37 1 2 2
1004113835 38 1 3 3
1004114291 37 1 1 2
1004114561 32 1 2 3
1004114602 37 1 1 3
1004114649 33 1 3 3
1004114791 4 0 1 0
1004114869 25 0 1 0
1004114905 32 1 1 3
1004115135 37 1 1 2
1004115262 38 1 5 2
1004115325 41 1 6 1
1004115372 20 0 1 1
1004115495 37 1 4 2
1004115589 33 1 5 3
1004115595 0 0 1 0
1004116114 5 0 1 0
1004116137 37 1 2 3
1004116255 41 1 6 0
1004116289 41 1 6 1
1004116439 40 1 5 0
1004116556 22 0 1 1
1004116814 27 0 1 1
1004117190 20 0 1 0
1004117260 7 0 1 0
1004117701 36 1 2 3
1004118163 32 1 5 3
1004118223 40 1 5 2
1004118243 40 1 2 2
1004118735 16 0 1 0
1004118818 37 1 1 3
1004119298 35 1 4 3
1004119411 3 0 1 0
1004119414 43 1 1 1
1004119850 40 1 2 3
1004119912 35 1 3 2
1004119919 41 1 6 0
1004120053 32 1 1 1
1004120332 14 0 1 0
1004120884 43 1 1 0
1004120946 13 0 1 1
1004121082 35 1 5 3
1004121430 33 1 3 2
1004121785 33 1 3 3
1004122322 33 1 3 2
1004122410 15 0 1 0
1004122464 5 0 1 1
1004122819 5 0 1 0
1004123465 38 1 3 2
1004123945 32 1 5 2
1004124094 5 0 1 1
1004124327 33 1 2 2
1004124470 33 1 5 2
1004124499 25 0 1 1
1004124799 36 1 2 2
1004125070 33 1 2 3
1004125305 33 1 5 3
1004125361 4 0 1 1
1004125449 3 0 1 1
1004125699 38 1 5 3
1004125709 32 1 4 2
1004125833 16 0 1 1
1004126063 33 1 2 2
1004126070 7 0 1 1
1004126254 33 1 5 2
1004126743 2 0 1 1
1004126793 37 1 4 3
1004126828 4 0 1 0
1004126948 7 0 1 0
1004127024 27 0 1 0
1004127097 4 0 1 1
1004127874 7 0 1 1
1004127889 32 1 1 2
1004128056 22 0 1 0
1004128137 33 1 5 3
1004128527 36 1 3 2
1004128923 40 1 5 1
1004129057 32 1 2 2
1004129455 37 1 1 2
1004129561 17 0 1 1
1004129584 33 1 2 3
1004129594 32 1 4 3
1004129692 7 0 1 0
1004129873 33 1 3 3
1004130361 36 1 3 3
1004130405 32 1 1 3
1004130489 41 1 6 1
1004130618 4 0 1 0
1004130628 2 0 1 0
1004130767 0 0 1 1
1004130907 5 0 1 0
1004131176 40 1 7 2
1004131395 17 0 1 0
1004131432 40 1 5 3
1004131439 40 1 5 0
1004131483 40 1 7 3
1004131522 37 1 2 2
1004132384 34 1 1 1
1004132466 32 1 1 0
1004132590 37 1 4 2
1004133088 20 0 1 1
1004133310 34 1 1 0
1004133393 32 1 2 3
1004133737 36 1 2 3
1004134143 22 0 1 1
1004134427 0 0 1 0
1004134462 35 1 3 3
1004134771 16 0 1 0
1004134812 37 1 1 3
1004135177 32 1 5 3
1004135496 13 0 1 0
1004135846 41 1 6 0
1004135857 37 1 2 3
1004136004 38 1 5 2
1004136551 3 0 1 0
1004137574 33 1 2 2
1004137582 20 0 1 0
1004137666 27 0 1 1
1004138599 38 1 3 3
1004138608 4 0 1 1
1004138686 33 1 5 2
1004139633 25 0 1 0
1004139649 40 1 5 2
1004140142 7 0 1 1
1004140835 36 1 2 2
1004141180 32 1 1 1
1004141479 33 1 3 2
1004141869 16 0 1 1
1004141964 35 1 5 2
1004142024 32 1 1 2
1004142053 37 1 4 3
1004142313 33 1 3 3
1004142350 32 1 2 2
1004142523 36 1 3 2
1004142874 5 0 1 1
1004143021 36 1 3 3
1004143058 40 1 5 1
1004143220 22 0 1 0
1004143263 33 1 3 2
1004143384 0 0 1 1
1004143557 17 0 1 1
1004143672 33 1 4 2
1004143741 15 0 1 1
1004143800 5 0 1 0
1004144055 17 0 1 0
1004144297 5 0 1 1
1004144494 33 1 4 3
1004145055 36 1 3 2
1004145105 33 1 5 3
1004145131 6 0 1 1
1004145468 33 1 2 3
1004145949 33 1 3 3
1004146057 6 0 1 0
1004146087 32 1 5 2
1004146089 17 0 1 1
1004146468 7 0 1 0
1004146502 4 0 1 0
1004146653 32 1 1 3
1004146768 35 1 3 2
1004146983 5 0 1 0
1004147241 36 1 3 3
1004147385 38 1 3 2
1004147398 35 1 5 3
1004147570 40 1 5 3
1004147653 3 0 1 1
1004147687 40 1 5 0
1004147802 13 0 1 1
1004148275 17 0 1 0
1004148419 25 0 1 1
1004148432 15 0 1 0
1004148604 32 1 1 0
1004148604 32 1 5 3
1004149763 38 1 5 3
1004149773 36 1 2 3
1004150219 3 0 1 0
1004150382 37 1 4 2
1004150807 16 0 1 0
1004151036 37 1 2 2
1004151165 37 1 2 3
1004151265 37 1 1 2
1004151280 32 1 2 3
1004151396 27 0 1 0
1004151983 22 0 1 1
1004152299 41 1 6 1
1004152314 0 0 1 0
1004152684 20 0 1 1
1004152718 20 0 1 0
1004152746 37 1 1 3
1004153594 35 1 3 3
1004153797 37 1 1 2
1004154302 33 1 2 2
1004154611 41 1 6 0
1004154628 13 0 1 0
1004154700 37 1 1 3
1004154831 41 1 6 1
1004155336 4 0 1 1
1004155734 41 1 6 0
1004155800 40 1 5 2
1004156385 40 1 2 2
1004156834 32 1 1 1
1004157419 43 1 1 1
1004159064 37 1 2 2
1004159191 38 1 3 3
1004159403 36 1 2 2
1004159941 37 1 2 3
1004160225 25 0 1 0
1004160437 16 0 1 1
1004160584 33 1 2 3
1004160732 20 0 1 1
1004160833 37 1 4 3
1004160848 37 1 2 2
1004161091 36 1 3 2
1004161282 38 1 5 2
1004161589 36 1 3 3
1004161610 20 0 1 0
1004161794 40 1 5 3
1004161846 37 1 1 2
1004162061 4 0 1 0
1004162125 17 0 1 1
1004162536 20 0 1 1
1004162623 17 0 1 0
1004162639 22 0 1 0
1004162728 37 1 1 3
1004162834 27 0 1 1
1004162845 32 1 1 0
1004162903 41 1 6 1
1004163572 37 1 2 3
1004163578 40 1 2 3
1004163762 41 1 6 0
1004164426 37 1 1 2
1004164612 43 1 1 0
1004165138 37 1 1 3
1004165246 20 0 1 0
1004165460 41 1 6 1
1004166172 41 1 6 0
1004166451 33 1 2 2
1004166999 36 1 3 2
1004167200 35 1 3 2
1004167294 37 1 1 2
1004167485 4 0 1 1
1004168033 17 0 1 1
1004168067 33 1 3 2
1004168234 13 0 1 1
1004168341 36 1 3 3
1004168417 33 1 4 2
1004168516 33 1 4 3
1004168821 38 1 3 2
1004168874 37 1 2 2
1004168909 37 1 4 2
1004168931 41 1 6 1
1004168957 37 1 2 3
1004169101 5 0 1 1
1004169185 36 1 2 3
1004169375 17 0 1 0
1004169766 37 1 2 2
1004169855 25 0 1 1
1004169945 40 1 5 2
1004170031 6 0 1 1
1004170065 6 0 1 0
1004170219 16 0 1 0
1004170536 20 0 1 1
1004170570 20 0 1 0
1004170619 22 0 1 1
1004170696 35 1 5 2
1004170756 37 1 2 3
1004170979 32 1 1 1
1004171093 33 1 4 2
1004171422 37 1 1 3
1004171448 20 0 1 1
1004171484 35 1 5 3
1004171588 35 1 5 2
1004172043 38 1 5 3
1004172298 15 0 1 1
1004172422 20 0 1 0
1004172499 41 1 6 0
1004172518 15 0 1 0
1004172622 15 0 1 1
1004172727 6 0 1 1
1004173140 27 0 1 0
1004173218 35 1 5 3
1004173324 35 1 5 2
1004173916 33 1 3 3
1004174808 33 1 4 3
1004174926 15 0 1 0
1004174960 15 0 1 1
1004175002 35 1 3 3
1004175439 36 1 3 2
1004175695 5 0 1 0
1004175826 40 1 5 3
1004176036 13 0 1 0
1004176283 36 1 2 2
1004176329 6 0 1 0
1004176473 17 0 1 1
1004176973 32 1 1 0
1004177317 16 0 1 1
1004177630 35 1 5 3
1004178280 33 1 2 3
1004178469 36 1 3 3
1004178552 38 1 5 2
1004178718 15 0 1 0
1004179314 4 0 1 0
1004179503 17 0 1 0
1004179565 37 1 4 3
1004180262 27 0 1 1
1004181419 22 0 1 0
1004183111 38 1 3 3
1004184025 40 1 5 2
1004184145 25 0 1 0
1004185845 32 1 1 1
1004186909 36 1 2 3
1004187162 33 1 2 2
1004187943 37 1 2 2
1004187943 16 0 1 0
1004188509 37 1 2 3
1004188835 37 1 2 2
1004188893 4 0 1 1
1004188948 35 1 3 2
1004189121 20 0 1 1
1004189507 37 1 4 2
1004189982 13 0 1 1
1004189999 20 0 1 0
1004190033 20 0 1 1
1004190244 35 1 5 2
1004191073 22 0 1 1
1004191743 38 1 5 3
1004191922 15 0 1 1
1004191950 35 1 5 3
1004192053 37 1 2 3
1004192824 35 1 5 2
1004193100 27 0 1 0
1004193234 40 1 5 3
1004193635 20 0 1 0
1004193740 15 0 1 0
1004194268 32 1 1 0
1004194618 15 0 1 1
1004195116 35 1 5 3
1004195273 38 1 3 2
1004195470 35 1 3 3
1004195479 37 1 2 2
1004195669 37 1 2 3
1004196307 25 0 1 1
1004196436 15 0 1 0
1004196504 13 0 1 0
1004196539 36 1 3 2
1004196631 20 0 1 1
1004196635 33 1 3 2
1004196711 37 1 1 2
1004196713 20 0 1 0
1004197156 33 1 2 3
1004197263 37 1 2 2
1004197383 36 1 2 2
1004197533 33 1 3 3
1004197573 17 0 1 1
1004197745 41 1 6 1
1004197905 5 0 1 1
1004198003 37 1 5 2
1004198190 4 0 1 0
1004198297 20 0 1 1
1004198417 16 0 1 1
1004198797 5 0 1 0
1004199141 23 0 1 1
1004199263 33 1 3 2
1004199453 37 1 5 3
1004199536 40 1 5 2
1004199832 33 1 3 3
1004200038 38 1 5 2
1004200178 40 1 5 3
1004200190 38 1 2 2
1004200413 36 1 3 3
1004200570 32 1 1 1
1004200581 5 0 1 1
1004200583 37 1 5 2
1004200958 38 1 2 3
1004200959 23 0 1 0
1004201224 24 0 1 1
1004201272 40 1 5 2
1004201447 17 0 1 0
1004201473 5 0 1 0
1004201885 23 0 1 1
1004201901 32 1 1 0
1004201910 27 0 1 1
1004201961 37 1 2 3
1004201992 24 0 1 0
1004202343 33 1 3 2
1004202805 37 1 4 3
1004202827 32 1 1 1
1004203007 37 1 1 3
1004203458 33 1 2 2
1004203703 38 1 3 3
1004203719 20 0 1 0
1004203851 37 1 5 3
1004204007 22 0 1 0
1004204149 5 0 1 1
1004204563 41 1 6 0
1004204573 33 1 3 3
1004204737 25 0 1 0
1004204885 23 0 1 0
1004205209 4 0 1 1
1004205839 33 1 4 2
1004205911 33 1 3 2
1004205981 5 0 1 0
1004206321 36 1 2 3
1004206969 5 0 1 1
1004207008 35 1 5 2
1004207015 40 1 2 2
1004207114 35 1 5 3
1004207355 16 0 1 0
1004207391 6 0 1 1
1004208049 43 1 1 1
1004208074 15 0 1 1
1004208095 37 1 2 2
1004208810 40 1 2 3
1004208952 15 0 1 0
1004209177 20 0 1 1
1004209419 37 1 4 2
1004209644 33 1 4 3
1004209783 37 1 1 2
1004209844 43 1 1 0
1004209957 38 1 3 2
1004210260 35 1 3 2
1004210488 33 1 3 3
1004210817 41 1 6 1
1004210985 22 0 1 1
1004210991 25 0 1 1
1004210993 6 0 1 0
1004211093 37 1 5 2
1004211294 13 0 1 1
1004211438 40 1 5 3
1004211522 5 0 1 0
1004211721 37 1 1 3
1004212553 23 0 1 1
1004212575 36 1 2 2
1004212594 35 1 5 2
1004212617 37 1 2 3
1004212653 32 1 1 0
1004212755 41 1 6 0
1004213419 36 1 3 2
1004213609 16 0 1 1
1004213917 36 1 3 3
1004214241 20 0 1 0
1004214270 15 0 1 1
1004214453 17 0 1 1
1004214948 33 1 2 3
1004214951 17 0 1 0
1004215439 38 1 5 3
1004215982 4 0 1 0
1004215989 37 1 5 3
1004216484 27 0 1 0
1004217099 23 0 1 0
1004218483 36 1 3 2
1004218758 35 1 5 3
1004218861 37 1 4 3
1004219517 17 0 1 1
1004219602 35 1 3 3
1004220083 15 0 1 0
1004220399 22 0 1 0
1004220636 13 0 1 0
1004220669 36 1 3 3
1004221441 40 1 5 2
1004221703 17 0 1 0
1004222475 32 1 1 1
1004222986 33 1 2 2
1004223149 37 1 4 2
1004223179 38 1 3 3
1004223307 37 1 5 2
1004223541 33 1 4 2
1004223782 33 1 3 2
1004223969 37 1 2 2
1004224020 4 0 1 1
1004224045 36 1 2 3
1004224213 25 0 1 0
1004224467 33 1 4 3
1004224586 38 1 5 2
1004224797 22 0 1 1
1004224847 37 1 2 3
1004224955 23 0 1 1
1004225013 20 0 1 1
1004225079 16 0 1 0
1004225129 33 1 3 3
1004225155 6 0 1 1
1004225419 5 0 1 1
1004225566 33 1 3 2
1004225705 37 1 2 2
1004225715 37 1 1 2
1004225987 20 0 1 0
1004226081 6 0 1 0
1004226186 27 0 1 1
1004226345 5 0 1 0
1004226410 33 1 3 3
1004226600 5 0 1 1
1004226739 20 0 1 1
1004226749 41 1 6 1
1004228095 5 0 1 0
1004228507 37 1 1 3
1004228750 40 1 5 3
1004229469 37 1 2 3
1004229541 41 1 6 0
1004229863 32 1 1 0
1004230503 20 0 1 0
1004230789 37 1 5 3
1004231823 23 0 1 0
1004231944 33 1 2 3
1004232831 36 1 3 2
1004232978 4 0 1 0
1004233133 37 1 4 3
1004233329 36 1 3 3
1004233376 38 1 2 2
1004233653 38 1 3 2
1004233675 36 1 3 2
1004233865 17 0 1 1
1004234173 36 1 3 3
1004234343 38 1 5 3
1004234355 22 0 1 0
1004234363 36 1 2 2
1004234363 17 0 1 0
1004234410 24 0 1 1
1004234552 38 1 2 3
1004234687 25 0 1 1
1004234709 17 0 1 1
1004235064 38 1 2 2
1004235207 17 0 1 0
1004235397 16 0 1 1
1004235444 38 1 2 3
1004235552 27 0 1 0
1004235586 24 0 1 0
1004236098 24 0 1 1
1004236478 24 0 1 0
1004237402 33 1 2 2
1004237507 37 1 2 2
1004237545 37 1 2 3
1004237855 40 1 5 2
1004238233 37 1 1 2
1004238436 4 0 1 1
1004238515 37 1 1 3
1004239077 37 1 1 2
1004239243 37 1 2 2
1004239267 41 1 6 1
1004239320 35 1 3 2
1004239351 20 0 1 1
1004239365 32 1 1 1
1004239433 20 0 1 0
1004239815 37 1 5 2
1004240243 41 1 6 0
1004240277 41 1 6 1
1004240354 13 0 1 1
1004240427 33 1 4 2
1004240673 37 1 4 2
1004240849 23 0 1 1
1004240955 20 0 1 1
1004241058 35 1 3 3
1004241261 33 1 3 2
1004241852 33 1 3 3
1004242053 37 1 1 3
1004242075 6 0 1 1
1004242129 22 0 1 1
1004242305 5 0 1 1
1004242441 13 0 1 0
1004242542 38 1 2 2
1004242613 36 1 2 3
1004242748 38 1 5 2
1004243245 5 0 1 0
1004243576 24 0 1 1
1004243647 16 0 1 0
1004243859 41 1 6 0
1004243889 33 1 3 2
1004244458 27 0 1 1
1004244480 33 1 2 3
1004244601 37 1 5 3
1004244729 37 1 2 3
1004244981 5 0 1 1
1004245314 40 1 5 3
1004245459 38 1 3 3
1004245535 33 1 3 3
1004245635 23 0 1 0
1004245767 4 0 1 0
1004245973 35 1 3 2
1004246038 38 1 2 3
1004246264 33 1 4 3
1004246493 25 0 1 0
1004246535 20 0 1 0
1004246569 5 0 1 0
1004246693 32 1 1 0
1004247031 13 0 1 1
1004247072 24 0 1 0
1004247413 6 0 1 0
1004250157 33 1 2 2
1004250870 35 1 3 3
1004251803 37 1 2 2
1004251904 13 0 1 0
1004251979 4 0 1 1
1004252687 37 1 5 2
1004252777 37 1 2 3
1004253587 37 1 2 2
1004253623 20 0 1 1
1004253649 37 1 4 3
1004253745 40 1 5 2
1004253777 23 0 1 1
1004253811 20 0 1 0
1004254621 20 0 1 1
1004254887 38 1 5 3
1004255063 22 0 1 0
1004255261 33 1 3 2
1004255613 32 1 1 1
1004255933 38 1 3 2
1004256356 27 0 1 0
1004256407 33 1 4 2
1004256501 5 0 1 1
1004256643 37 1 5 3
1004256967 25 0 1 1
1004257347 33 1 4 3
1004258007 6 0 1 1
1004258079 23 0 1 0
1004258752 33 1 2 3
1004258933 6 0 1 0
1004259001 37 1 2 3
1004259483 36 1 2 2
1004259596 33 1 3 3
1004259815 4 0 1 0
1004260517 16 0 1 1
1004260759 20 0 1 0
1004261009 5 0 1 0
1004261337 37 1 1 2
1004261869 36 1 2 3
1004262259 37 1 4 2
1004262659 41 1 6 1
1004262903 16 0 1 0
1004263365 37 1 1 3
1004263518 40 1 5 3
1004263572 37 1 1 2
1004263777 22 0 1 1
1004264296 35 1 3 2
1004265219 41 1 6 0
1004265233 32 1 1 0
1004265253 41 1 6 1
1004265330 13 0 1 1
1004265350 38 1 5 2
1004265357 37 1 1 3
1004265879 33 1 2 2
1004266391 41 1 6 0
1004266895 38 1 3 3
1004266913 4 0 1 1
1004266998 27 0 1 1
1004267866 35 1 3 3
1004267929 25 0 1 0
1004268900 13 0 1 0
1004270396 33 1 2 3
1004270687 36 1 3 2
1004270929 36 1 2 2
1004271675 4 0 1 0
1004271721 17 0 1 1
1004271963 16 0 1 1
1004272233 37 1 2 2
1004272715 36 1 4 2
1004273081 40 1 5 2
1004273267 20 0 1 1
1004273533 33 1 2 2
1004274165 37 1 4 3
1004274201 32 1 1 1
1004274301 18 0 1 1
1004274529 36 1 2 3
1004274567 4 0 1 1
1004275346 22 0 1 0
1004275373 36 1 3 3
1004275563 16 0 1 0
1004276525 38 1 3 2
1004277221 17 0 1 0
1004277559 25 0 1 1
1004277963 38 1 5 3
1004278797 36 1 4 3
1004279427 35 1 5 2
1004279572 33 1 4 2
1004279740 27 0 1 0
1004279831 18 0 1 0
1004280034 40 1 5 3
1004280501 33 1 3 2
1004281061 35 1 5 3
1004281068 32 1 1 0
1004281205 15 0 1 1
1004281314 6 0 1 1
1004281546 5 0 1 1
1004281992 33 1 2 3
1004282055 35 1 5 2
1004282147 36 1 2 2
1004282219 35 1 3 2
1004282444 37 1 1 2
1004282511 15 0 1 0
1004282542 37 1 4 2
1004282982 35 1 5 3
1004282990 33 1 3 3
1004283026 4 0 1 0
1004283065 36 1 2 3
1004283181 16 0 1 1
1004283253 13 0 1 1
1004283363 36 1 4 2
1004283437 15 0 1 1
1004283931 36 1 2 2
1004283951 41 1 6 1
1004284025 37 1 2 3
1004284060 22 0 1 1
1004284099 16 0 1 0
1004284129 36 1 3 2
1004284363 15 0 1 0
1004284397 18 0 1 1
1004284438 5 0 1 0
1004284801 36 1 3 3
1004284869 37 1 1 3
1004285163 17 0 1 1
1004285262 20 0 1 0
1004285641 16 0 1 1
1004285645 36 1 4 3
1004285943 36 1 4 2
1004286181 17 0 1 0
1004286627 41 1 6 0
1004286899 18 0 1 0
1004286981 18 0 1 1
1004287450 33 1 2 2
1004287842 38 1 5 2
1004288273 36 1 4 3
1004288382 35 1 3 3
1004288484 4 0 1 1
1004288964 40 1 5 2
1004289128 33 1 4 3
1004289175 38 1 3 3
1004289416 13 0 1 0
1004289586 27 0 1 1
1004289713 36 1 3 2
1004289903 18 0 1 0
1004289998 32 1 1 1
1004290009 36 1 3 3
1004290209 25 0 1 0
1004290234 6 0 1 0
1004290747 17 0 1 1
1004291043 17 0 1 0
1004291401 36 1 3 2
1004291697 36 1 2 3
1004292435 17 0 1 1
1004292825 16 0 1 0
1004293124 37 1 2 2
1004294158 20 0 1 1
1004295168 33 1 3 2
1004295444 33 1 3 3
1004295612 33 1 4 2
1004295621 37 1 4 3
1004296012 33 1 3 2
1004296077 36 1 4 2
1004296502 40 1 5 3
1004296694 5 0 1 1
1004296728 5 0 1 0
1004296898 22 0 1 0
1004296905 36 1 3 3
1004297111 18 0 1 1
1004297322 6 0 1 1
1004297654 5 0 1 1
1004297673 35 1 5 2
1004298003 17 0 1 0
1004298141 32 1 1 0
1004298805 38 1 3 2
1004298808 15 0 1 1
1004298952 35 1 3 2
1004299182 35 1 5 3
1004299839 25 0 1 1
1004299986 13 0 1 1
1004300222 33 1 4 3
1004300291 38 1 5 3
1004300626 15 0 1 0
1004300676 33 1 3 3
1004301484 27 0 1 0
1004301768 6 0 1 0
1004302100 5 0 1 0
1004302460 33 1 2 3
1004302484 35 1 5 2
1004302519 36 1 2 2
1004303271 36 1 3 2
1004303494 4 0 1 0
1004303546 35 1 5 3
1004303553 16 0 1 1
1004304064 15 0 1 1
1004304301 40 1 5 2
1004304305 17 0 1 1
1004304942 15 0 1 0
1004306025 32 1 1 1
1004306270 35 1 3 3
1004306381 36 1 4 3
1004306770 37 1 4 2
1004307304 13 0 1 0
1004307681 18 0 1 0
1004307976 33 1 4 2
1004308109 37 1 2 3
1004308117 36 1 3 3
1004308336 22 0 1 1
1004309143 20 0 1 0
1004309151 17 0 1 0
1004309356 6 0 1 1
1004309572 38 1 5 2
1004309606 33 1 2 2
1004310515 38 1 3 3
1004310640 4 0 1 1
1004311282 27 0 1 1
1004311549 25 0 1 0
1004312433 36 1 2 3
1004312878 33 1 3 2
1004313066 40 1 5 3
1004313284 33 1 3 3
1004313467 16 0 1 0
1004314100 32 1 1 0
1004314104 33 1 4 3
1004314416 37 1 1 2
1004314430 5 0 1 1
1004314512 5 0 1 0
1004314831 39 1 2 2
1004315210 6 0 1 0
1004315450 41 1 6 1
1004316147 37 1 2 2
1004316342 28 0 1 1
1004316999 36 1 3 2
1004317895 20 0 1 1
1004318033 17 0 1 1
1004318919 36 1 4 2
1004318939 39 1 2 3
1004319705 37 1 4 3
1004320145 38 1 3 2
1004320613 18 0 1 1
1004320706 28 0 1 0
1004321126 22 0 1 0
1004321168 36 1 2 2
1004321179 25 0 1 1
1004321489 37 1 1 3
1004322000 35 1 3 2
1004322132 33 1 2 3
1004322406 33 1 4 2
1004322523 38 1 5 3
1004322753 36 1 3 3
1004322817 16 0 1 1
1004322840 40 1 5 2
1004323034 13 0 1 1
1004323151 41 1 6 0
1004323645 36 1 2 3
1004323676 4 0 1 0
1004323874 32 1 1 1
1004324082 6 0 1 1
1004324120 27 0 1 0
1004324317 17 0 1 0
1004324544 35 1 5 2
1004324679 16 0 1 0
1004324954 35 1 5 3
1004325381 36 1 4 3
1004325770 15 0 1 1
1004326415 18 0 1 0
1004326744 15 0 1 0
1004327678 35 1 3 3
1004327736 33 1 4 3
1004328712 13 0 1 0
1004328934 33 1 3 2
1004329434 6 0 1 0
1004329469 37 1 4 2
1004330506 5 0 1 1
1004330775 36 1 2 2
1004331227 22 0 1 1
1004331270 40 1 5 3
1004331538 33 1 2 2
1004332136 33 1 4 2
1004332222 38 1 5 2
1004332304 32 1 1 0
1004332533 16 0 1 1
1004332572 4 0 1 1
1004332575 36 1 4 2
1004332843 38 1 3 3
1004333488 6 0 1 1
1004333632 33 1 3 3
1004333870 27 0 1 1
1004333877 25 0 1 0
1004334009 18 0 1 1
1004334824 35 1 3 2
1004335000 5 0 1 0
1004335464 33 1 4 3
1004335809 37 1 2 3
1004335858 13 0 1 1
1004336994 6 0 1 0
1004337481 20 0 1 0
1004337485 36 1 2 3
1004337747 40 1 2 2
1004338166 40 1 2 3
1004338501 40 1 5 2
1004338519 16 0 1 0
1004338781 43 1 1 1
1004339114 35 1 5 2
1004339200 43 1 1 0
1004339221 36 1 4 3
1004339226 35 1 3 3
1004339735 32 1 1 1
1004340148 15 0 1 1
1004340166 35 1 5 3
1004340857 18 0 1 0
1004340992 13 0 1 0
1004341579 15 0 1 0
1004343199 36 1 3 2
1004343317 38 1 3 2
1004343789 37 1 4 3
1004343911 38 1 5 3
1004344233 17 0 1 1
1004344351 25 0 1 1
1004344972 27 0 1 0
1004345034 33 1 4 2
1004345178 22 0 1 0
1004345276 33 1 2 3
1004345343 36 1 4 2
1004345439 37 1 2 2
1004345444 37 1 1 2
1004345573 37 1 1 3
1004346050 40 1 5 3
1004346226 35 1 3 2
1004346362 35 1 3 3
1004346377 18 0 1 1
1004346473 20 0 1 1
1004346750 4 0 1 0
1004346750 6 0 1 1
1004347058 41 1 6 1
1004347092 41 1 6 0
1004347260 13 0 1 1
1004347396 13 0 1 0
1004347565 32 1 1 0
1004347853 36 1 3 3
1004348887 17 0 1 0
1004350255 36 1 2 2
1004350433 36 1 4 3
1004351289 16 0 1 1
1004351467 18 0 1 0
1004351664 35 1 3 2
1004351714 35 1 3 3
1004351884 38 1 2 2
1004352008 33 1 3 2
1004352168 38 1 5 2
1004352467 36 1 3 2
1004352698 13 0 1 1
1004352748 13 0 1 0
1004352918 24 0 1 1
1004353232 37 1 4 2
1004353501 17 0 1 1
1004353574 5 0 1 1
1004353720 33 1 2 2
1004353792 33 1 3 3
1004353878 27 0 1 1
1004354566 38 1 2 3
1004354754 4 0 1 1
1004354846 22 0 1 1
1004355123 38 1 3 3
1004355136 33 1 4 3
1004355440 5 0 1 0
1004355600 24 0 1 0
1004355641 36 1 3 3
1004355997 35 1 3 2
1004356157 25 0 1 0
1004356305 40 1 5 2
1004356562 6 0 1 0
1004356735 36 1 4 2
1004356973 17 0 1 0
1004357038 13 0 1 1
1004357769 18 0 1 1
1004357891 32 1 1 1
1004358221 36 1 2 3
1004359001 37 1 2 3
1004359255 16 0 1 0
1004360711 20 0 1 0
1004361181 35 1 5 2
1004361574 35 1 5 3
1004362289 36 1 3 2
1004362342 15 0 1 1
1004362418 35 1 3 3
1004362537 36 1 3 3
1004363268 15 0 1 0
1004363323 17 0 1 1
1004363452 13 0 1 0
1004363571 17 0 1 0
1004363880 39 1 2 2
1004363977 36 1 3 2
1004364273 36 1 4 3
1004364302 40 1 5 3
1004364551 38 1 5 3
1004364903 36 1 3 3
1004364914 28 0 1 1
1004365011 17 0 1 1
1004365336 32 1 1 0
1004365728 27 0 1 0
1004365783 39 1 2 3
1004365903 18 0 1 0
1004365937 17 0 1 0
1004366509 36 1 3 2
1004367234 28 0 1 0
1004367285 38 1 3 2
1004367543 17 0 1 1
1004367720 33 1 2 3
1004367781 36 1 3 3
1004368319 25 0 1 1
1004368655 37 1 2 2
1004368754 4 0 1 0
1004368815 17 0 1 0
1004369062 33 1 4 2
1004369483 36 1 4 2
1004369604 33 1 4 3
1004369760 40 1 5 2
1004370031 20 0 1 1
1004370466 6 0 1 1
1004370498 40 1 5 3
1004370517 18 0 1 1
1004370549 37 1 4 3
1004370627 36 1 2 2
1004370659 36 1 3 2
1004370846 33 1 4 2
1004371344 6 0 1 0
1004371457 32 1 1 1
1004371496 40 1 5 2
1004371587 32 1 1 0
1004371661 16 0 1 1
1004371693 17 0 1 1
1004372014 22 0 1 0
1004372248 35 1 5 2
1004372298 6 0 1 1
1004372530 32 1 1 1
1004373122 35 1 5 3
1004373760 15 0 1 1
1004373782 38 1 5 2
1004374641 36 1 4 3
1004374663 40 1 2 2
1004374734 15 0 1 0
1004375124 33 1 3 2
1004375526 27 0 1 1
1004375652 33 1 3 3
1004375675 18 0 1 0
1004375697 43 1 1 1
1004375706 40 1 2 3
1004375806 33 1 2 2
1004376377 36 1 3 3
1004376412 35 1 3 2
1004376511 38 1 3 3
1004376578 35 1 5 2
1004376738 35 1 5 3
1004376740 43 1 1 0
1004376786 5 0 1 1
1004376820 5 0 1 0
1004377002 4 0 1 1
1004377411 17 0 1 0
1004377446 13 0 1 1
1004377470 35 1 5 2
1004377545 25 0 1 0
1004377612 15 0 1 1
1004377630 35 1 5 3
1004377652 33 1 4 3
1004377772 15 0 1 0
1004378650 15 0 1 1
1004378684 15 0 1 0
1004379005 36 1 2 3
1004379178 40 1 5 3
1004379338 6 0 1 0
1004380039 16 0 1 0
1004380098 35 1 5 2
1004380267 32 1 1 0
1004380306 35 1 5 3
1004381076 38 1 2 2
1004381394 15 0 1 1
1004381428 15 0 1 0
1004381603 38 1 4 2
1004381921 38 1 3 2
1004382002 37 1 1 2
1004382110 24 0 1 1
1004382397 37 1 1 3
1004382705 26 0 1 1
1004382955 25 0 1 1
1004382982 35 1 3 3
1004383059 41 1 6 1
1004383929 37 1 2 3
1004384016 13 0 1 0
1004384118 41 1 6 0
1004385163 36 1 4 2
1004385215 20 0 1 0
1004386197 18 0 1 1
1004386427 40 1 5 2
1004387461 32 1 1 1
1004387949 38 1 5 3
1004388096 37 1 4 2
1004388140 33 1 2 3
1004388160 38 1 4 3
1004388284 33 1 4 2
1004389052 38 1 2 3
1004389160 27 0 1 0
1004389374 22 0 1 1
1004389442 4 0 1 0
1004389575 36 1 3 2
1004389827 26 0 1 0
1004390086 24 0 1 0
1004390138 6 0 1 1
1004390609 17 0 1 1
1004390802 35 1 5 2
1004391010 35 1 5 3
1004392575 15 0 1 1
1004392609 15 0 1 0
1004393689 36 1 4 3
1004394322 35 1 5 2
1004394530 35 1 5 3
1004394723 18 0 1 0
1004394927 38 1 3 3
1004395087 37 1 2 2
1004395214 35 1 5 2
1004395425 36 1 3 3
1004395492 33 1 4 3
1004395724 15 0 1 1
1004395758 15 0 1 0
1004395790 40 1 5 3
1004395961 25 0 1 0
1004396000 35 1 5 3
1004396106 35 1 5 2
1004396372 35 1 3 2
1004396382 20 0 1 1
1004396459 17 0 1 0
1004396636 15 0 1 1
1004396797 39 1 2 2
1004397226 6 0 1 0
1004397309 37 1 4 3
1004397406 13 0 1 1
1004397562 15 0 1 0
1004397579 32 1 1 0
1004397596 15 0 1 1
1004398146 35 1 5 3
1004398154 38 1 5 2
1004398451 39 1 2 3
1004398520 28 0 1 1
1004398802 22 0 1 0
1004399269 33 1 2 2
1004399414 15 0 1 0
1004399526 38 1 2 2
1004399754 27 0 1 1
1004400190 28 0 1 0
1004400303 4 0 1 1
1004400447 40 1 8 2
1004400560 24 0 1 1
1004401497 35 1 1 1
1004401714 35 1 3 3
1004402003 40 1 5 2
1004402523 36 1 3 2
1004402523 36 1 4 2
1004402748 13 0 1 0
1004403037 32 1 1 1
1004403165 36 1 4 3
1004403391 36 1 2 2
1004403557 17 0 1 1
1004403647 38 1 2 3
1004404259 36 1 4 2
1004404401 18 0 1 1
1004404425 16 0 1 1
1004404531 18 0 1 0
1004404681 24 0 1 0
1004404901 36 1 4 3
1004405039 40 1 2 2
1004405401 38 1 3 2
1004405487 38 1 5 3
1004405745 36 1 3 3
1004406073 43 1 1 1
1004406137 18 0 1 1
1004406219 18 0 1 0
1004406435 25 0 1 1
1004406562 35 1 5 2
1004406779 17 0 1 0
1004407064 33 1 4 2
1004407146 40 1 8 3
1004407220 35 1 3 2
1004407309 27 0 1 0
1004407683 36 1 4 2
1004407738 15 0 1 1
1004408061 37 1 2 3
1004408488 13 0 1 1
1004408717 18 0 1 1
1004408822 6 0 1 1
1004408839 35 1 1 0
1004409441 33 1 2 3
1004409522 20 0 1 0
1004409774 40 1 2 3
1004410791 4 0 1 0
1004410808 43 1 1 0
1004410953 36 1 2 3
1004411478 35 1 5 3
1004411987 16 0 1 0
1004412425 32 1 5 2
1004413138 15 0 1 0
1004413533 36 1 4 3
1004413901 3 0 1 1
1004413975 38 1 3 3
1004414040 37 1 4 2
1004414202 35 1 3 3
1004414340 40 1 2 2
1004414636 37 1 1 2
1004414913 18 0 1 0
1004415009 25 0 1 0
1004415236 13 0 1 0
1004415356 33 1 4 3
1004415374 43 1 1 1
1004415592 22 0 1 1
1004415939 40 1 8 2
1004416114 41 1 6 1
1004416596 6 0 1 0
1004416718 40 1 5 3
1004417195 38 1 5 2
1004417388 35 1 1 1
1004417610 37 1 2 2
1004418253 32 1 1 0
1004418747 27 0 1 1
1004419176 20 0 1 1
1004419385 36 1 4 2
1004419394 40 1 8 3
1004420428 35 1 1 0
1004420501 37 1 1 3
1004420833 32 1 5 3
1004420869 18 0 1 1
1004421130 40 1 2 3
1004421345 37 1 4 3
1004421867 3 0 1 0
1004421932 36 1 3 2
1004422164 43 1 1 0
1004422259 41 1 6 0
1004422618 22 0 1 0
1004422761 38 1 3 2
1004422966 17 0 1 1
1004423164 40 1 8 2
1004423444 36 1 2 2
1004423569 40 1 5 2
1004423795 25 0 1 1
1004424198 35 1 1 1
1004424444 39 1 2 2
1004424603 32 1 1 1
1004425137 16 0 1 1
1004425775 40 1 2 2
1004425856 35 1 3 2
1004426154 28 0 1 1
1004426809 43 1 1 1
1004426953 13 0 1 1
1004427373 36 1 4 3
1004427599 39 1 2 3
1004427671 38 1 5 3
1004428407 18 0 1 0
1004428830 28 0 1 0
1004428966 40 1 2 3
1004429061 36 1 3 3
1004429101 27 0 1 0
1004430000 43 1 1 0
1004430095 17 0 1 0
1004430112 35 1 5 2
1004430702 40 1 8 3
1004431054 35 1 5 3
1004431157 37 1 2 3
1004431870 15 0 1 1
1004431939 36 1 4 2
1004432019 35 1 4 2
1004432203 35 1 1 0
1004432203 35 1 4 3
1004432533 36 1 2 3
1004432536 20 0 1 0
1004432788 35 1 5 2
1004432796 15 0 1 0
1004433606 14 0 1 1
1004433640 14 0 1 0
1004433817 18 0 1 1
1004433826 35 1 5 3
1004433939 35 1 3 3
1004434047 40 1 8 2
1004434105 16 0 1 0
1004434359 40 1 2 2
1004434566 15 0 1 1
1004435371 38 1 5 2
1004435393 43 1 1 1
1004435492 15 0 1 0
1004435675 35 1 1 1
1004435681 13 0 1 0
1004435949 36 1 2 2
1004436802 40 1 5 3
1004436983 16 0 1 1
1004437067 27 0 1 1
1004437070 37 1 2 2
1004437742 40 1 8 3
1004437794 37 1 4 2
1004437836 32 1 1 0
1004438039 38 1 3 3
1004438219 20 0 1 1
1004439073 25 0 1 0
1004439229 35 1 1 0
1004439429 36 1 4 3
1004439526 22 0 1 1
1004440463 18 0 1 0
1004440969 37 1 2 3
1004441762 35 1 5 2
1004442260 40 1 5 2
1004442528 35 1 5 3
1004442579 35 1 4 2
1004442701 35 1 4 3
1004442727 20 0 1 0
1004442801 37 1 4 3
1004442891 35 1 3 2
1004443294 32 1 1 1
1004443370 15 0 1 1
1004443406 36 1 2 3
1004443794 40 1 2 3
1004443972 22 0 1 0
1004444115 36 1 4 2
1004444248 15 0 1 0
1004444406 14 0 1 1
1004444440 16 0 1 0
1004444440 14 0 1 0
1004444505 13 0 1 1
1004444828 43 1 1 0
1004445149 18 0 1 1
1004445485 40 1 8 2
1004446307 37 1 2 2
1004446479 38 1 5 3
1004446996 35 1 1 1
1004447694 20 0 1 1
1004447975 36 1 3 2
1004448217 27 0 1 0
1004449009 17 0 1 1
1004449731 37 1 1 2
1004449738 35 1 3 3
1004449889 37 1 1 3
1004450201 38 1 3 2
1004450228 37 1 4 2
1004450302 36 1 4 3
1004450671 37 1 1 2
1004450781 37 1 4 3
1004450786 41 1 6 1
1004450834 40 1 8 3
1004450923 41 1 6 0
1004451235 25 0 1 1
1004451336 18 0 1 0
1004451545 13 0 1 0
1004451695 22 0 1 1
1004451705 41 1 6 1
1004452012 37 1 4 2
1004452552 35 1 1 0
1004452621 22 0 1 0
1004453595 22 0 1 1
1004453774 36 1 3 3
1004454146 40 1 2 2
1004454306 40 1 5 3
1004454427 37 1 1 3
1004454808 17 0 1 0
1004455180 43 1 1 1
1004455240 40 1 8 2
1004455340 32 1 1 0
1004455850 41 1 6 0
1004456191 36 1 2 2
1004456319 38 1 5 2
1004456976 40 1 8 3
1004456977 37 1 4 3
1004457084 35 1 1 1
1004457496 36 1 3 2
1004457901 16 0 1 1
1004457917 37 1 2 3
1004457967 27 0 1 1
1004458089 22 0 1 0
1004458090 36 1 3 3
1004458530 17 0 1 1
1004458652 35 1 1 0
1004458712 40 1 8 2
1004459124 17 0 1 0
1004459184 39 1 2 2
1004459427 38 1 3 3
1004459572 20 0 1 0
1004459746 35 1 1 1
1004459764 40 1 5 2
1004460267 39 1 2 3
1004460461 25 0 1 0
1004460606 28 0 1 1
1004460798 32 1 1 1
1004461340 40 1 8 3
1004461383 35 1 3 2
1004461484 28 0 1 0
1004462059 35 1 4 2
1004462190 40 1 2 3
1004462609 37 1 4 2
1004462764 35 1 1 0
1004462764 35 1 4 3
1004462956 13 0 1 1
1004463224 43 1 1 0
1004463716 14 0 1 1
1004463846 14 0 1 0
1004464010 37 1 2 2
1004464142 36 1 2 3
1004464175 22 0 1 1
1004464704 36 1 4 2
1004465181 16 0 1 0
1004465331 20 0 1 1
1004465578 37 1 1 2
1004466115 37 1 1 3
1004466270 18 0 1 1
1004466332 35 1 3 3
1004466612 41 1 6 1
1004467332 40 1 8 2
1004467954 41 1 6 0
1004468102 13 0 1 0
1004468213 38 1 3 2
1004468444 40 1 2 2
1004468573 37 1 4 3
1004468759 38 1 5 3
1004469020 35 1 1 1
1004469247 25 0 1 1
1004469518 40 1 8 3
1004469959 27 0 1 0
1004470054 43 1 1 1
1004470194 36 1 4 3
1004470309 22 0 1 0
1004470552 35 1 1 0
1004471286 18 0 1 0
1004473972 36 1 2 2
1004474342 40 1 5 3
1004474472 36 1 3 2
1004474912 36 1 4 2
1004475006 16 0 1 1
1004475376 32 1 1 0
1004475460 39 1 2 2
1004475506 17 0 1 1
1004476350 18 0 1 1
1004476575 38 1 2 2
1004476601 37 1 2 3
1004476844 28 0 1 1
1004477155 38 1 5 2
1004477604 40 1 8 2
1004477609 24 0 1 1
1004477982 36 1 2 3
1004478187 38 1 3 3
1004478359 20 0 1 0
1004478638 35 1 1 1
1004478661 38 1 2 3
1004478769 27 0 1 1
1004478826 36 1 4 3
1004479117 16 0 1 0
1004479221 25 0 1 0
1004479670 36 1 3 3
1004479695 24 0 1 0
1004479795 39 1 2 3
1004479860 18 0 1 0
1004480644 40 1 5 2
1004480704 17 0 1 0
1004481073 37 1 4 2
1004481198 37 1 1 2
1004481256 28 0 1 0
1004481678 32 1 1 1
1004481785 37 1 1 3
1004482226 40 1 2 3
1004482232 41 1 6 1
1004482448 35 1 3 2
1004482591 22 0 1 1
1004482845 37 1 2 2
1004483260 43 1 1 0
1004483292 35 1 3 3
1004483340 35 1 3 2
1004483578 41 1 6 0
1004483952 13 0 1 1
1004484495 36 1 2 2
1004484555 20 0 1 1
1004484878 13 0 1 0
1004484912 13 0 1 1
1004485114 35 1 5 2
1004485529 16 0 1 1
1004486282 15 0 1 1
1004486662 36 1 2 3
1004487353 37 1 4 3
1004487482 40 1 8 3
1004488085 16 0 1 0
1004488363 38 1 5 3
1004488516 35 1 1 0
1004488773 22 0 1 0
1004488986 35 1 3 3
1004489505 38 1 3 2
1004489823 27 0 1 0
1004489878 35 1 5 3
1004490539 25 0 1 1
1004490712 13 0 1 0
1004491586 15 0 1 0
1004494364 36 1 3 2
1004495247 36 1 2 2
1004495366 40 1 5 3
1004495381 37 1 2 3
1004495398 17 0 1 1
1004496281 16 0 1 1
1004496400 32 1 1 0
1004496412 36 1 4 2
1004496510 40 1 2 2
1004497139 20 0 1 0
1004497400 40 1 8 2
1004497544 43 1 1 1
1004497925 38 1 5 2
1004497930 18 0 1 1
1004498616 35 1 1 1
1004498670 36 1 3 3
1004499562 36 1 4 3
1004499621 27 0 1 1
1004499623 38 1 3 3
1004499704 17 0 1 0
1004500406 36 1 2 3
1004500596 18 0 1 0
1004500657 25 0 1 0
1004501716 40 1 5 2
1004502230 16 0 1 0
1004502358 37 1 1 2
1004503057 37 1 4 2
1004503165 32 1 1 1
1004503392 41 1 6 1
1004504070 35 1 3 2
1004504091 22 0 1 1
1004504094 40 1 2 3
1004504253 37 1 1 3
1004505110 13 0 1 1
1004505128 43 1 1 0
1004505788 35 1 5 2
1004505861 41 1 6 0
1004505934 35 1 5 3
1004506977 37 1 2 2
1004507582 15 0 1 1
1004507614 40 1 8 3
1004507616 15 0 1 0
1004507816 36 1 4 2
1004507837 32 1 4 2
1004508011 20 0 1 1
1004508300 36 1 3 2
1004508314 35 1 4 2
1004508512 35 1 5 2
1004508850 18 0 1 1
1004508903 2 0 1 1
1004509086 36 1 3 3
1004509168 35 1 1 0
1004509168 35 1 3 3
1004509253 38 1 3 2
1004509284 35 1 5 3
1004509334 17 0 1 1
1004509440 14 0 1 1
1004509605 37 1 4 3
1004509751 38 1 5 3
1004509930 36 1 4 3
1004509976 32 1 5 2
1004510120 17 0 1 0
1004510248 35 1 5 2
1004510278 15 0 1 1
1004510287 25 0 1 1
1004510288 13 0 1 0
1004510360 15 0 1 0
1004510813 32 1 3 2
1004510952 35 1 5 3
1004511166 18 0 1 0
1004511286 15 0 1 1
1004511307 3 0 1 1
1004511375 32 1 3 3
1004511398 33 1 1 2
1004511411 22 0 1 0
1004511519 27 0 1 0
1004511847 1 0 1 1
1004511930 35 1 4 3
1004512212 15 0 1 0
1004512409 1 0 1 0
1004512432 40 1 6 1
1004513345 32 1 3 2
1004513476 33 1 1 3
1004513790 14 0 1 0
1004514379 1 0 1 1
1004514496 36 1 3 2
1004514510 40 1 6 0
1004514558 40 1 5 3
1004514631 36 1 2 2
1004514746 36 1 4 2
1004515530 17 0 1 1
1004515563 32 1 4 3
1004515592 32 1 1 0
1004515592 32 1 5 3
1004515665 16 0 1 1
1004515773 32 1 3 3
1004516374 18 0 1 1
1004516773 2 0 1 0
1004516807 1 0 1 0
1004517441 3 0 1 0
1004518621 37 1 2 3
1004519502 36 1 3 3
1004519621 38 1 5 2
1004520346 36 1 4 3
1004520355 20 0 1 0
1004520536 17 0 1 0
1004520963 38 1 3 3
1004521190 36 1 2 3
1004521317 27 0 1 1
1004521380 18 0 1 0
1004521620 40 1 8 2
1004521622 33 1 1 2
1004521647 40 1 2 2
1004521997 25 0 1 0
1004522224 16 0 1 0
1004522654 35 1 1 1
1004522656 40 1 6 1
1004522681 43 1 1 1
1004523105 37 1 2 2
1004523498 40 1 5 2
1004523973 37 1 2 3
1004524481 37 1 4 2
1004524532 32 1 1 1
1004524719 20 0 1 1
1004524861 32 1 4 2
1004524865 37 1 4 3
1004525206 33 1 4 2
1004525373 37 1 4 2
1004525515 22 0 1 1
1004525645 20 0 1 0
1004525685 37 1 2 2
1004525916 33 1 1 3
1004525923 22 0 1 0
1004526010 40 1 2 3
1004526352 35 1 4 2
1004526407 22 0 1 1
1004526427 2 0 1 1
1004526649 37 1 2 3
1004526847 6 0 1 1
1004526856 33 1 4 3
1004526902 40 1 8 3
1004527044 43 1 1 0
1004527091 32 1 3 2
1004527327 32 1 5 2
1004527402 35 1 5 2
1004527415 20 0 1 1
1004527739 40 1 6 0
1004527746 40 1 5 3
1004527952 14 0 1 1
1004528125 1 0 1 1
1004528320 35 1 1 0
1004528341 20 0 1 0
1004528550 37 1 1 2
1004528674 6 0 1 0
1004528793 32 1 1 0
1004528851 32 1 5 3
1004528860 35 1 2 2
1004528975 3 0 1 1
1004529002 15 0 1 1
1004529028 35 1 5 3
1004529277 37 1 1 3
1004529732 40 1 2 2
1004529747 36 1 4 2
1004529848 41 1 6 1
1004529949 3 0 1 0
1004530030 35 1 5 2
1004530391 38 1 5 3
1004530622 12 0 1 1
1004530766 43 1 1 1
1004530774 41 1 6 0
1004530781 18 0 1 1
1004530820 15 0 1 0
1004530922 35 1 5 3
1004531271 33 1 1 2
1004531431 32 1 3 3
1004531479 27 0 1 0
1004531746 15 0 1 1
1004531922 40 1 8 2
1004532208 35 1 2 3
1004532305 40 1 6 1
1004532450 36 1 4 3
1004532465 1 0 1 0
1004532672 15 0 1 0
1004532813 37 1 2 2
1004532845 37 1 4 3
1004532964 35 1 1 1
1004533298 12 0 1 0
1004533313 32 1 4 3
1004533482 40 1 8 3
1004533484 18 0 1 0
1004533637 40 1 5 2
1004533658 40 1 8 2
1004533847 20 0 1 1
1004534326 40 1 8 3
1004534496 22 0 1 0
1004534502 40 1 8 2
1004534516 35 1 1 0
1004534516 35 1 4 3
1004534671 32 1 1 1
1004535093 2 0 1 0
1004535496 35 1 1 1
1004535530 35 1 1 0
1004535564 35 1 1 1
1004535582 40 1 8 3
1004535918 14 0 1 0
1004536616 35 1 1 0
1004536728 36 1 3 2
1004536766 36 1 3 3
1004537560 33 1 1 3
1004537572 36 1 3 2
1004537762 17 0 1 1
1004537800 17 0 1 0
1004538050 35 1 5 2
1004538162 40 1 2 3
1004538316 35 1 3 2
1004538606 17 0 1 1
1004538942 35 1 3 3
1004538994 40 1 6 0
1004539196 43 1 1 0
1004539244 35 1 5 3
1004539350 13 0 1 1
1004539744 15 0 1 1
1004540004 35 1 3 2
1004540217 32 1 3 2
1004540307 32 1 1 2
1004540307 36 1 2 2
1004540519 32 1 4 2
1004540594 13 0 1 0
1004540598 37 1 1 2
1004540622 15 0 1 0
1004540678 35 1 5 2
1004540713 32 1 5 2
1004541251 1 0 1 1
1004541341 40 1 5 1
1004541520 13 0 1 1
1004541814 35 1 5 3
1004541944 41 1 6 1
1004542119 2 0 1 1
1004542161 16 0 1 1
1004542171 32 1 1 3
1004542279 3 0 1 1
1004542286 37 1 1 3
1004542392 15 0 1 1
1004542574 40 1 5 3
1004542818 36 1 2 3
1004542824 40 1 8 2
1004543205 40 1 5 0
1004543318 15 0 1 0
1004543320 41 1 6 0
1004543466 40 1 8 3
1004543608 32 1 1 0
1004543710 36 1 3 3
1004543852 16 0 1 0
1004543923 36 1 2 2
1004544070 35 1 1 1
1004544264 35 1 3 3
1004544608 40 1 8 2
1004544639 32 1 3 3
1004544744 17 0 1 0
1004544996 35 1 1 0
1004545344 32 1 5 3
1004545633 16 0 1 1
1004545673 1 0 1 0
1004545874 35 1 1 1
1004545898 13 0 1 0
1004546476 40 1 2 2
1004546725 3 0 1 0
1004547486 35 1 2 2
1004547510 43 1 1 1
1004547588 35 1 4 2
1004547734 33 1 1 2
1004547852 35 1 5 2
1004548057 37 1 2 3
1004548264 33 1 1 3
1004548520 12 0 1 1
1004548600 35 1 3 2
1004548936 35 1 3 3
1004548996 14 0 1 1
1004549197 32 1 4 3
1004549302 33 1 1 2
1004549362 40 1 6 1
1004549444 40 1 6 0
1004549500 15 0 1 1
1004549566 40 1 8 3
1004549622 20 0 1 0
1004549634 13 0 1 1
1004550000 33 1 1 3
1004550094 33 1 4 2
1004550194 33 1 1 2
1004550384 35 1 3 2
1004550622 13 0 1 0
1004550737 2 0 1 0
1004550940 33 1 4 3
1004551098 40 1 6 1
1004551128 35 1 1 0
1004551180 40 1 6 0
1004551228 40 1 6 1
1004551548 13 0 1 1
1004551626 6 0 1 1
1004551930 37 1 4 2
1004552020 35 1 5 3
1004552342 36 1 2 3
1004552408 35 1 2 3
1004552600 6 0 1 0
1004552864 35 1 3 3
1004552964 22 0 1 1
1004553000 37 1 1 2
1004553134 40 1 2 3
1004553150 15 0 1 0
1004553241 37 1 1 3
1004553442 12 0 1 0
1004553556 16 0 1 0
1004553898 13 0 1 0
1004554168 43 1 1 0
1004554227 41 1 6 1
1004554745 38 1 5 2
1004555105 41 1 6 0
1004555352 33 1 1 3
1004556201 27 0 1 1
1004556258 36 1 2 2
1004556384 35 1 4 3
1004556386 40 1 6 0
1004557182 36 1 4 2
1004557676 37 1 2 2
1004557758 14 0 1 0
1004557929 16 0 1 1
1004558216 18 0 1 1
1004558489 32 1 3 2
1004558500 38 1 5 3
1004558513 32 1 3 3
1004558710 20 0 1 1
1004559333 40 1 5 2
1004559436 40 1 2 2
1004559523 1 0 1 1
1004559557 1 0 1 0
1004559731 32 1 4 2
1004559803 27 0 1 0
1004560130 36 1 2 3
1004560367 32 1 1 1
1004560545 37 1 4 3
1004561046 43 1 1 1
1004561164 16 0 1 0
1004561283 2 0 1 1
1004561579 22 0 1 0
1004562640 40 1 8 2
1004563468 36 1 3 2
1004563553 32 1 3 2
1004564116 35 1 1 1
1004564446 36 1 4 3
1004564490 40 1 5 3
1004564502 17 0 1 1
1004564587 1 0 1 1
1004565122 35 1 3 2
1004565290 36 1 3 3
1004565480 18 0 1 0
1004565517 32 1 5 2
1004566017 32 1 1 0
1004566156 13 0 1 1
1004566287 32 1 5 3
1004566324 17 0 1 0
1004566642 35 1 2 2
1004566752 35 1 4 2
1004567035 3 0 1 1
1004567118 40 1 2 3
1004567179 32 1 3 3
1004567386 35 1 5 2
1004567776 33 1 4 2
1004567901 32 1 4 3
1004567940 12 0 1 1
1004568009 3 0 1 0
1004568152 43 1 1 0
1004568168 36 1 4 2
1004568213 1 0 1 0
1004568304 14 0 1 1
1004568398 33 1 1 2
1004568668 33 1 4 3
1004568712 15 0 1 1
1004569057 2 0 1 0
1004569202 18 0 1 1
1004569272 35 1 1 2
1004569350 6 0 1 1
1004569672 33 1 1 3
1004570110 35 1 1 3
1004570146 40 1 6 1
1004570306 40 1 8 1
1004570324 6 0 1 0
1004570452 33 1 4 2
1004570564 33 1 4 3
1004570638 40 1 8 3
1004570700 36 1 3 2
1004570706 40 1 6 0
1004571192 40 1 8 0
1004571335 36 1 2 2
1004571438 36 1 3 3
1004571672 35 1 1 0
1004571672 35 1 2 3
1004571734 17 0 1 1
1004572124 35 1 4 3
1004572141 37 1 2 3
1004572243 6 0 1 1
1004572277 6 0 1 0
1004572388 36 1 3 2
1004572472 17 0 1 0
1004572642 35 1 3 3
1004572706 12 0 1 0
1004572714 33 1 1 2
1004573045 16 0 1 1
1004573422 17 0 1 1
1004573504 35 1 5 3
1004573594 14 0 1 0
1004573676 13 0 1 0
1004573748 40 1 6 1
1004573899 20 0 1 0
1004573970 36 1 4 3
1004574132 33 1 1 3
1004574313 32 1 5 2
1004574483 32 1 4 2
1004574664 40 1 2 2
1004574942 15 0 1 0
1004575110 18 0 1 0
1004575121 32 1 3 2
1004575190 39 1 2 2
1004575354 40 1 6 0
1004575698 43 1 1 1
1004575975 3 0 1 1
1004576131 2 0 1 1
1004576155 1 0 1 1
1004576224 28 0 1 1
1004576867 32 1 5 3
1004577215 37 1 4 2
1004577490 36 1 2 3
1004577941 40 1 5 2
1004578249 22 0 1 1
1004578334 36 1 3 3
1004578524 16 0 1 0
1004578603 32 1 3 3
1004578685 3 0 1 0
1004578975 32 1 1 1
1004579368 17 0 1 0
1004579637 1 0 1 0
1004579778 33 1 1 2
1004580361 37 1 1 2
1004580667 39 1 2 3
1004580812 40 1 6 1
1004581061 37 1 1 3
1004581301 32 1 4 3
1004581707 41 1 6 1
1004582186 40 1 2 3
1004582212 28 0 1 0
1004582735 37 1 2 2
1004582771 41 1 6 0
1004583061 2 0 1 0
1004583220 43 1 1 0
1004583232 40 1 8 2
1004583807 20 0 1 1
1004584266 35 1 1 1
1004584302 35 1 3 2
1004584629 37 1 4 3
1004584836 33 1 1 3
1004585336 13 0 1 1
1004585361 40 1 1 2
1004585714 35 1 2 2
1004585754 40 1 1 3
1004585870 40 1 6 0
1004586156 35 1 4 2
1004586493 22 0 1 0
1004586654 42 1 1 1
1004586694 40 1 5 3
1004586788 12 0 1 1
1004587442 35 1 5 2
1004587532 42 1 1 0
1004587586 40 1 8 3
1004587596 40 1 2 2
1004587612 14 0 1 1
1004588077 32 1 1 0
1004588430 40 1 2 3
1004588630 43 1 1 1
1004588672 15 0 1 1
1004589068 33 1 4 2
1004589296 33 1 4 3
1004589316 35 1 1 2
1004589350 35 1 1 0
1004589450 33 1 1 2
1004589464 43 1 1 0
1004590191 38 1 5 2
1004590228 35 1 1 3
1004590356 40 1 8 1
1004590484 40 1 6 1
1004590518 6 0 1 1
1004590600 6 0 1 0
1004590852 33 1 4 2
1004591080 33 1 4 3
1004591163 32 1 4 2
1004591657 40 1 5 2
1004591757 27 0 1 1
1004591825 40 1 1 2
1004591922 35 1 4 3
1004591944 38 1 5 3
1004591988 39 1 2 2
1004591998 35 1 2 3
1004592044 40 1 8 2
1004592078 40 1 8 0
1004592303 40 1 2 2
1004592370 6 0 1 1
1004592404 6 0 1 0
1004592636 33 1 4 2
1004592667 2 0 1 1
1004592691 32 1 1 1
1004592814 35 1 5 3
1004592842 35 1 3 3
1004592918 42 1 1 1
1004592998 14 0 1 0
1004593032 12 0 1 0
1004593078 35 1 1 1
1004593221 28 0 1 1
1004593575 27 0 1 0
1004593734 40 1 8 3
1004593876 13 0 1 0
1004593922 43 1 1 1
1004594106 15 0 1 0
1004594162 33 1 1 3
1004594222 6 0 1 1
1004594658 40 1 8 2
1004594896 35 1 1 0
1004595196 40 1 6 0
1004595196 40 1 1 3
1004595566 40 1 8 3
1004595870 35 1 1 1
1004596023 36 1 2 2
1004596534 42 1 1 0
1004596675 39 1 2 3
1004597081 16 0 1 1
1004597378 35 1 1 0
1004597709 28 0 1 0
1004597827 37 1 4 2
1004598009 37 1 2 3
1004598649 32 1 3 2
1004598861 22 0 1 1
1004598901 37 1 4 3
1004598936 36 1 3 2
1004599070 36 1 3 3
1004599134 40 1 2 3
1004599455 32 1 3 3
1004599572 33 1 1 2
1004599683 1 0 1 1
1004599705 20 0 1 0
1004599970 17 0 1 1
1004600104 17 0 1 0
1004600168 43 1 1 0
1004600407 37 1 4 2
1004600489 1 0 1 0
1004600606 40 1 6 1
1004600611 22 0 1 0
1004600624 36 1 3 2
1004600796 33 1 4 3
1004600832 35 1 3 2
1004600870 40 1 5 3
1004601083 37 1 1 2
1004601229 32 1 3 2
1004601441 22 0 1 1
1004601658 17 0 1 1
1004601724 35 1 2 2
1004601865 32 1 4 3
1004601866 13 0 1 1
1004601882 35 1 2 3
1004601904 32 1 1 0
1004602117 41 1 6 1
1004602117 32 1 3 3
1004602236 6 0 1 0
1004602263 1 0 1 1
1004602287 37 1 5 2
1004602455 37 1 2 2
1004602469 37 1 1 3
1004602494 36 1 3 3
1004602568 35 1 2 2
1004602758 12 0 1 1
1004602916 12 0 1 0
1004603069 2 0 1 0
1004603321 23 0 1 1
1004603528 17 0 1 0
1004603663 37 1 1 2
1004603781 1 0 1 0
1004604069 20 0 1 1
1004604086 12 0 1 1
1004604227 41 1 6 0
1004604278 36 1 2 3
1004604299 40 1 2 2
1004604353 38 1 5 2
1004604526 40 1 8 2
1004604697 41 1 6 1
1004604787 40 1 4 2
1004605333 43 1 1 1
1004605446 40 1 1 2
1004605484 40 1 5 2
1004605560 35 1 1 1
1004605681 33 1 5 2
1004605713 16 0 1 0
1004605821 45 1 1 1
1004606049 27 0 1 1
1004606401 39 1 2 2
1004606452 35 1 4 2
1004606492 33 1 5 3
1004606665 32 1 1 1
1004606715 7 0 1 1
1004606802 42 1 1 1
1004607040 33 1 1 3
1004607186 35 1 4 3
1004607369 33 1 5 2
1004607435 28 0 1 1
1004607557 36 1 2 2
1004607742 7 0 1 0
1004607834 35 1 3 3
1004607956 14 0 1 1
1004608074 40 1 6 0
1004608074 40 1 4 3
1004608403 7 0 1 1
1004608591 16 0 1 1
1004608612 41 1 1 2
1004608678 35 1 2 3
1004608834 14 0 1 0
1004609042 40 1 2 3
1004609108 45 1 1 0
1004609112 38 1 5 3
1004609128 35 1 4 2
1004609344 35 1 5 2
1004609438 13 0 1 0
1004609646 42 1 2 1
1004609701 37 1 4 3
1004609982 40 1 8 3
1004610060 12 0 1 0
1004610076 43 1 1 0
1004610330 36 1 2 3
1004610495 27 0 1 0
1004610556 14 0 1 1
1004610593 37 1 1 3
1004610735 22 0 1 0
1004610747 36 1 4 2
1004610826 40 1 1 3
1004610848 15 0 1 1
1004611359 39 1 2 3
1004611364 16 0 1 0
1004611640 35 1 1 0
1004611640 35 1 5 3
1004611781 18 0 1 1
1004611844 33 1 5 3
1004611860 42 1 1 0
1004612255 41 1 6 0
1004612393 28 0 1 0
1004612910 36 1 4 3
1004612955 32 1 4 2
1004613142 7 0 1 0
1004613510 15 0 1 0
1004614002 18 0 1 0
1004614113 37 1 5 3
1004614459 2 0 1 1
1004614720 35 1 3 2
1004614787 41 1 1 3
1004615754 13 0 1 1
1004615775 23 0 1 0
1004615821 42 1 2 0
1004615826 33 1 1 2
1004616860 40 1 6 1
1004616896 35 1 4 3
1004618474 14 0 1 0
1004618710 40 1 5 3
1004619302 33 1 5 2
1004619379 37 1 4 2
1004619744 32 1 1 0
1004620324 33 1 1 3
1004620374 7 0 1 1
1004620413 22 0 1 1
1004620994 35 1 3 3
1004621137 41 1 1 2
1004621346 35 1 2 2
1004621358 40 1 6 0
1004621537 32 1 4 3
1004622028 13 0 1 0
1004622237 37 1 2 3
1004622247 42 1 2 1
1004622598 12 0 1 1
1004622900 2 0 1 0
1004623789 20 0 1 0
1004624716 35 1 3 2
1004625720 35 1 2 3
1004625750 13 0 1 1
1004626020 33 1 5 3
1004627046 35 1 3 3
1004627058 12 0 1 0
1004627182 39 1 2 2
1004627344 35 1 3 2
1004627366 7 0 1 0
1004628080 13 0 1 0
1004628378 13 0 1 1
1004628537 28 0 1 1
1004628830 35 1 3 3
1004628989 37 1 5 2
1004629119 37 1 2 2
1004629252 35 1 4 2
1004629438 40 1 5 2
1004629470 35 1 4 3
1004629615 41 1 1 3
1004629723 37 1 1 2
1004629864 13 0 1 0
1004630023 23 0 1 1
1004630153 20 0 1 1
1004630472 32 1 1 1
1004630708 14 0 1 1
1004630742 14 0 1 0
1004630873 36 1 2 2
1004630975 42 1 2 0
1004631035 41 1 6 1
1004631107 39 1 2 3
1004631708 35 1 3 2
1004631754 40 1 5 3
1004631907 16 0 1 1
1004631953 37 1 4 3
1004632294 33 1 1 2
1004632351 37 1 1 3
1004632364 28 0 1 0
1004632452 32 1 4 2
1004632742 13 0 1 1
1004633328 40 1 6 1
1004633337 22 0 1 0
1004633385 41 1 6 0
1004633453 32 1 1 0
1004633486 2 0 1 1
1004633584 36 1 4 2
1004634538 36 1 4 3
1004634618 18 0 1 1
1004634653 38 1 5 2
1004634906 35 1 2 2
1004635276 33 1 5 2
1004635436 35 1 2 3
1004635884 35 1 5 2
1004635994 18 0 1 0
1004636026 12 0 1 1
1004636141 40 1 5 2
1004636205 27 0 1 1
1004636274 36 1 2 3
1004636334 7 0 1 1
1004636388 35 1 4 2
1004636470 12 0 1 0
1004636642 35 1 2 2
1004637175 32 1 1 1
1004637220 35 1 4 3
1004637232 35 1 5 3
1004637565 16 0 1 0
1004637640 15 0 1 1
1004637668 35 1 5 2
1004637762 12 0 1 1
1004637960 14 0 1 1
1004638172 35 1 4 2
1004638212 33 1 1 3
1004638288 38 1 5 3
1004638518 15 0 1 0
1004638586 35 1 1 2
1004638838 14 0 1 0
1004638842 40 1 5 3
1004638942 35 1 4 3
1004639233 37 1 5 3
1004639287 40 1 6 0
1004639444 15 0 1 1
1004639738 35 1 3 3
1004639759 27 0 1 0
1004639812 14 0 1 1
1004639942 40 1 8 1
1004640269 32 1 4 3
1004640292 33 1 5 3
1004640301 32 1 1 0
1004640579 23 0 1 0
1004640630 35 1 5 3
1004640690 14 0 1 0
1004640772 13 0 1 0
1004640968 41 1 1 2
1004641154 35 1 2 3
1004641303 2 0 1 0
1004641638 7 0 1 0
1004642002 42 1 2 1
1004642154 15 0 1 0
1004642254 12 0 1 0
1004642570 40 1 8 2
1004642608 37 1 4 2
1004642890 35 1 1 3
1004643604 35 1 1 1
1004643642 22 0 1 1
1004643734 40 1 7 2
1004644084 40 1 2 2
1004644292 40 1 8 0
1004644292 40 1 7 3
1004645084 34 1 1 1
1004645118 43 1 1 1
1004645441 41 1 1 3
1004645549 37 1 1 2
1004646005 37 1 5 2
1004646010 34 1 1 0
1004646088 35 1 3 2
1004646475 42 1 2 0
1004646484 32 1 4 2
1004646583 41 1 6 1
1004646688 35 1 5 2
1004647008 35 1 4 2
1004647039 23 0 1 1
1004647117 37 1 1 3
1004647122 13 0 1 1
1004647488 35 1 2 2
1004647638 40 1 8 3
1004647968 35 1 1 2
1004648105 37 1 5 3
1004648180 35 1 1 3
1004648290 2 0 1 1
1004648336 15 0 1 1
1004648614 12 0 1 1
1004648656 33 1 5 2
1004648656 14 0 1 1
1004648775 41 1 6 0
1004648824 36 1 4 2
1004648846 35 1 1 0
1004648949 37 1 2 3
1004649002 40 1 8 1
1004649164 33 1 5 3
1004649211 41 1 1 2
1004649211 23 0 1 0
1004649214 40 1 8 0
1004649374 40 1 2 3
1004649667 41 1 1 3
1004649690 35 1 1 2
1004649690 7 0 1 1
1004649858 18 0 1 1
1004649983 20 0 1 0
1004650380 35 1 1 3
1004650392 33 1 5 2
1004650408 43 1 1 0
1004650616 7 0 1 0
1004650619 42 1 2 1
1004650695 39 1 2 2
1004650724 40 1 8 1
1004651426 7 0 1 1
1004651497 42 1 2 0
1004651572 32 1 3 2
1004651623 36 1 2 2
1004651650 40 1 8 0
1004651796 35 1 4 3
1004651946 36 1 4 3
1004652246 35 1 5 3
1004652256 28 0 1 1
1004652464 32 1 3 3
1004652657 16 0 1 1
1004652664 1 0 1 1
1004652853 32 1 4 3
1004653090 35 1 2 3
1004653246 14 0 1 0
1004653652 1 0 1 0
1004653670 18 0 1 0
1004653674 15 0 1 0
1004653934 35 1 3 3
1004654032 33 1 4 2
1004654124 12 0 1 0
1004654268 33 1 4 3
1004654342 2 0 1 0
1004654414 40 1 5 2
1004654623 37 1 5 2
1004654747 40 1 4 2
1004654968 13 0 1 0
1004655031 37 1 1 2
1004655256 41 1 1 2
1004655448 32 1 1 1
1004655572 33 1 5 3
1004655598 6 0 1 1
1004655632 6 0 1 0
1004655781 45 1 1 1
1004655917 37 1 1 3
1004656237 23 0 1 1
1004656310 36 1 2 3
1004656399 39 1 2 3
1004656549 41 1 6 1
1004656561 42 1 2 1
1004656586 40 1 2 2
1004656606 7 0 1 0
1004656719 37 1 1 2
1004656939 37 1 2 2
1004656954 40 1 8 2
1004657433 28 0 1 0
1004657475 41 1 6 0
1004657673 38 1 5 2
1004657697 16 0 1 0
1004657798 40 1 8 3
1004657936 32 1 4 2
1004657940 38 1 5 3
1004657988 35 1 1 1
1004657988 43 1 1 1
1004658401 41 1 6 1
1004658565 38 1 5 2
1004658687 20 0 1 1
1004658784 38 1 5 3
1004658832 35 1 1 0
1004659110 2 0 1 1
1004659225 27 0 1 1
1004659259 27 0 1 0
1004659457 38 1 5 2
1004659742 40 1 5 3
1004659931 41 1 8 2
1004660185 27 0 1 1
1004660215 33 1 1 2
1004660219 27 0 1 0
1004660593 37 1 4 3
1004660776 32 1 1 0
1004660782 41 1 5 2
1004660965 39 1 1 1
1004661193 27 0 1 1
1004661235 41 1 5 3
1004661249 40 1 6 1
1004661427 41 1 7 2
1004661520 40 1 8 2
1004661627 22 0 1 0
1004661816 36 1 1 1
1004661857 39 1 2 2
1004661972 35 1 3 2
1004662079 41 1 7 3
1004662269 36 1 1 0
1004662271 41 1 7 2
1004662461 38 1 1 1
1004662470 41 1 5 2
1004662554 35 1 1 1
1004662620 40 1 5 2
1004662971 41 1 8 3
1004663113 38 1 1 0
1004663141 28 0 1 1
1004663269 37 1 1 3
1004663305 38 1 1 1
1004663654 32 1 1 1
1004663654 13 0 1 1
1004663944 38 1 5 3
1004664005 39 1 1 0
1004664303 41 1 6 0
1004664341 36 1 1 1
1004664350 41 1 5 3
1004664502 33 1 5 2
1004664552 35 1 2 2
1004664659 41 1 7 3
1004664924 33 1 1 3
1004665019 39 1 3 2
1004665245 32 1 4 3
1004665248 35 1 5 2
1004665384 36 1 1 0
1004665586 12 0 1 1
1004665639 27 0 1 0
1004665693 38 1 1 0
1004665794 40 1 4 3
1004665958 40 1 6 0
1004666010 7 0 1 1
1004666081 29 0 1 1
1004666140 35 1 5 3
1004666526 15 0 1 1
1004666638 40 1 2 3
1004666686 35 1 4 2
1004666828 45 1 1 0
1004666994 2 0 1 0
1004667452 15 0 1 0
1004667482 40 1 8 3
1004667672 43 1 1 0
1004667739 37 1 4 2
1004667775 41 1 1 3
1004667876 35 1 5 2
1004668252 14 0 1 1
1004668516 35 1 1 0
1004668516 35 1 2 3
1004668773 22 0 1 1
1004668809 42 1 2 0
1004669036 35 1 5 3
1004669170 40 1 5 3
1004669270 15 0 1 1
1004669802 12 0 1 0
1004669837 36 1 2 2
1004670057 39 1 3 3
1004670088 33 1 4 2
1004670202 35 1 5 2
1004670204 32 1 1 0
1004670276 33 1 4 3
1004670309 37 1 5 3
1004670396 15 0 1 0
1004670901 39 1 2 3
1004670980 33 1 4 2
1004671091 29 0 1 0
1004671144 35 1 5 3
1004671236 15 0 1 1
1004671307 16 0 1 1
1004671674 6 0 1 1
1004671708 6 0 1 0
1004671923 23 0 1 0
1004671935 28 0 1 0
1004672069 40 1 2 2
1004672144 40 1 8 2
1004672178 15 0 1 0
1004672280 36 1 2 3
1004672490 35 1 2 2
1004672546 40 1 8 3
1004672634 6 0 1 1
1004672832 35 1 4 3
1004672892 40 1 4 2
1004673103 43 1 1 1
1004673178 35 1 1 1
1004673314 16 0 1 0
1004673418 33 1 5 3
1004673434 35 1 3 3
1004673524 12 0 1 1
1004673580 35 1 1 0
1004673724 35 1 2 3
1004673784 40 1 5 2
1004673926 45 1 1 1
1004674434 14 0 1 0
1004674468 13 0 1 0
1004674676 40 1 8 2
1004674724 7 0 1 0
1004674758 12 0 1 0
1004674784 33 1 4 3
1004675515 39 1 2 2
1004675614 32 1 1 1
1004675710 35 1 1 1
1004676018 40 1 8 3
1004676188 6 0 1 0
1004676549 28 0 1 1
1004677110 35 1 1 0
1004677256 40 1 8 2
1004678290 35 1 1 1
1004678337 37 1 2 3
1004678843 39 1 3 2
1004679182 35 1 2 2
1004679182 35 1 5 2
1004679313 40 1 1 2
1004679371 20 0 1 0
1004679442 40 1 8 3
1004679581 39 1 3 3
1004679877 29 0 1 1
1004680216 12 0 1 1
1004680286 40 1 1 3
1004680347 42 1 1 1
1004680476 35 1 1 0
1004680476 35 1 5 3
1004680531 39 1 3 2
1004680618 29 0 1 0
1004680772 15 0 1 1
1004680918 35 1 5 2
1004681472 35 1 3 2
1004681565 29 0 1 1
1004681698 15 0 1 0
1004681896 42 1 1 0
1004682219 39 1 3 3
1004682320 40 1 8 2
1004682509 37 1 5 2
1004682615 37 1 1 2
1004682688 35 1 2 3
1004682796 15 0 1 1
1004682796 13 0 1 1
1004682812 33 1 5 2
1004682951 37 1 2 2
1004682962 40 1 2 3
1004683006 35 1 5 3
1004683212 40 1 8 3
1004683253 29 0 1 0
1004683306 39 1 3 2
1004683543 23 0 1 1
1004683722 12 0 1 0
1004683806 40 1 4 3
1004683891 35 1 1 1
1004683897 39 1 2 3
1004683985 20 0 1 1
1004683996 43 1 1 0
1004684264 33 1 2 2
1004684340 29 0 1 1
1004684378 7 0 1 1
1004684459 41 1 6 1
1004684614 15 0 1 0
1004684769 35 1 1 0
1004685090 45 1 1 0
1004685097 39 1 3 3
1004685114 33 1 2 3
1004685575 4 0 1 1
1004685608 32 1 4 2
1004685730 28 0 1 0
1004686131 29 0 1 0
1004686501 4 0 1 0
1004687222 2 0 1 1
1004687385 33 1 2 2
1004687545 32 1 4 3
1004687775 37 1 1 3
1004687826 40 1 4 2
1004688349 40 1 8 2
1004688372 40 1 2 2
1004688750 33 1 4 2
1004688860 45 1 1 1
1004688957 40 1 4 3
1004688967 41 1 6 0
1004689040 2 0 1 0
1004689095 4 0 1 1
1004689406 43 1 1 1
1004689430 33 1 4 3
1004689454 35 1 1 1
1004689480 33 1 5 3
1004689714 40 1 5 3
1004689991 45 1 1 0
1004690398 6 0 1 1
1004690480 6 0 1 0
1004690602 41 1 1 2
1004690748 32 1 1 0
1004690777 37 1 4 3
1004690964 39 1 2 2
1004691308 7 0 1 0
1004691618 35 1 2 2
1004691636 42 1 2 1
1004691677 33 1 3 2
1004691811 22 0 1 0
1004692108 33 1 3 3
1004692348 35 1 4 2
1004692406 28 0 1 1
1004692652 12 0 1 1
1004692766 5 0 1 1
1004692984 33 1 2 3
1004693039 39 1 3 2
1004693354 35 1 5 2
1004693379 41 1 1 3
1004693469 39 1 3 3
1004693692 5 0 1 0
1004693708 14 0 1 1
1004694073 29 0 1 1
1004694413 42 1 2 0
1004694447 4 0 1 0
1004694503 29 0 1 0
1004694540 35 1 3 3
1004694727 39 1 3 2
1004694826 40 1 8 3
1004695166 15 0 1 1
1004695223 37 1 1 2
1004695761 29 0 1 1
1004695860 35 1 1 0
1004696041 38 1 5 2
1004696058 13 0 1 0
1004696225 37 1 1 3
1004696257 41 1 6 1
1004696276 35 1 5 3
1004696704 35 1 4 3
1004696784 33 1 4 2
1004696989 39 1 3 3
1004697032 32 1 4 2
1004697062 40 1 5 2
1004697310 15 0 1 0
1004697396 33 1 4 3
1004697593 27 0 1 1
1004697743 40 1 4 2
1004697839 41 1 6 0
1004697851 37 1 1 2
1004697971 37 1 4 2
1004698023 29 0 1 0
1004698096 32 1 1 1
1004698154 14 0 1 0
1004698297 32 1 4 3
1004698446 6 0 1 1
1004698480 6 0 1 0
1004698568 33 1 4 2
1004698646 2 0 1 1
1004698712 38 1 5 3
1004698885 41 1 6 1
1004699005 22 0 1 1
1004699094 40 1 2 3
1004699284 35 1 2 3
1004699572 2 0 1 0
1004699582 45 1 1 1
1004699612 32 1 4 2
1004699697 37 1 5 3
1004700124 32 1 3 2
1004700128 43 1 1 0
1004700298 6 0 1 1
1004700302 33 1 5 2
1004700303 27 0 1 0
1004700541 37 1 1 3
1004700621 33 1 2 2
1004700731 23 0 1 0
1004700902 33 1 2 3
1004701032 12 0 1 0
1004701119 40 1 4 3
1004701158 1 0 1 1
1004701342 2 0 1 1
1004701633 41 1 6 0
1004701874 4 0 1 1
1004701902 7 0 1 1
1004702162 45 1 1 0
1004702373 37 1 2 3
1004702405 33 1 2 2
1004702766 4 0 1 0
1004702970 32 1 3 3
1004703041 39 1 2 3
1004703407 20 0 1 0
1004703439 4 0 1 1
1004703482 33 1 4 3
1004704004 1 0 1 0
1004704075 28 0 1 0
1004704750 35 1 3 2
1004704792 6 0 1 0
1004704850 40 1 4 2
1004705110 35 1 5 2
1004705134 35 1 5 3
1004705348 40 1 8 2
1004705444 40 1 2 2
1004705672 33 1 5 3
1004705780 40 1 3 2
1004705780 40 1 3 3
1004705784 13 0 1 1
1004705884 45 1 1 1
1004706144 15 0 1 1
1004706178 15 0 1 0
1004706382 35 1 1 1
1004706478 43 1 1 1
1004706814 44 1 1 1
1004706848 44 1 1 0
1004707036 33 1 2 3
1004707144 7 0 1 0
1004707217 32 1 4 3
1004707738 35 1 5 2
1004707762 35 1 5 3
1004708107 40 1 1 2
1004708118 4 0 1 0
1004708320 2 0 1 0
1004708522 40 1 5 3
1004709084 15 0 1 1
1004709118 15 0 1 0
1004709384 42 1 1 1
1004709474 35 1 5 2
1004709556 32 1 1 0
1004709567 37 1 2 2
1004709621 36 1 2 2
1004709786 35 1 2 2
1004709824 35 1 4 2
1004709843 40 1 1 3
1004710210 40 1 4 3
1004710508 15 0 1 1
1004710601 20 0 1 1
1004710877 42 1 1 0
1004711244 45 1 1 0
1004711283 16 0 1 1
1004711351 37 1 5 2
1004711400 12 0 1 1
1004711424 14 0 1 1
1004711923 39 1 2 2
1004711940 35 1 1 2
1004712013 37 1 1 2
1004712281 37 1 1 3
1004712378 36 1 3 2
1004712527 39 1 3 2
1004712604 33 1 2 2
1004712768 36 1 5 2
1004712957 28 0 1 1
1004712974 40 1 8 1
1004713003 23 0 1 1
1004713229 41 1 6 1
1004713315 41 1 6 0
1004713412 17 0 1 1
1004713510 36 1 3 3
1004713561 29 0 1 1
1004713634 40 1 8 3
1004713638 4 0 1 1
1004713802 19 0 1 1
1004714544 17 0 1 0
1004714649 38 1 5 2
1004714668 35 1 1 0
1004714668 35 1 5 3
1004714824 40 1 4 2
1004714824 40 1 5 2
1004714861 37 1 4 3
1004715246 33 1 5 2
1004715512 35 1 4 3
1004715702 15 0 1 0
1004715858 45 1 1 1
1004715954 35 1 1 3
1004716037 39 1 3 3
1004716196 40 1 3 2
1004716289 40 1 4 3
1004716297 27 0 1 1
1004716390 35 1 3 3
1004716448 33 1 4 2
1004716519 22 0 1 0
1004716702 32 1 1 1
1004716738 33 1 4 3
1004716764 36 1 2 3
1004716846 7 0 1 1
1004716906 14 0 1 0
1004717071 29 0 1 0
1004717230 44 1 1 1
1004717300 32 1 4 2
1004717323 45 1 1 0
1004717356 40 1 4 2
1004717390 40 1 8 0
1004717424 13 0 1 0
1004718110 6 0 1 1
1004718144 6 0 1 0
1004718227 16 0 1 0
1004718232 33 1 4 2
1004718234 40 1 8 2
1004718268 40 1 3 3
1004718390 45 1 1 1
1004718571 40 1 1 2
1004718770 2 0 1 1
1004718794 40 1 8 3
1004718796 32 1 3 2
1004718953 38 1 2 2
1004719268 35 1 1 1
1004719290 40 1 1 3
1004719302 44 1 1 0
1004719318 33 1 2 3
1004719330 35 1 2 3
1004719605 42 1 1 1
1004719638 40 1 2 3
1004719914 6 0 1 1
1004719987 24 0 1 1
1004720242 35 1 1 0
1004720324 42 1 1 0
1004720350 32 1 3 3
1004720364 12 0 1 0
1004720456 1 0 1 1
1004720510 4 0 1 0
1004720530 40 1 4 3
1004720532 32 1 3 2
1004720672 43 1 1 0
1004721280 38 1 5 3
1004721384 1 0 1 0
1004721564 45 1 1 0
1004721566 1 0 1 1
1004721590 33 1 5 3
1004721997 37 1 5 3
1004722089 39 1 2 3
1004722527 27 0 1 0
1004722665 36 1 2 2
1004722872 33 1 4 3
1004722932 7 0 1 0
1004723123 28 0 1 0
1004723311 38 1 2 3
1004723611 23 0 1 0
1004724252 40 1 4 2
1004724327 16 0 1 1
1004724345 24 0 1 0
1004724360 6 0 1 0
1004724380 35 1 3 2
1004724625 37 1 2 3
1004724938 36 1 4 2
1004725428 13 0 1 1
1004725659 20 0 1 0
1004725672 36 1 3 2
1004725700 45 1 1 1
1004725853 37 1 1 2
1004725901 32 1 4 3
1004726227 37 1 1 3
1004726354 40 1 8 2
1004726504 18 0 1 1
1004726706 17 0 1 1
1004726736 40 1 2 2
1004726745 32 1 3 3
1004726887 41 1 6 1
1004726961 37 1 4 2
1004727253 37 1 5 2
1004727324 36 1 5 3
1004727436 2 0 1 0
1004727446 38 1 4 2
1004727770 43 1 1 1
1004727796 1 0 1 0
1004727818 35 1 1 1
1004727995 22 0 1 1
1004728043 41 1 6 0
1004728132 36 1 2 3
1004728287 23 0 1 1
1004728347 37 1 2 2
1004728358 19 0 1 0
1004728481 37 1 1 2
1004728510 26 0 1 1
1004729108 36 1 4 3
1004729114 40 1 5 3
1004729346 33 1 2 2
1004729381 20 0 1 1
1004729583 16 0 1 0
1004729854 36 1 3 3
1004729861 41 1 6 1
1004729977 37 1 1 3
1004730079 39 1 2 2
1004730148 32 1 1 0
1004730346 35 1 4 2
1004730854 18 0 1 0
1004730888 17 0 1 0
1004730936 35 1 2 2
1004731113 28 0 1 1
1004731118 4 0 1 1
1004731301 38 1 2 2
1004731338 35 1 5 2
1004731445 33 1 5 2
1004731679 41 1 6 0
1004731761 37 1 5 3
1004731816 14 0 1 1
1004731970 12 0 1 1
1004732335 24 0 1 1
1004732372 15 0 1 1
1004732538 40 1 8 3
1004732634 7 0 1 1
1004732795 23 0 1 0
1004733515 40 1 1 2
1004733545 37 1 2 3
1004733572 35 1 1 0
1004733680 40 1 5 2
1004733967 38 1 4 3
1004734384 35 1 3 3
1004734441 40 1 3 2
1004734549 42 1 1 1
1004734579 20 0 1 0
1004734714 32 1 1 1
1004735228 35 1 5 3
1004735260 35 1 4 3
1004735285 40 1 1 3
1004735418 13 0 1 0
1004735475 44 1 1 1
1004735488 26 0 1 0
1004735998 33 1 2 3
1004736260 40 1 8 2
1004736262 15 0 1 0
1004736680 42 1 1 0
1004736745 36 1 2 2
1004737104 40 1 8 3
1004737106 14 0 1 0
1004737294 35 1 1 1
1004737314 4 0 1 0
1004737779 16 0 1 1
1004737890 35 1 2 3
1004737899 33 1 5 3
1004738138 35 1 1 0
1004738159 37 1 2 2
1004738542 40 1 4 3
1004738779 37 1 1 2
1004738924 12 0 1 0
1004738955 37 1 5 2
1004739093 39 1 2 3
1004739193 20 0 1 1
1004739484 36 1 3 2
1004739576 45 1 1 0
1004739612 7 0 1 0
1004739789 37 1 1 3
1004739813 41 1 6 1
1004740121 36 1 3 3
1004740127 28 0 1 0
1004740518 17 0 1 1
1004740657 23 0 1 1
1004740681 37 1 4 3
1004740826 40 1 8 2
1004740881 41 1 6 0
1004741007 38 1 2 3
1004741155 17 0 1 0
1004741172 36 1 3 2
1004741356 36 1 3 3
1004741715 22 0 1 0
1004741871 35 1 1 1
1004741966 40 1 2 3
1004742041 24 0 1 0
1004742206 17 0 1 1
1004742407 17 0 1 0
1004742810 40 1 8 3
1004742999 36 1 3 2
1004743000 43 1 1 0
1004743140 36 1 2 3
1004743843 36 1 3 3
1004743844 35 1 1 0
1004744033 17 0 1 1
1004744414 33 1 2 2
1004744644 33 1 4 2
1004744802 16 0 1 0
1004744877 17 0 1 0
1004745448 4 0 1 1
1004745531 36 1 3 2
1004745688 40 1 8 2
1004745688 40 1 2 2
1004745973 6 0 1 1
1004746015 33 1 4 3
1004746565 17 0 1 1
1004746690 35 1 3 2
1004746721 36 1 3 3
1004746722 35 1 1 1
1004746722 43 1 1 1
1004746925 37 1 5 3
1004747312 33 1 5 2
1004747724 13 0 1 1
1004747755 17 0 1 0
1004747791 6 0 1 0
1004748455 38 1 5 2
1004748470 7 0 1 1
1004748508 35 1 2 2
1004748683 23 0 1 0
1004748814 40 1 3 3
1004748819 39 1 2 2
1004748928 38 1 4 2
1004748997 38 1 2 2
1004749240 36 1 2 2
1004749467 33 1 5 3
1004749542 12 0 1 1
1004749668 35 1 4 2
1004749848 44 1 1 0
1004749853 28 0 1 1
1004750009 38 1 4 3
1004750021 27 0 1 1
1004750031 24 0 1 1
1004750114 35 1 5 2
1004750132 36 1 2 3
1004750400 38 1 5 3
1004750522 26 0 1 1
1004750541 37 1 5 2
1004750615 16 0 1 1
1004751084 7 0 1 0
1004751101 39 1 2 3
1004751124 14 0 1 1
1004751131 38 1 5 2
1004751166 16 0 1 0
1004751265 37 1 5 3
1004751400 26 0 1 0
1004751433 37 1 5 2
1004751470 15 0 1 1
1004751575 23 0 1 1
1004751820 33 1 2 3
1004751839 27 0 1 0
1004751920 32 1 3 2
1004752184 38 1 5 3
1004752226 28 0 1 0
1004752286 40 1 5 3
1004752297 37 1 1 2
1004752316 32 1 3 3
1004752740 35 1 1 2
1004752765 27 0 1 1
1004752954 1 0 1 1
1004753035 37 1 4 2
1004753143 23 0 1 0
1004753177 23 0 1 1
1004753180 4 0 1 0
1004753320 32 1 1 0
1004753388 1 0 1 0
1004753691 27 0 1 0
1004753774 40 1 8 1
1004754035 41 1 6 1
1004754069 22 0 1 1
1004754109 37 1 1 3
1004754523 38 1 2 3
1004754866 40 1 8 3
1004755557 24 0 1 0
1004755638 36 1 2 2
1004755853 41 1 6 0
1004755864 40 1 4 2
1004755865 37 1 1 2
1004755893 37 1 1 3
1004755900 35 1 1 0
1004755900 35 1 5 3
1004755960 40 1 3 2
1004756232 36 1 2 3
1004756368 35 1 3 3
1004756898 45 1 1 1
1004756934 15 0 1 0
1004756994 44 1 1 1
1004757212 35 1 2 3
1004757374 36 1 2 2
1004757402 13 0 1 0
1004757511 16 0 1 1
1004757545 16 0 1 0
1004757629 37 1 2 3
1004757671 41 1 6 1
1004757705 41 1 6 0
1004758246 12 0 1 0
1004758519 16 0 1 1
1004759276 35 1 4 3
1004759387 20 0 1 0
1004759461 37 1 5 3
1004759727 36 1 3 2
1004760420 40 1 5 2
1004760433 40 1 1 2
1004760495 23 0 1 0
1004760761 17 0 1 1
1004760778 14 0 1 0
1004761454 32 1 1 1
1004761684 42 1 1 1
1004761964 40 1 8 2
1004762840 36 1 3 3
1004762998 35 1 1 1
1004763450 40 1 2 3
1004763652 40 1 8 3
1004763874 17 0 1 0
1004764094 35 1 1 3
1004764212 36 1 2 3
1004764686 35 1 1 0
1004764686 43 1 1 0
1004764734 35 1 5 2
1004764757 37 1 1 2
1004765128 40 1 8 0
1004765154 35 1 3 2
1004765443 16 0 1 0
1004765768 15 0 1 1
1004765791 41 1 6 1
1004766188 13 0 1 1
1004766405 37 1 2 2
1004766518 35 1 5 3
1004766703 37 1 5 2
1004766864 40 1 4 3
1004766874 40 1 1 3
1004767362 35 1 5 2
1004767439 20 0 1 1
1004767614 35 1 5 3
1004767898 45 1 1 0
1004767908 42 1 1 0
1004768020 15 0 1 0
1004768307 23 0 1 1
1004768946 15 0 1 1
1004768980 15 0 1 0
1004769273 37 1 4 3
1004769444 40 1 3 3
1004769772 35 1 4 2
1004769878 35 1 5 2
1004770038 35 1 4 3
1004770098 40 1 8 2
1004770307 22 0 1 0
1004770410 35 1 2 2
1004770478 44 1 1 0
1004770750 40 1 2 2
1004770990 40 1 8 3
1004771276 14 0 1 1
1004771288 35 1 1 2
1004771310 14 0 1 0
1004771322 35 1 1 1
1004771556 35 1 4 2
1004771650 15 0 1 1
1004771756 12 0 1 1
1004771784 43 1 1 1
1004771901 37 1 1 3
1004772248 35 1 1 0
1004772248 35 1 5 3
1004772760 40 1 8 1
1004772878 40 1 5 3
1004772935 41 1 6 0
1004773128 14 0 1 1
1004773936 35 1 2 3
1004773976 15 0 1 0
1004774152 32 1 1 0
1004774529 37 1 5 3
1004774660 33 1 4 2
1004774780 35 1 4 3
1004774838 35 1 3 3
1004774936 40 1 8 2
1004775018 12 0 1 0
1004775506 40 1 8 3
1004775746 40 1 3 2
1004775838 14 0 1 0
1004775872 13 0 1 0
1004775970 35 1 1 1
1004776335 23 0 1 0
1004776418 6 0 1 1
1004776494 40 1 4 2
1004776528 40 1 4 3
1004776540 35 1 1 0
1004776780 44 1 1 1
1004776880 40 1 1 2
1004777338 40 1 4 2
1004777468 40 1 8 2
1004777528 45 1 1 1
1004777534 36 1 3 2
1004777562 45 1 1 0
1004777895 36 1 2 2
1004778038 40 1 8 3
1004778338 33 1 1 2
1004778372 45 1 1 1
1004778502 35 1 1 1
1004778568 17 0 1 1
1004778756 42 1 1 1
1004778929 16 0 1 1
1004779072 35 1 1 0
1004779163 33 1 4 3
1004779372 40 1 6 1
1004779929 37 1 5 2
1004780120 40 1 8 2
1004780197 6 0 1 0
1004780264 40 1 5 2
1004780963 23 0 1 1
1004780986 35 1 1 3
1004781154 35 1 1 1
1004781414 40 1 8 3
1004781627 37 1 4 2
1004781796 32 1 1 1
1004781850 36 1 2 3
1004781983 37 1 1 2
1004782070 35 1 2 2
1004782448 35 1 1 0
1004782653 37 1 1 3
1004782661 22 0 1 1
1004782674 35 1 2 3
1004782686 40 1 8 0
1004782694 36 1 3 3
1004782828 35 1 3 2
1004783417 38 1 2 2
1004783647 16 0 1 0
1004783697 41 1 6 1
1004783728 17 0 1 0
1004783758 35 1 2 2
1004783764 12 0 1 1
1004783779 41 1 6 0
1004783798 12 0 1 0
1004784042 40 1 2 3
1004784451 24 0 1 1
1004784608 13 0 1 1
1004784694 33 1 2 2
1004784792 12 0 1 1
1004784851 38 1 2 3
1004785076 43 1 1 0
1004785201 38 1 2 2
1004785465 33 1 4 2
1004785728 4 0 1 1
1004785885 24 0 1 0
1004786221 37 1 2 3
1004786235 24 0 1 1
1004786250 35 1 5 2
1004786254 40 1 3 3
1004786299 33 1 1 3
1004786764 35 1 5 3
1004787122 6 0 1 1
1004787154 38 1 4 2
1004787255 20 0 1 0
1004787288 44 1 1 0
1004787298 33 1 2 3
1004787333 40 1 6 0
1004787333 40 1 4 3
1004787420 15 0 1 1
1004787527 38 1 2 3
1004788226 26 0 1 1
1004788367 45 1 1 0
1004788394 15 0 1 0
1004788548 35 1 2 3
1004788561 24 0 1 0
1004788830 35 1 5 2
1004788849 37 1 5 3
1004788858 4 0 1 0
1004788918 35 1 5 3
1004789106 40 1 1 3
1004789582 12 0 1 0
1004789864 15 0 1 1
1004789883 23 0 1 0
1004789952 15 0 1 0
1004790486 42 1 1 0
1004790524 32 1 3 2
1004790774 35 1 1 2
1004791188 40 1 2 2
1004791236 40 1 8 2
1004791558 1 0 1 1
1004791664 40 1 3 2
1004792162 40 1 8 1
1004792222 43 1 1 1
1004792270 35 1 1 1
1004792698 44 1 1 1
1004793162 35 1 2 2
1004793229 38 1 2 2
1004793378 35 1 2 3
1004794012 36 1 3 2
1004794196 12 0 1 1
1004794263 24 0 1 1
1004794412 12 0 1 0
1004794425 36 1 2 2
1004794431 40 1 4 2
1004794568 35 1 5 2
1004794711 38 1 4 3
1004794846 34 1 3 2
1004794898 35 1 2 2
1004794958 40 1 1 2
1004795046 17 0 1 1
1004795199 37 1 2 2
1004795465 45 1 1 1
1004795559 16 0 1 1
1004795602 15 0 1 1
1004795603 38 1 2 3
1004795880 9 0 1 1
1004795882 32 1 3 3
1004795905 38 1 2 2
1004795932 12 0 1 1
1004795954 40 1 5 3
1004795992 42 1 1 1
1004796048 26 0 1 0
1004796063 33 1 4 3
1004796139 37 1 5 2
1004796233 20 0 1 1
1004796495 38 1 2 3
1004796910 24 0 1 0
1004796916 1 0 1 0
1004796925 37 1 4 3
1004796988 32 1 1 0
1004796992 24 0 1 1
1004797024 36 1 3 3
1004797529 24 0 1 0
1004797727 37 1 1 2
1004797778 6 0 1 0
1004797869 23 0 1 1
1004797959 22 0 1 0
1004798058 17 0 1 0
1004798605 37 1 1 3
1004799005 41 1 6 1
1004799090 35 1 4 2
1004799378 40 1 8 3
1004799656 35 1 3 3
1004799754 34 1 3 3
1004799931 41 1 6 0
1004800222 40 1 2 3
1004800412 35 1 1 0
1004800656 14 0 1 1
1004800676 33 1 1 2
1004800690 13 0 1 0
1004800788 9 0 1 0
1004801256 43 1 1 0
1004801256 35 1 4 3
1004801532 36 1 2 3
1004801710 40 1 6 1
1004802229 37 1 5 3
1004802366 35 1 2 3
1004802474 14 0 1 0
1004802619 37 1 1 2
1004802791 16 0 1 0
1004802820 33 1 2 2
1004802910 34 1 1 2
1004803121 37 1 1 3
1004803166 38 1 2 2
1004803263 23 0 1 0
1004803400 12 0 1 0
1004803463 37 1 1 2
1004803653 41 1 6 1
1004803836 35 1 5 3
1004803854 4 0 1 1
1004803944 40 1 2 2
1004803944 40 1 7 1
1004804200 24 0 1 1
1004804355 37 1 1 3
1004804740 40 1 5 2
1004804748 33 1 4 2
1004804870 15 0 1 0
1004804879 41 1 6 0
1004804915 37 1 4 2
1004804961 41 1 6 1
1004804978 43 1 1 1
1004805164 34 1 3 2
1004805199 37 1 1 2
1004805680 40 1 8 2
1004805774 32 1 1 1
1004805782 6 0 1 1
1004805839 41 1 6 0
1004805845 37 1 4 3
1004805886 35 1 1 3
1004806198 9 0 1 1
1004806233 41 1 6 1
1004806233 22 0 1 1
1004806603 37 1 4 2
1004806689 37 1 1 3
1004806714 35 1 1 1
1004806767 33 1 1 3
1004806879 22 0 1 0
1004807402 40 1 8 0
1004807554 33 1 2 3
1004807637 22 0 1 1
1004807687 37 1 5 2
1004807781 41 1 6 0
1004807801 40 1 6 0
1004808091 38 1 2 3
1004808538 35 1 3 2
1004808721 23 0 1 1
1004809038 34 1 3 3
1004809125 24 0 1 0
1004809374 4 0 1 0
1004809572 13 0 1 1
1004809625 37 1 1 2
1004809882 34 1 1 3
1004810072 9 0 1 0
1004810308 35 1 2 2
1004810380 38 1 4 2
1004810916 40 1 7 0
1004811335 41 1 6 1
1004811342 12 0 1 1
1004812042 26 0 1 1
1004812885 37 1 2 3
1004813406 36 1 3 2
1004813777 37 1 1 3
1004813828 36 1 3 3
1004813903 33 1 4 3
1004813943 20 0 1 0
1004814255 36 1 2 2
1004814440 17 0 1 1
1004814811 41 1 6 0
1004814896 17 0 1 0
1004815289 16 0 1 1
1004815513 37 1 5 3
1004815650 35 1 2 3
1004815666 6 0 1 0
1004815938 36 1 3 2
1004816547 23 0 1 0
1004816636 38 1 2 2
1004816972 17 0 1 1
1004816980 34 1 3 2
1004817368 12 0 1 0
1004817670 24 0 1 1
1004817716 40 1 3 3
1004817903 38 1 4 3
1004818014 9 0 1 1
1004818439 37 1 1 2
1004818590 35 1 4 2
1004818750 44 1 1 0
1004819226 35 1 2 2
1004819259 37 1 2 2
1004819452 40 1 4 3
1004819768 26 0 1 0
1004819854 35 1 5 2
1004819925 37 1 2 3
1004820079 37 1 5 2
1004820252 14 0 1 1
1004820260 12 0 1 1
1004820269 41 1 6 1
1004820293 20 0 1 1
1004820296 40 1 8 3
1004820446 36 1 2 3
1004820455 34 1 3 3
1004820486 45 1 1 0
1004820769 37 1 5 3
1004820888 15 0 1 1
1004820916 36 1 3 3
1004820947 37 1 2 2
1004820959 20 0 1 0
1004820971 37 1 5 2
1004821140 40 1 1 3
1004821209 23 0 1 1
1004821330 35 1 1 0
1004821935 16 0 1 0
1004821950 17 0 1 0
1004821981 20 0 1 1
1004822087 23 0 1 0
1004822121 23 0 1 1
1004822174 42 1 1 0
1004822330 9 0 1 0
1004822470 32 1 5 2
1004822964 35 1 3 3
1004823174 40 1 3 2
1004823504 3 0 1 1
1004824018 40 1 4 2
1004824157 35 1 4 3
1004824208 44 1 1 1
1004824312 13 0 1 0
1004824313 40 1 8 2
1004824734 35 1 2 3
1004825001 35 1 5 3
1004825039 38 1 2 3
1004825052 45 1 1 1
1004825325 37 1 1 3
1004825347 35 1 1 1
1004825706 40 1 1 2
1004825734 14 0 1 0
1004825768 12 0 1 0
1004826035 15 0 1 0
1004826073 24 0 1 0
1004826217 37 1 4 3
1004826715 41 1 6 0
1004826740 42 1 1 1
1004827096 40 1 2 3
1004827144 33 1 4 2
1004827251 22 0 1 0
1004827940 40 1 5 3
1004828130 43 1 1 0
1004828175 33 1 4 3
1004828178 6 0 1 1
1004828544 33 1 2 2
1004828974 32 1 1 0
1004828974 32 1 5 3
1004829578 4 0 1 1
1004829628 40 1 8 3
1004829654 38 1 4 2
1004829890 6 0 1 0
1004830342 33 1 2 3
1004830390 35 1 3 2
1004830610 3 0 1 0
1004830629 37 1 5 3
1004830662 35 1 1 0
1004831424 13 0 1 1
1004831446 26 0 1 1
1004831674 4 0 1 0
1004832125 23 0 1 0
1004832316 34 1 1 2
1004833087 35 1 5 2
1004833115 34 1 1 3
1004833350 40 1 7 1
1004833835 34 1 3 2
1004834004 34 1 1 2
1004834038 35 1 5 3
1004834149 40 1 7 0
1004834194 40 1 5 2
1004834803 34 1 1 3
1004834822 15 0 1 1
1004834869 9 0 1 1
1004834993 40 1 3 3
1004835038 40 1 7 1
1004835228 32 1 1 1
1004835233 40 1 2 2
1004835610 36 1 3 2
1004835743 38 1 4 3
1004835748 15 0 1 0
1004835837 40 1 7 0
1004835882 40 1 8 2
1004836027 44 1 1 0
1004836032 36 1 3 3
1004836042 35 1 3 3
1004836267 43 1 1 1
1004836644 17 0 1 1
1004836835 37 1 4 2
1004836916 35 1 1 1
1004837066 17 0 1 0
1004837298 36 1 3 2
1004837498 13 0 1 0
1004837503 37 1 5 2
1004837532 26 0 1 0
1004837829 38 1 2 2
1004837869 22 0 1 1
1004837987 37 1 1 2
1004838003 36 1 2 2
1004838332 17 0 1 1
1004838692 33 1 2 2
1004838775 23 0 1 1
1004838863 24 0 1 1
1004839021 41 1 6 1
1004839023 34 1 3 3
1004839511 37 1 1 3
1004839707 16 0 1 1
1004839726 4 0 1 1
1004839959 36 1 3 3
1004840499 9 0 1 0
1004840512 35 1 2 2
1004840519 37 1 1 2
1004840993 17 0 1 0
1004841237 37 1 2 3
1004841245 41 1 6 0
1004841314 33 1 2 3
1004841416 33 1 4 2
1004841546 12 0 1 1
1004841937 40 1 1 3
1004841970 35 1 5 2
1004842129 37 1 1 3
1004842228 36 1 2 3
1004842271 20 0 1 0
1004842343 41 1 6 1
1004842399 33 1 4 3
1004842426 4 0 1 0
1004842450 6 0 1 1
1004842781 40 1 4 3
1004842828 35 1 3 2
1004842971 42 1 1 0
1004843163 41 1 6 0
1004843694 15 0 1 1
1004843815 45 1 1 0
1004843886 13 0 1 1
1004844023 16 0 1 0
1004844210 6 0 1 0
1004844663 38 1 2 3
1004844899 40 1 3 2
1004845361 40 1 8 3
1004845697 24 0 1 0
1004845933 44 1 1 1
1004846212 32 1 5 2
1004846395 35 1 1 0
1004846503 40 1 1 2
1004846842 35 1 2 3
1004847049 40 1 1 3
1004847205 34 1 1 2
1004847246 3 0 1 1
1004847537 42 1 1 1
1004847539 37 1 2 2
1004847876 12 0 1 0
1004848083 42 1 1 0
1004848191 40 1 4 2
1004848191 40 1 1 2
1004848239 40 1 8 2
1004848586 33 1 2 2
1004848599 40 1 7 1
1004848731 20 0 1 1
1004849157 34 1 3 2
1004849225 45 1 1 1
1004849225 42 1 1 1
1004849462 32 1 3 2
1004849470 35 1 3 3
1004849620 4 0 1 1
1004849771 35 1 5 3
1004850069 35 1 1 1
1004850191 9 0 1 1
1004850496 1 0 1 1
1004850504 13 0 1 0
1004850839 34 1 3 3
1004850926 15 0 1 0
1004851873 9 0 1 0
1004851999 37 1 1 2
1004852770 38 1 4 2
1004853033 41 1 6 1
1004853583 38 1 4 3
1004853629 37 1 4 3
1004853735 37 1 1 3
1004854215 34 1 1 3
1004854370 26 0 1 1
1004854554 38 1 4 2
1004854769 41 1 6 0
1004854817 22 0 1 0
1004854818 33 1 2 3
1004855249 40 1 7 0
1004855296 26 0 1 0
1004855779 34 1 3 2
1004855806 32 1 3 3
1004855820 35 1 3 2
1004856174 26 0 1 1
1004856650 4 0 1 0
1004856664 35 1 2 2
1004856813 9 0 1 1
1004856840 1 0 1 0
1004857245 37 1 5 3
1004857276 13 0 1 1
1004857453 38 1 2 2
1004857591 34 1 3 3
1004857698 12 0 1 1
1004858043 38 1 4 3
1004858311 34 1 3 2
1004858338 32 1 5 3
1004858447 23 0 1 0
1004858487 24 0 1 1
1004858625 9 0 1 0
1004858918 35 1 5 2
1004859145 37 1 1 2
1004859279 34 1 3 3
1004859345 9 0 1 1
1004859372 3 0 1 0
1004859517 40 1 2 3
1004859680 26 0 1 0
1004859921 37 1 1 3
1004859952 15 0 1 1
1004860231 41 1 6 1
1004860313 9 0 1 0
1004860409 40 1 5 3
1004860551 43 1 1 0
1004860881 37 1 1 2
1004860955 41 1 6 0
1004861253 40 1 8 3
1004861443 32 1 1 0
1004862059 41 1 6 1
1004862287 35 1 1 0
1004862287 35 1 2 3
1004862665 37 1 4 2
1004863131 35 1 5 3
1004863321 12 0 1 0
1004863509 37 1 1 3
1004863699 22 0 1 1
1004863790 35 1 3 3
1004864165 15 0 1 0
1004864335 38 1 2 3
1004864769 41 1 6 0
1004864824 13 0 1 0
1004865369 24 0 1 0
1004866613 37 1 1 2
1004866663 40 1 2 2
1004866913 37 1 1 3
1004867257 40 1 3 3
1004867697 43 1 1 1
1004868291 44 1 1 0
1004868301 37 1 1 2
1004868323 41 1 6 1
1004868357 41 1 6 0
1004869081 37 1 5 2
1004869541 37 1 2 3
1004870115 23 0 1 1
1004870127 41 1 6 1
1004870537 33 1 2 2
1004870681 40 1 4 3
1004870833 38 1 2 2
1004870935 20 0 1 0
1004871571 4 0 1 1
1004871715 45 1 1 0
1004871867 24 0 1 1
1004872242 38 1 4 2
1004872727 33 1 1 2
1004873761 40 1 6 1
1004873938 26 0 1 1
1004874105 40 1 1 3
1004874402 40 1 5 2
1004875039 38 1 2 3
1004875103 40 1 8 2
1004875408 33 1 4 2
1004875436 32 1 1 1
1004875633 42 1 1 0
1004875793 40 1 8 3
1004876073 24 0 1 0
1004876233 35 1 1 1
1004876425 35 1 2 2
1004876442 6 0 1 1
1004876629 37 1 1 3
1004876823 38 1 4 3
1004877074 35 1 2 3
1004877111 35 1 1 0
1004877132 35 1 3 2
1004877347 41 1 1 2
1004877635 40 1 8 2
1004877638 12 0 1 1
1004877663 41 1 6 0
1004877905 37 1 2 2
1004877955 35 1 1 2
1004878108 12 0 1 0
1004878127 33 1 4 3
1004878288 26 0 1 0
1004878375 33 1 1 3
1004878578 13 0 1 1
1004878623 40 1 4 2
1004878623 40 1 3 2
1004878725 40 1 4 3
1004878762 42 1 2 1
1004878881 35 1 1 1
1004878939 20 0 1 1
1004878989 40 1 8 1
1004879219 33 1 2 3
1004879305 37 1 4 3
1004879399 41 1 1 3
1004879409 40 1 6 0
1004879657 45 1 1 1
1004879657 44 1 1 1
1004879759 45 1 1 0
1004879890 6 0 1 0
1004879952 35 1 2 2
1004880009 40 1 1 2
1004880169 34 1 1 2
1004880311 40 1 4 2
1004880339 22 0 1 0
1004880433 42 1 2 0
1004880734 4 0 1 0
1004880817 36 1 3 2
1004881203 40 1 7 1
1004881236 36 1 3 3
1004881254 12 0 1 1
1004881293 38 1 2 2
1004881345 45 1 1 1
1004881759 42 1 1 1
1004881760 32 1 3 2
1004881851 17 0 1 1
1004882270 17 0 1 0
1004882327 24 0 1 1
1004882505 36 1 3 2
1004883020 36 1 3 3
1004883237 1 0 1 1
1004883417 35 1 5 2
1004883539 17 0 1 1
1004883631 34 1 3 2
1004883997 36 1 2 2
1004884054 17 0 1 0
1004884554 15 0 1 1
1004884599 34 1 3 3
1004884665 9 0 1 1
1004884896 32 1 5 2
1004885037 36 1 3 2
1004885291 41 1 1 2
1004885346 32 1 5 3
1004885591 16 0 1 1
1004885633 9 0 1 0
1004885696 36 1 2 3
1004885743 38 1 2 3
1004885944 3 0 1 1
1004886071 17 0 1 1
1004886317 33 1 1 2
1004886380 3 0 1 0
1004886391 41 1 1 3
1004886584 32 1 5 2
1004886673 36 1 2 2
1004886777 24 0 1 0
1004887051 42 1 2 1
1004887131 34 1 1 3
1004887351 40 1 6 1
1004887381 37 1 5 3
1004887409 16 0 1 0
1004887425 42 1 2 0
1004887618 3 0 1 1
1004887717 36 1 2 3
1004887878 32 1 3 3
1004887970 35 1 2 3
1004888165 40 1 7 0
1004888287 16 0 1 1
1004888425 23 0 1 0
1004888561 36 1 3 3
1004888644 33 1 2 2
1004888862 35 1 1 3
1004888912 1 0 1 0
1004889004 12 0 1 0
1004889213 16 0 1 0
1004889347 33 1 1 3
1004889595 17 0 1 0
1004889678 4 0 1 1
1004889754 35 1 3 3
1004889896 40 1 8 0
1004889949 40 1 2 3
1004890381 40 1 6 0
1004890646 35 1 5 3
1004890767 37 1 4 2
1004890788 13 0 1 0
1004890983 43 1 1 0
1004891680 15 0 1 0
1004891801 22 0 1 1
1004892098 32 1 5 3
1004892481 40 1 8 3
1004892632 35 1 1 2
1004893132 3 0 1 0
1004893380 35 1 2 2
1004893402 40 1 4 3
1004893476 35 1 3 2
1004893666 40 1 8 1
1004894169 40 1 5 3
1004894354 35 1 1 0
1004894368 35 1 5 2
1004894414 12 0 1 1
1004894436 45 1 1 0
1004894510 13 0 1 1
1004894585 37 1 5 2
1004895203 32 1 1 0
1004895526 15 0 1 1
1004895959 23 0 1 1
1004896749 40 1 3 3
1004896943 33 1 2 3
1004897783 44 1 1 0
1004897874 35 1 5 3
1004897979 34 1 3 2
1004898400 32 1 3 2
1004898622 4 0 1 0
1004898718 35 1 2 3
1004898778 40 1 8 2
1004898850 32 1 3 3
1004898908 15 0 1 0
1004898947 34 1 3 3
1004899013 9 0 1 1
1004899244 32 1 3 2
1004899434 1 0 1 1
1004899470 35 1 3 3
1004899718 40 1 8 3
1004899752 12 0 1 0
1004899812 35 1 1 1
1004899884 1 0 1 0
1004899917 37 1 2 3
1004900292 1 0 1 1
1004900362 35 1 1 3
1004900471 40 1 3 2
1004900471 9 0 1 0
1004900752 35 1 1 0
1004900830 13 0 1 0
1004901017 40 1 3 3
1004901311 20 0 1 0
1004901440 40 1 4 2
1004901488 40 1 8 0
1004901505 44 1 1 1
1004902051 44 1 1 0
1004902111 40 1 5 2
1004902159 40 1 3 2
1004902474 45 1 1 1
1004902705 40 1 3 3
1004903145 32 1 1 1
1004903193 44 1 1 1
1004903440 40 1 8 2
1004903739 44 1 1 0
1004903876 40 1 5 3
1004904376 35 1 3 2
1004904441 40 1 1 3
1004904720 40 1 4 3
1004904758 32 1 3 3
1004904876 33 1 1 2
1004904929 32 1 1 0
1004905054 35 1 1 1
1004905284 33 1 4 2
1004905355 37 1 1 2
1004905688 33 1 2 2
1004905754 45 1 1 0
1004905792 1 0 1 0
1004905910 40 1 6 1
1004905946 35 1 1 2
1004906134 13 0 1 1
1004906210 42 1 1 0
1004906318 6 0 1 1
1004906389 41 1 6 1
1004906579 37 1 2 2
1004906718 33 1 4 3
1004906722 4 0 1 1
1004906756 35 1 2 2
1004906980 40 1 8 1
1004907651 20 0 1 1
1004907790 12 0 1 1
1004908482 6 0 1 0
1004908492 35 1 5 2
1004909186 35 1 5 3
1004909377 40 1 3 2
1004909526 15 0 1 1
1004909825 37 1 4 3
1004910005 40 1 5 2
1004910007 36 1 3 2
1004910130 40 1 4 2
1004910411 44 1 1 1
1004910500 15 0 1 0
1004910586 40 1 1 2
1004910745 36 1 3 3
1004910859 22 0 1 0
1004911041 17 0 1 1
1004911164 45 1 1 1
1004911255 32 1 1 1
1004911779 17 0 1 0
1004912055 42 1 1 1
1004912135 33 1 1 3
1004912327 34 1 3 2
1004912539 36 1 3 2
1004912979 33 1 2 3
1004913169 40 1 6 0
1004913188 35 1 5 2
1004913361 9 0 1 1
1004913573 17 0 1 1
1004913929 34 1 1 2
1004914013 4 0 1 0
1004914023 36 1 2 2
1004914046 32 1 3 2
1004914250 15 0 1 1
1004914665 40 1 8 3
1004914791 41 1 1 2
1004914963 40 1 7 1
1004914983 34 1 1 3
1004915080 1 0 1 1
1004915103 16 0 1 1
1004915699 35 1 1 0
1004915827 34 1 3 3
1004915986 42 1 2 1
1004916017 40 1 7 0
1004916466 35 1 2 3
1004916591 35 1 3 3
1004916861 40 1 3 3
1004917358 35 1 1 3
1004917389 40 1 1 3
1004917469 35 1 5 3
1004917543 9 0 1 0
1004917593 36 1 3 3
1004917730 12 0 1 0
1004917778 13 0 1 0
1004917812 32 1 5 2
1004917895 44 1 1 0
1004918045 37 1 5 3
1004918233 40 1 5 3
1004918423 42 1 1 0
1004918437 36 1 2 3
1004918469 40 1 8 0
1004918627 17 0 1 0
1004918659 37 1 4 2
1004918670 15 0 1 0
1004918860 3 0 1 1
1004918937 37 1 1 3
1004919151 23 0 1 0
1004919267 32 1 1 0
1004919267 32 1 5 3
1004919611 16 0 1 0
1004919693 22 0 1 1
1004919877 37 1 4 3
1004920205 40 1 4 3
1004920301 3 0 1 0
1004920537 41 1 6 0
1004920911 22 0 1 0
1004921239 37 1 4 2
1004921239 45 1 1 0
1004921839 37 1 4 3
1004922273 22 0 1 1
1004922482 32 1 3 3
1004922755 37 1 4 2
1004923515 22 0 1 0
1004923516 1 0 1 0
1004923789 22 0 1 1
1004923827 33 1 2 2
1004924009 41 1 1 3
1004924487 40 1 1 2
1004924795 33 1 2 3
1004924861 4 0 1 1
1004925043 42 1 2 0
1004925555 42 1 1 1
1004925829 4 0 1 0
1004927303 40 1 4 2
1004927731 41 1 1 2
1004928337 45 1 1 1
1004928364 35 1 3 2
1004928765 42 1 2 1
1004929398 13 0 1 1
1004929449 36 1 2 2
1004929723 37 1 5 2
1004929755 36 1 3 2
1004930056 36 1 2 3
1004930285 41 1 8 2
1004930631 16 0 1 1
1004930741 41 1 2 2
1004930757 23 0 1 1
1004930789 17 0 1 1
1004931008 41 1 5 2
1004931090 16 0 1 0
1004931185 36 1 2 2
1004931257 40 1 1 3
1004931319 39 1 1 1
1004931733 41 1 4 2
1004931775 43 1 2 1
1004931941 41 1 8 3
1004932269 37 1 2 3
1004932291 42 1 1 0
1004932346 16 0 1 1
1004932430 36 1 1 1
1004932767 45 1 2 1
1004932785 41 1 5 3
1004933375 20 0 1 0
1004933778 39 1 1 0
1004934200 36 1 1 0
1004936220 32 1 3 2
1004936497 41 1 2 3
1004936876 36 1 2 3
1004937254 1 0 1 1
1004937341 36 1 3 3
1004937531 43 1 2 0
1004937792 35 1 2 2
1004937910 16 0 1 0
1004938375 17 0 1 0
1004938826 12 0 1 1
1004938876 32 1 3 3
1004938949 40 1 4 3
1004939102 35 1 2 3
1004939439 37 1 2 2
1004939910 1 0 1 0
1004939983 45 1 1 0
1004940136 12 0 1 0
1004940473 20 0 1 1
1004940861 41 1 1 3
1004941368 33 1 2 2
1004941429 37 1 4 3
1004941778 35 1 3 3
1004941895 42 1 2 0
1004942402 4 0 1 1
1004942519 33 1 2 3
1004942645 41 1 4 3
1004942767 40 1 1 2
1004943187 22 0 1 0
1004943553 4 0 1 0
1004943598 13 0 1 0
1004943679 45 1 2 0
1004944046 42 1 1 1
1004944265 34 1 1 2
1004945299 40 1 7 1
1004947055 34 1 1 3
1004947236 35 1 2 2
1004947974 35 1 2 3
1004948128 35 1 2 2
1004948199 41 1 4 2
1004948303 33 1 2 2
1004948497 40 1 7 0
1004948734 12 0 1 1
1004949271 33 1 2 3
1004949337 4 0 1 1
1004949392 41 1 7 2
1004949486 45 1 2 1
1004949791 41 1 1 2
1004949820 35 1 3 2
1004949842 12 0 1 0
1004949876 12 0 1 1
1004950222 41 1 7 3
1004950305 4 0 1 0
1004950328 35 1 3 3
1004950349 37 1 5 3
1004950426 38 1 1 1
1004950712 35 1 3 2
1004950825 42 1 2 1
1004950878 13 0 1 1
1004951256 38 1 1 0
1004951623 23 0 1 0
1004952206 13 0 1 0
1004952288 13 0 1 1
1004953086 36 1 2 2
1004953521 36 1 2 3
1004953705 40 1 1 3
1004953848 35 1 5 2
1004954124 16 0 1 1
1004954603 37 1 4 2
1004954692 35 1 5 3
1004954882 15 0 1 1
1004955050 16 0 1 0
1004955422 42 1 1 0
1004955637 22 0 1 1
1004955726 15 0 1 0
1004956593 37 1 1 2
1004956990 35 1 2 3
1004957320 32 1 3 2
1004957973 41 1 6 1
1004958288 32 1 3 3
1004958306 12 0 1 0
1004958354 1 0 1 1
1004958355 35 1 1 2
1004958630 36 1 2 2
1004959053 37 1 1 3
1004959322 1 0 1 0
1004959389 40 1 8 1
1004959477 36 1 2 3
1004959852 32 1 3 2
1004960388 16 0 1 1
1004960414 36 1 2 2
1004960635 41 1 6 0
1004960831 40 1 3 2
1004960886 1 0 1 1
1004961266 16 0 1 0
1004961309 36 1 2 3
1004961354 36 1 2 2
1004961489 41 1 4 3
1004961664 32 1 3 3
1004961865 44 1 1 1
1004962192 16 0 1 1
1004962294 35 1 3 3
1004962323 40 1 4 2
1004962489 37 1 1 2
1004962523 45 1 2 0
1004962698 1 0 1 0
1004962981 37 1 2 3
1004963118 16 0 1 0
1004963152 16 0 1 1
1004963225 41 1 1 3
1004963328 13 0 1 0
1004963357 45 1 1 1
1004963751 41 1 6 1
1004963979 37 1 5 2
1004964225 37 1 1 3
1004964259 42 1 2 0
1004964289 40 1 1 2
1004964367 41 1 4 2
1004964595 20 0 1 0
1004964862 40 1 1 3
1004964977 34 1 1 2
1004965013 23 0 1 1
1004965323 42 1 1 1
1004965401 45 1 2 1
1004965857 41 1 6 0
1004965896 42 1 1 0
1004966103 41 1 1 2
1004966323 40 1 7 1
1004966916 36 1 2 3
1004967618 41 1 8 2
1004967701 42 1 2 1
1004967820 41 1 5 2
1004968155 34 1 1 3
1004968442 16 0 1 0
1004968652 39 1 1 1
1004969189 40 1 7 0
1004969189 40 1 3 3
1004969485 37 1 1 2
1004969592 35 1 2 2
1004969592 36 1 1 1
1004969632 35 1 3 2
1004969911 37 1 2 2
1004970223 44 1 1 0
1004970330 35 1 2 3
1004970519 41 1 6 1
1004970626 12 0 1 1
1004970704 41 1 2 2
1004970945 20 0 1 1
1004971268 13 0 1 1
1004971328 35 1 2 2
1004971541 37 1 1 3
1004971648 12 0 1 0
1004971738 43 1 2 1
1004971853 37 1 4 3
1004972362 12 0 1 1
1004972623 41 1 6 0
1004972887 22 0 1 0
1004972911 40 1 3 2
1004972976 36 1 2 2
1004973457 40 1 3 3
1004973825 34 1 3 2
1004973945 44 1 1 1
1004974407 41 1 8 3
1004974491 44 1 1 0
1004974521 36 1 4 2
1004974624 16 0 1 1
1004974782 35 1 1 3
1004974859 9 0 1 1
1004975280 39 1 2 2
1004975441 39 1 1 0
1004975674 35 1 3 3
1004975816 40 1 8 0
1004976087 18 0 1 1
1004976313 37 1 5 3
1004976314 28 0 1 1
1004976660 40 1 4 3
1004976708 13 0 1 0
1004977381 23 0 1 0
1004977694 45 1 1 0
1004977975 41 1 2 3
1004978867 41 1 5 3
1004979009 43 1 2 0
1004979335 32 1 3 2
1004979444 35 1 3 2
1004979709 39 1 2 3
1004979901 36 1 1 0
1004979971 34 1 3 3
1004980069 37 1 5 2
1004980232 32 1 3 3
1004980369 1 0 1 1
1004980725 37 1 5 3
1004980743 28 0 1 0
1004981111 23 0 1 1
1004981128 13 0 1 1
1004981266 1 0 1 0
1004981591 41 1 4 3
1004981639 9 0 1 0
1004981853 37 1 5 2
1004981918 35 1 2 3
1004982433 36 1 2 3
1004982519 37 1 4 2
1004982589 23 0 1 0
1004982625 45 1 2 0
1004982962 12 0 1 0
1004983263 36 1 3 2
1004983449 37 1 5 3
1004983553 22 0 1 1
1004983587 16 0 1 0
1004983643 23 0 1 1
1004984107 36 1 3 3
1004984123 41 1 1 3
1004984297 17 0 1 1
1004984521 23 0 1 0
1004985109 36 1 4 3
1004985141 17 0 1 0
1004985589 42 1 2 0
1004985795 36 1 3 2
1004986016 32 1 3 2
1004986143 18 0 1 0
1004986385 32 1 5 2
1004986807 36 1 3 3
1004986829 17 0 1 1
1004987050 1 0 1 1
1004987419 3 0 1 1
1004987841 17 0 1 0
1004988126 40 1 5 2
1004988918 40 1 4 2
1004989013 36 1 2 2
1004989029 41 1 4 2
1004989160 32 1 1 1
1004989301 36 1 5 2
1004989516 32 1 3 3
1004989565 36 1 2 3
1004989723 36 1 4 2
1004989952 45 1 1 1
1004990063 45 1 2 1
1004990335 19 0 1 1
1004990469 16 0 1 1
1004990550 1 0 1 0
1004990797 36 1 2 2
1004991347 16 0 1 0
1004991365 41 1 5 2
1004991443 18 0 1 1
1004991573 37 1 2 3
1004991701 41 1 1 2
1004991729 41 1 8 2
1004992048 32 1 5 3
1004992273 16 0 1 1
1004992346 40 1 4 3
1004992399 36 1 1 1
1004992607 20 0 1 0
1004992621 41 1 8 3
1004992670 35 1 3 3
1004992851 41 1 5 3
1004993082 3 0 1 0
1004993243 42 1 2 1
1004993579 39 1 1 1
1004993661 39 1 1 0
1004993971 45 1 1 0
1004994312 13 0 1 0
1004994499 36 1 1 0
1004994499 36 1 4 3
1004994749 36 1 3 2
1004994926 32 1 3 2
1004995203 37 1 5 2
1004995497 40 1 5 3
1004995783 17 0 1 1
1004995975 18 0 1 0
1004996283 36 1 2 3
1004996323 41 1 4 3
1004996371 1 0 1 1
1004996531 32 1 1 0
1004997023 23 0 1 1
1004997357 45 1 2 0
1004997611 16 0 1 0
1004998167 37 1 1 2
1004998863 37 1 2 2
1004999649 37 1 1 3
1004999699 41 1 6 1
1004999897 20 0 1 1
1005000028 32 1 3 3
1005000111 40 1 5 2
1005000348 35 1 2 2
1005000493 37 1 4 3
1005000683 41 1 6 0
1005001055 36 1 4 2
1005001062 1 0 1 0
1005001145 32 1 1 1
1005001205 36 1 2 2
1005001382 12 0 1 1
1005001501 40 1 5 3
1005001539 36 1 5 3
1005001781 22 0 1 0
1005002089 18 0 1 1
1005002097 36 1 2 3
1005002535 32 1 1 0
1005002573 19 0 1 0
1005002643 40 1 5 2
1005002853 16 0 1 1
1005003258 35 1 3 2
1005003677 32 1 1 1
1005003731 16 0 1 0
1005003929 36 1 2 2
1005004155 41 1 1 3
1005004263 37 1 1 2
1005004263 36 1 3 3
1005004320 13 0 1 1
1005005155 37 1 1 3
1005005161 41 1 4 2
1005005189 42 1 2 0
1005005297 41 1 6 1
1005005297 17 0 1 0
1005005549 16 0 1 1
1005005873 32 1 5 2
1005005999 36 1 2 3
1005006195 45 1 2 1
1005006361 41 1 6 0
1005006846 35 1 2 3
1005006907 3 0 1 1
1005007463 16 0 1 0
1005007831 36 1 4 3
1005007993 32 1 3 2
1005008205 37 1 1 2
1005008440 12 0 1 0
1005008817 41 1 1 2
1005009027 1 0 1 1
1005009251 18 0 1 0
1005009307 36 1 2 2
1005009673 36 1 3 2
1005009833 41 1 6 1
1005009851 42 1 2 1
1005010305 37 1 5 3
1005010583 37 1 4 2
1005010707 17 0 1 1
1005011123 16 0 1 1
1005011197 37 1 1 3
1005011339 23 0 1 0
1005011393 32 1 2 2
1005011525 41 1 8 2
1005011617 22 0 1 1
1005011821 40 1 5 3
1005012231 41 1 6 0
1005012855 32 1 1 0
1005013103 0 0 1 1
1005013213 41 1 8 3
1005013323 39 1 1 1
1005013699 32 1 5 3
1005013963 40 1 4 2
1005014227 32 1 3 3
1005014249 39 1 1 0
1005014543 32 1 2 3
1005014733 3 0 1 0
1005014919 36 1 3 3
1005015145 36 1 4 2
1005015261 1 0 1 0
1005015263 45 1 1 1
1005015655 41 1 4 3
1005015779 0 0 1 0
1005015811 36 1 2 3
1005015953 17 0 1 0
1005016179 18 0 1 1
1005016288 35 1 2 2
1005016658 35 1 2 3
1005017132 35 1 2 2
1005017209 16 0 1 0
1005017217 45 1 2 0
1005017231 40 1 5 2
1005017550 35 1 3 3
1005017606 35 1 2 3
1005017873 40 1 5 3
1005017964 12 0 1 1
1005017998 12 0 1 0
1005018166 12 0 1 1
1005018265 32 1 1 1
1005018339 35 1 1 2
1005018517 40 1 3 2
1005018640 12 0 1 0
1005018868 35 1 2 2
1005018907 32 1 1 0
1005018967 40 1 5 2
1005019196 13 0 1 0
1005019373 40 1 8 1
1005019409 40 1 1 2
1005019551 44 1 1 1
1005019902 12 0 1 1
1005020117 37 1 2 3
1005020223 36 1 4 3
1005020330 35 1 2 3
1005020395 32 1 1 1
1005020443 42 1 1 1
1005020453 40 1 1 3
1005020803 36 1 2 2
1005021163 36 1 2 3
1005021297 40 1 4 3
1005021412 12 0 1 0
1005021448 35 1 2 2
1005021487 42 1 1 0
1005021789 18 0 1 0
1005021909 20 0 1 0
1005022455 41 1 1 3
1005022482 12 0 1 1
1005022499 16 0 1 1
1005022533 16 0 1 0
1005022859 45 1 1 0
1005023033 40 1 3 3
1005023705 36 1 3 2
1005023881 32 1 2 2
1005023897 42 1 2 0
1005023953 32 1 3 2
1005024067 44 1 1 0
1005024539 36 1 4 2
1005024739 17 0 1 1
1005024987 1 0 1 1
1005025297 36 1 3 3
1005025393 36 1 3 2
1005025591 0 0 1 1
1005025861 32 1 5 2
1005026141 36 1 3 3
1005026237 36 1 3 2
1005026297 18 0 1 1
1005026331 17 0 1 0
1005026427 17 0 1 1
1005026566 35 1 1 3
1005026895 3 0 1 1
1005027119 37 1 5 2
1005027175 17 0 1 0
1005027271 17 0 1 1
1005027311 36 1 3 3
1005027600 40 1 8 0
1005028131 37 1 2 2
1005028345 17 0 1 0
1005028499 32 1 3 3
1005028709 23 0 1 1
1005028889 41 1 4 2
1005029019 36 1 3 2
1005029095 36 1 3 3
1005029165 20 0 1 1
1005029533 1 0 1 0
1005030053 17 0 1 1
1005030086 35 1 2 3
1005030135 17 0 1 0
1005030357 45 1 2 1
1005030805 41 1 1 2
1005031152 12 0 1 0
1005031723 36 1 4 3
1005031761 37 1 4 3
1005031831 41 1 5 2
1005031877 36 1 3 2
1005032027 41 1 5 3
1005032615 36 1 3 3
1005032625 42 1 2 1
1005032721 36 1 3 2
1005032723 41 1 5 2
1005032911 17 0 1 1
1005033401 40 1 5 3
1005033477 18 0 1 0
1005033547 36 1 1 1
1005033567 41 1 5 3
1005033581 36 1 1 0
1005033595 22 0 1 0
1005033649 17 0 1 0
1005033755 17 0 1 1
1005033757 36 1 1 1
1005033763 41 1 4 3
1005033851 32 1 5 3
1005034165 36 1 3 3
1005034231 36 1 2 2
1005034435 32 1 1 0
1005034885 3 0 1 0
1005035139 36 1 1 0
1005035199 17 0 1 0
1005035445 45 1 2 0
1005035493 36 1 3 2
1005035755 16 0 1 1
1005036171 32 1 2 3
1005036527 17 0 1 1
1005036697 36 1 3 3
1005037205 0 0 1 0
1005037731 17 0 1 0
1005038945 37 1 5 3
1005039979 23 0 1 0
1005040419 36 1 3 2
1005040443 36 1 3 3
1005040711 34 1 3 2
1005041131 41 1 4 2
1005041335 36 1 2 3
1005041453 17 0 1 1
1005041487 17 0 1 0
1005041745 9 0 1 1
1005042165 45 1 2 1
1005042287 41 1 5 2
1005042973 16 0 1 0
1005043385 37 1 4 2
1005043537 36 1 1 1
1005043795 36 1 3 2
1005043877 34 1 1 2
1005044115 34 1 3 3
1005044419 22 0 1 1
1005044419 41 1 1 3
1005044815 40 1 5 2
1005044829 17 0 1 1
1005044831 36 1 2 2
1005044911 40 1 7 1
1005044963 41 1 5 3
1005045149 9 0 1 0
1005045545 42 1 2 0
1005045849 32 1 1 1
1005046013 32 1 5 2
1005046383 16 0 1 1
1005046395 36 1 4 2
1005046543 36 1 1 0
1005047047 3 0 1 1
1005047569 36 1 5 2
1005047951 37 1 1 2
1005047971 37 1 5 2
1005048205 18 0 1 1
1005048603 19 0 1 1
1005048709 37 1 2 3
1005048829 37 1 1 3
1005048953 32 1 3 2
1005049005 41 1 6 1
1005049601 37 1 5 3
1005049707 37 1 5 2
1005049743 20 0 1 0
1005049829 23 0 1 1
1005049883 41 1 6 0
1005050471 1 0 1 1
1005050483 37 1 1 2
1005050633 37 1 1 3
1005050707 23 0 1 0
1005050741 23 0 1 1
1005050827 40 1 1 2
1005051517 41 1 6 1
1005051711 34 1 1 3
1005051719 40 1 3 2
1005051861 42 1 1 1
1005051895 36 1 2 3
1005052075 40 1 4 2
1005052477 41 1 6 0
1005052745 40 1 7 0
1005052753 44 1 1 1
1005052787 36 1 3 3
1005052847 41 1 5 2
1005052919 40 1 1 3
1005053009 41 1 8 2
1005053109 45 1 1 1
1005053361 16 0 1 0
1005053407 32 1 3 3
1005053773 41 1 5 3
1005053821 17 0 1 0
1005053881 36 1 1 1
1005053887 41 1 8 3
1005053953 42 1 1 0
1005054251 32 1 5 3
1005054441 1 0 1 0
1005054773 39 1 1 1
1005054887 36 1 1 0
1005054887 36 1 4 3
1005055009 41 1 4 3
1005055285 3 0 1 0
1005055699 39 1 1 0
1005055921 18 0 1 0
1005056043 45 1 2 0
1005057639 37 1 2 2
1005058455 36 1 5 3
1005058715 20 0 1 1
1005058797 40 1 5 3
1005058817 32 1 5 2
1005059453 36 1 4 2
1005059489 19 0 1 0
1005059641 40 1 3 3
1005059831 32 1 1 0
1005059851 3 0 1 1
1005060257 37 1 4 3
1005060617 18 0 1 1
1005060675 44 1 1 0
1005061003 32 1 5 3
1005061425 40 1 4 3
1005061995 22 0 1 0
1005062037 3 0 1 0
1005062299 41 1 4 2
1005062355 36 1 2 2
1005062417 36 1 3 2
1005062459 45 1 1 0
1005063041 36 1 3 3
1005063333 45 1 2 1
1005063451 17 0 1 1
1005063763 16 0 1 1
1005064075 17 0 1 0
1005064105 36 1 3 2
1005064717 37 1 5 3
1005065139 17 0 1 1
1005065751 23 0 1 0
1005066417 36 1 3 3
1005066744 36 1 5 2
1005067451 17 0 1 0
1005067778 19 0 1 1
1005068171 36 1 2 3
1005068427 40 1 5 2
1005068571 40 1 4 2
1005069295 36 1 3 2
1005069461 32 1 1 1
1005069705 45 1 1 1
1005069897 37 1 1 2
1005069905 37 1 4 2
1005069907 36 1 4 3
1005069993 16 0 1 0
1005070069 37 1 1 3
1005070175 37 1 5 2
1005070259 40 1 4 3
1005070329 17 0 1 1
1005070681 32 1 5 2
1005070741 37 1 1 2
1005070799 36 1 5 3
1005070931 41 1 6 1
1005070939 22 0 1 1
1005070941 18 0 1 0
1005070961 37 1 5 3
1005071103 41 1 6 0
1005071334 41 1 1 2
1005071619 45 1 1 0
1005071715 3 0 1 1
1005071833 19 0 1 0
1005071871 23 0 1 1
1005072101 41 1 6 1
1005072368 42 1 2 1
1005072525 37 1 1 3
1005072535 36 1 3 3
1005072749 23 0 1 0
1005073525 32 1 3 2
1005073569 17 0 1 0
1005073871 41 1 6 0
1005073871 41 1 4 3
1005074199 32 1 2 2
1005075105 1 0 1 1
1005075233 0 0 1 1
1005075269 45 1 2 0
1005077749 40 1 5 3
1005077883 32 1 3 3
1005077945 36 1 3 2
1005078079 37 1 5 2
1005078145 37 1 2 3
1005078575 40 1 4 2
1005078727 32 1 5 3
1005078917 1 0 1 0
1005078979 17 0 1 1
1005079113 23 0 1 1
1005079179 20 0 1 0
1005079247 40 1 4 3
1005079403 32 1 1 0
1005079609 45 1 1 1
1005079761 3 0 1 0
1005080281 45 1 1 0
1005080489 41 1 4 2
1005080719 41 1 1 3
1005081107 40 1 4 2
1005081173 40 1 4 3
1005081523 45 1 2 1
1005081663 36 1 2 2
1005081801 42 1 2 0
1005082141 45 1 1 1
1005082207 45 1 1 0
1005082555 36 1 2 3
1005082563 37 1 1 2
1005082605 37 1 1 3
1005082969 40 1 4 2
1005083071 16 0 1 1
1005083597 41 1 6 1
1005083639 41 1 6 0
1005083671 32 1 2 3
1005083813 16 0 1 0
1005084003 45 1 1 1
1005084645 36 1 3 3
1005084705 0 0 1 0
1005085291 37 1 2 2
1005085643 41 1 8 2
1005085679 17 0 1 0
1005086367 20 0 1 1
1005086535 41 1 8 3
1005087203 40 1 5 2
1005087211 39 1 1 1
1005088185 39 1 1 0
1005088237 32 1 1 1
1005089741 37 1 4 3
1005090223 40 1 3 2
1005090889 32 1 5 2
1005091183 41 1 4 3
1005091257 44 1 1 1
1005091575 22 0 1 0
1005091637 40 1 4 3
1005091765 41 1 8 2
1005091923 3 0 1 1
1005092217 45 1 2 0
1005092417 37 1 5 3
1005092585 32 1 2 2
1005092799 39 1 1 1
1005092967 41 1 8 3
1005093103 45 1 1 0
1005093451 23 0 1 0
1005093507 36 1 2 2
1005093619 0 0 1 1
1005093781 32 1 3 2
1005094049 39 1 1 0
1005094351 36 1 2 3
1005094541 16 0 1 1
1005094815 1 0 1 1
1005095385 16 0 1 0
1005096737 41 1 4 2
1005098139 32 1 3 3
1005098269 45 1 2 1
1005098437 40 1 5 3
1005098965 36 1 2 2
1005099173 1 0 1 0
1005099471 32 1 1 0
1005099659 36 1 2 3
1005099827 32 1 5 3
1005099999 16 0 1 1
1005100183 36 1 3 2
1005100701 36 1 2 2
1005100861 3 0 1 0
1005101159 32 1 2 3
1005101217 17 0 1 1
1005101217 16 0 1 0
1005101957 40 1 3 3
1005102193 0 0 1 0
1005102209 37 1 4 2
1005102239 36 1 2 3
1005102243 16 0 1 1
1005102611 40 1 1 2
1005102991 44 1 1 0
1005103243 22 0 1 1
1005103273 16 0 1 0
1005103741 40 1 1 3
1005103847 40 1 5 2
1005103919 36 1 2 2
1005104288 42 1 1 1
1005104809 37 1 2 3
1005104819 36 1 3 3
1005104835 40 1 3 2
1005105123 40 1 4 2
1005105166 42 1 1 0
1005105287 40 1 1 2
1005105313 32 1 1 1
1005105603 34 1 3 2
1005105663 37 1 5 2
1005105663 36 1 2 3
1005105727 34 1 3 3
1005105763 16 0 1 1
1005105843 20 0 1 0
1005105853 17 0 1 0
1005105869 44 1 1 1
1005106157 45 1 1 1
1005106321 42 1 1 1
1005106637 9 0 1 1
1005106761 9 0 1 0
1005106787 23 0 1 1
1005107165 40 1 3 3
1005107432 16 0 1 0
1005108199 44 1 1 0
1005108253 32 1 2 2
1005108613 32 1 5 2
1005108615 40 1 2 2
1005108853 40 1 1 3
1005109287 0 0 1 1
1005109647 3 0 1 1
1005109649 43 1 1 1
1005109745 40 1 4 3
1005110056 42 1 1 0
1005110589 40 1 2 3
1005110931 41 1 4 3
1005111061 45 1 1 0
1005111623 43 1 1 0
1005111779 40 1 3 2
1005111866 41 1 1 2
1005111918 36 1 2 2
1005112013 45 1 2 0
1005112051 37 1 2 2
1005112655 36 1 2 3
1005112813 44 1 1 1
1005112900 42 1 2 1
1005113127 20 0 1 1
1005113662 16 0 1 1
1005113744 16 0 1 0
1005113965 40 1 5 3
1005114449 36 1 3 2
1005114451 41 1 1 3
1005115483 17 0 1 1
1005115485 42 1 2 0
1005115627 32 1 1 0
1005116405 37 1 4 3
1005116449 32 1 3 2
1005116480 36 1 2 2
1005116629 41 1 8 2
1005117175 41 1 5 2
1005117297 37 1 5 3
1005117315 32 1 2 3
1005117329 41 1 4 2
1005117519 1 0 1 1
1005117551 32 1 3 3
1005117663 39 1 1 1
1005118017 40 1 4 2
1005118017 36 1 3 3
1005118142 16 0 1 1
1005118173 22 0 1 0
1005118331 23 0 1 0
1005118349 0 0 1 0
1005118363 45 1 2 1
1005118555 36 1 1 1
1005118585 1 0 1 0
1005118623 41 1 1 2
1005118719 41 1 1 3
1005118959 41 1 5 3
1005119051 45 1 1 1
1005119051 17 0 1 0
1005119099 32 1 5 3
1005119657 42 1 2 1
1005119753 42 1 2 0
1005119993 36 1 1 0
1005120051 40 1 5 2
1005120133 3 0 1 0
1005121085 32 1 1 1
1005121739 36 1 3 2
1005121753 36 1 4 2
1005121911 37 1 5 2
1005122113 40 1 8 2
1005122287 41 1 8 3
1005122601 37 1 5 3
1005122773 17 0 1 1
1005122787 18 0 1 1
1005123147 35 1 1 1
1005123429 23 0 1 1
1005123695 37 1 5 2
1005123715 39 1 1 0
1005124355 23 0 1 0
1005124357 36 1 2 3
1005124385 37 1 5 3
1005124477 40 1 8 3
1005124509 32 1 5 2
1005125191 37 1 4 2
1005125281 23 0 1 1
1005125309 41 1 5 2
1005125391 16 0 1 0
1005125511 35 1 1 0
1005125543 3 0 1 1
1005125707 40 1 1 2
1005125801 41 1 1 2
1005126045 36 1 4 3
1005126159 23 0 1 0
1005126165 40 1 3 3
1005126213 37 1 5 2
1005126225 22 0 1 1
1005126265 37 1 4 3
1005126269 32 1 2 2
1005126343 36 1 1 1
1005126768 42 1 1 1
1005126927 37 1 4 2
1005127079 18 0 1 0
1005127109 37 1 5 3
1005127187 42 1 2 1
1005127199 44 1 1 0
1005127303 0 0 1 1
1005127303 22 0 1 0
1005127443 40 1 1 3
1005127447 41 1 5 3
1005127889 41 1 5 2
1005127961 22 0 1 1
1005127977 23 0 1 1
1005128291 41 1 4 3
1005128481 36 1 1 0
1005128603 41 1 5 3
1005128903 23 0 1 0
1005128923 36 1 2 2
1005128923 36 1 1 1
1005129233 42 1 1 0
1005129603 45 1 2 0
1005129660 36 1 1 0
1005130125 16 0 1 1
1005130433 40 1 4 3
1005130504 36 1 3 3
1005130611 36 1 2 3
1005131235 36 1 5 2
1005131538 17 0 1 0
1005131645 16 0 1 0
1005131669 32 1 3 2
1005132139 45 1 1 0
1005132269 19 0 1 1
1005132461 37 1 2 3
1005132703 1 0 1 1
1005133495 20 0 1 0
1005134701 40 1 5 3
1005135125 37 1 5 2
1005135139 41 1 1 3
1005135776 36 1 4 2
1005136033 32 1 1 0
1005136069 36 1 2 2
1005136119 32 1 3 3
1005136159 23 0 1 1
1005136173 42 1 2 0
1005136559 41 1 4 2
1005136758 36 1 3 2
1005136783 40 1 3 2
1005136877 32 1 5 3
1005137055 18 0 1 1
1005137103 16 0 1 1
1005137650 45 1 2 1
1005137721 32 1 2 3
1005137757 36 1 2 3
1005137792 17 0 1 1
1005137805 36 1 2 2
1005137817 44 1 1 1
1005137877 1 0 1 0
1005137911 3 0 1 0
1005138244 36 1 3 3
1005138755 0 0 1 0
1005138805 16 0 1 0
1005138839 16 0 1 1
1005139136 36 1 4 3
1005139278 17 0 1 0
1005139891 40 1 4 2
1005140170 18 0 1 0
1005140925 45 1 1 1
1005141349 40 1 5 2
1005141596 37 1 4 3
1005142383 32 1 1 1
1005142488 37 1 5 3
1005142630 22 0 1 0
1005143129 41 1 1 2
1005143522 23 0 1 0
1005143548 36 1 5 3
1005144163 42 1 2 1
1005144582 19 0 1 0
1005144807 41 1 4 3
1005145975 45 1 2 0
1005146853 40 1 3 3
1005147068 36 1 2 3
1005147887 44 1 1 0
1005148329 16 0 1 0
1005148886 37 1 5 2
1005149087 32 1 5 2
1005149385 40 1 4 3
1005149562 36 1 3 2
1005149920 23 0 1 1
1005150419 45 1 1 0
1005150444 3 0 1 1
1005150596 17 0 1 1
1005151490 36 1 5 2
1005152299 41 1 8 2
1005152311 40 1 3 2
1005152384 41 1 5 2
1005152524 19 0 1 1
1005152809 40 1 3 3
1005153228 41 1 5 3
1005153250 37 1 4 2
1005153333 39 1 1 1
1005153345 44 1 1 1
1005153843 44 1 1 0
1005153987 41 1 8 3
1005154132 37 1 5 3
1005154143 40 1 3 2
1005154177 36 1 1 1
1005154262 36 1 1 0
1005154284 22 0 1 1
1005154537 36 1 2 2
1005154593 40 1 3 3
1005155106 39 1 1 0
1005155167 32 1 3 2
1005155177 44 1 1 1
1005155627 44 1 1 0
1005155895 23 0 1 0
1005155927 40 1 3 2
1005155963 41 1 4 2
1005156021 16 0 1 1
1005156163 41 1 1 3
1005156201 1 0 1 1
1005156273 36 1 2 3
1005156544 36 1 3 3
1005156961 44 1 1 1
1005156997 45 1 2 1
1005157578 17 0 1 0
1005157734 42 1 2 0
1005157756 16 0 1 0
1005158161 40 1 5 3
1005159195 32 1 1 0
1005159483 32 1 3 3
1005160517 1 0 1 0
1005162619 32 1 5 3
1005164047 41 1 4 3
1005164428 3 0 1 0
1005165081 45 1 2 0
1005165272 36 1 5 3
1005165630 41 1 1 2
1005165680 37 1 4 3
1005165762 36 1 2 2
1005166151 40 1 5 2
1005166306 19 0 1 0
1005166820 16 0 1 1
1005166973 22 0 1 0
1005167185 32 1 1 1
1005167258 42 1 2 1
1005167332 40 1 1 2
1005168395 40 1 4 2
1005168453 42 1 1 1
1005168709 41 1 4 2
1005169229 40 1 3 3
1005170141 45 1 1 1
1005170263 44 1 1 0
1005170425 45 1 2 1
1005170682 36 1 5 2
1005171716 19 0 1 1
1005172082 36 1 3 2
1005172701 40 1 1 3
1005173116 17 0 1 1
1005173197 37 1 5 2
1005173422 32 1 5 2
1005173983 42 1 1 0
1005174231 23 0 1 1
1005174319 41 1 1 3
1005174782 3 0 1 1
1005174874 36 1 4 2
1005175353 42 1 2 0
1005175908 18 0 1 1
1005176567 40 1 3 2
1005176676 36 1 2 3
1005177251 32 1 2 2
1005177601 44 1 1 1
1005177710 16 0 1 0
1005177731 32 1 2 3
1005177985 32 1 3 2
1005178095 32 1 2 2
1005178285 0 0 1 1
1005178437 37 1 4 2
1005178765 0 0 1 0
1005178849 40 1 5 3
1005179129 0 0 1 1
1005179304 36 1 3 3
1005179471 22 0 1 1
1005179657 1 0 1 1
1005179883 32 1 1 0
1005180338 17 0 1 0
1005180739 41 1 8 2
1005180844 37 1 5 3
1005181285 32 1 2 3
1005181381 40 1 4 3
1005181633 41 1 8 3
1005181807 39 1 1 1
1005182309 41 1 1 2
1005182319 0 0 1 0
1005182415 45 1 1 0
1005182415 32 1 5 3
1005182511 23 0 1 0
1005182579 32 1 3 3
1005182733 39 1 1 0
1005182884 41 1 1 3
1005183343 42 1 2 1
1005183640 3 0 1 0
1005183668 36 1 4 3
1005183843 41 1 4 3
1005183997 41 1 1 2
1005184103 1 0 1 0
1005184577 41 1 8 2
1005184762 42 1 2 0
1005184877 45 1 2 0
1005184904 18 0 1 0
1005185031 42 1 2 1
1005185654 39 1 1 1
1005186356 41 1 5 2
1005186390 41 1 8 3
1005187140 36 1 5 3
1005187253 41 1 8 2
1005187390 36 1 1 1
1005187424 39 1 1 0
1005188174 19 0 1 0
1005188229 40 1 3 3
1005188925 37 1 5 2
1005189126 39 1 1 1
1005189263 44 1 1 0
1005189301 41 1 4 2
1005189695 41 1 7 2
1005189778 36 1 3 2
1005189805 41 1 2 2
1005189959 23 0 1 1
1005189970 36 1 2 2
1005190018 36 1 5 2
1005190608 37 1 4 3
1005190729 38 1 1 1
1005190812 17 0 1 1
1005190862 45 1 2 1
1005191004 16 0 1 1
1005191052 19 0 1 1
1005191107 40 1 5 2
1005191500 37 1 5 3
1005191573 43 1 2 1
1005191583 41 1 8 3
1005191860 36 1 4 2
1005191881 22 0 1 0
1005191903 40 1 4 2
1005192141 32 1 1 1
1005192534 23 0 1 0
1005192617 39 1 1 0
1005192937 45 1 1 1
1005193584 18 0 1 1
1005193735 40 1 3 2
1005194769 44 1 1 1
1005195055 41 1 1 3
1005195115 34 1 3 2
1005195265 37 1 5 2
1005196083 34 1 3 3
1005196089 42 1 2 0
1005196187 9 0 1 1
1005196523 23 0 1 1
1005197117 9 0 1 0
1005197647 34 1 3 2
1005197727 32 1 3 2
1005197819 34 1 3 3
1005198511 32 1 2 2
1005198623 41 1 7 3
1005198681 9 0 1 1
1005198853 9 0 1 0
1005198961 34 1 3 2
1005199109 1 0 1 1
1005199467 41 1 5 3
1005199489 40 1 4 3
1005199545 0 0 1 1
1005199657 38 1 1 0
1005199770 32 1 5 2
1005199995 9 0 1 1
1005200333 40 1 5 3
1005200523 45 1 1 0
1005200665 36 1 1 0
1005201322 3 0 1 1
1005201367 32 1 1 0
1005201399 32 1 3 3
1005201479 37 1 4 2
1005202211 32 1 2 3
1005202711 1 0 1 0
1005202719 22 0 1 1
1005203027 34 1 3 3
1005203245 0 0 1 0
1005203735 41 1 2 3
1005203913 34 1 1 2
1005204061 9 0 1 0
1005204185 36 1 3 3
1005204769 43 1 2 0
1005204791 32 1 5 3
1005204947 40 1 7 1
1005205024 37 1 5 3
1005205219 17 0 1 0
1005205423 41 1 4 3
1005205921 36 1 5 3
1005206239 23 0 1 0
1005206457 45 1 2 0
1005206612 3 0 1 0
1005206635 40 1 5 2
1005206955 19 0 1 0
1005207005 41 1 8 2
1005207005 41 1 8 3
1005207609 36 1 4 3
1005207669 32 1 1 1
1005208396 39 1 1 1
1005208430 39 1 1 0
1005208643 18 0 1 0
1005208789 41 1 8 2
1005208837 41 1 8 3
1005209633 41 1 8 2
1005209691 41 1 8 3
1005209823 39 1 1 1
1005209871 39 1 1 0
1005210115 34 1 1 3
1005210397 41 1 1 2
1005210487 36 1 5 2
1005210525 41 1 8 2
1005210667 39 1 1 1
1005210725 39 1 1 0
1005211159 40 1 7 0
1005211283 36 1 3 2
1005211431 42 1 2 1
1005211521 19 0 1 1
1005212275 39 1 1 1
1005212317 17 0 1 1
1005212569 41 1 4 2
1005212877 41 1 5 2
1005213019 36 1 4 2
1005213549 34 1 3 2
1005214031 41 1 5 3
1005214053 18 0 1 1
1005214139 45 1 2 1
1005214139 36 1 1 1
1005214341 37 1 5 2
1005214583 9 0 1 1
1005214714 32 1 5 2
1005214740 37 1 4 3
1005214803 41 1 1 3
1005214899 32 1 5 3
1005215259 32 1 3 2
1005215533 36 1 1 0
1005215606 32 1 5 2
1005215647 41 1 8 3
1005215774 22 0 1 0
1005216051 23 0 1 1
1005216362 3 0 1 1
1005216367 40 1 5 3
1005216396 3 0 1 0
1005216491 42 1 2 0
1005216515 32 1 3 3
1005216681 39 1 1 0
1005216777 1 0 1 1
1005217221 36 1 2 3
1005217259 40 1 3 3
1005217322 3 0 1 1
1005217751 1 0 1 0
1005217827 32 1 1 0
1005218065 36 1 4 3
1005218273 16 0 1 0
1005218293 44 1 1 0
1005218957 36 1 3 3
1005218987 34 1 3 3
1005219099 18 0 1 0
1005219515 32 1 5 3
1005219595 32 1 3 2
1005219999 17 0 1 0
1005220021 9 0 1 0
1005220281 32 1 2 2
1005220359 32 1 2 3
1005220828 3 0 1 0
1005221023 32 1 3 3
1005221257 1 0 1 1
1005221315 0 0 1 1
1005221359 40 1 5 2
1005221393 0 0 1 0
1005221603 41 1 4 3
1005222231 1 0 1 0
1005222393 32 1 1 1
1005222637 45 1 2 0
1005223311 40 1 5 3
1005223531 36 1 3 2
1005223597 40 1 4 2
1005223670 37 1 4 2
1005223781 41 1 1 2
1005223891 40 1 5 2
1005224547 32 1 1 0
1005224565 17 0 1 1
1005224631 45 1 1 1
1005224925 32 1 1 1
1005224999 40 1 5 3
1005225067 22 0 1 1
1005225259 42 1 2 1
1005225387 36 1 2 2
1005225433 34 1 5 2
1005225492 37 1 5 3
1005225859 32 1 3 2
1005225871 41 1 1 3
1005226045 40 1 3 2
1005226235 32 1 1 0
1005226509 34 1 5 3
1005226526 23 0 1 0
1005226611 16 0 1 1
1005226981 42 1 2 0
1005226995 36 1 4 2
1005227033 32 1 2 2
1005227061 11 0 1 1
1005227079 44 1 1 1
1005227521 1 0 1 1
1005227531 40 1 4 3
1005227553 36 1 1 2
1005227687 34 1 1 2
1005227987 11 0 1 0
1005228067 0 0 1 1
1005228301 18 0 1 1
1005228565 45 1 1 0
1005228623 41 1 5 1
1005228825 41 1 1 2
1005228903 40 1 7 1
1005228923 40 1 5 2
1005229179 36 1 1 3
1005229375 34 1 1 3
1005229441 36 1 5 3
1005229467 41 1 5 2
1005229690 32 1 4 2
1005229785 41 1 8 2
1005229822 32 1 5 2
1005229859 42 1 2 1
1005229957 32 1 1 1
1005230041 32 1 2 3
1005230187 41 1 5 3
1005230374 32 1 4 3
1005230441 41 1 5 0
1005230475 19 0 1 0
1005230501 36 1 1 1
1005230721 40 1 7 0
1005230855 32 1 3 3
1005230869 36 1 3 3
1005230881 2 0 1 1
1005231011 36 1 4 3
1005231087 0 0 1 0
1005231221 36 1 1 0
1005231326 3 0 1 1
1005231359 39 1 1 1
1005231713 41 1 4 2
1005231795 36 1 2 3
1005231807 2 0 1 0
1005231903 17 0 1 0
1005231967 1 0 1 0
1005232129 41 1 5 2
1005232211 41 1 8 3
1005232529 41 1 7 2
1005232747 18 0 1 0
1005232889 16 0 1 0
1005233007 41 1 7 3
1005233163 45 1 2 1
1005233211 36 1 1 1
1005233259 39 1 1 0
1005233563 38 1 1 1
1005233563 41 1 5 3
1005234041 38 1 1 0
1005234407 41 1 1 3
1005234981 36 1 1 0
1005235441 42 1 2 0
1005236689 37 1 5 2
1005236896 37 1 4 3
1005236919 34 1 5 2
1005237115 32 1 5 3
1005237327 36 1 2 2
1005237539 40 1 4 2
1005237689 40 1 5 3
1005237930 22 0 1 0
1005237995 32 1 2 2
1005238352 3 0 1 0
1005238363 16 0 1 1
1005238447 23 0 1 1
1005238581 11 0 1 1
1005238723 32 1 1 0
1005239029 0 0 1 1
1005239187 45 1 1 1
1005239533 34 1 1 2
1005240317 40 1 3 3
1005240499 36 1 3 2
1005240719 40 1 7 1
1005241351 44 1 1 0
1005241533 17 0 1 1
1005241749 34 1 5 3
1005241979 34 1 1 3
1005242147 41 1 4 3
1005242397 41 1 1 2
1005242633 36 1 4 2
1005242795 41 1 8 2
1005242979 11 0 1 0
1005243191 40 1 7 0
1005243215 32 1 2 3
1005243431 42 1 2 1
1005243739 45 1 2 0
1005243757 36 1 2 3
1005243829 39 1 1 1
1005244089 18 0 1 1
1005244249 0 0 1 0
1005244531 41 1 8 3
1005244921 36 1 3 3
1005245137 36 1 4 3
1005245293 16 0 1 0
1005245601 41 1 5 2
1005245791 39 1 1 0
1005245955 17 0 1 0
1005246493 41 1 5 3
1005246799 18 0 1 0
1005247301 36 1 1 1
1005247527 36 1 1 0
1005248115 41 1 4 2
1005249117 40 1 4 3
1005249149 45 1 2 1
1005249250 37 1 4 2
1005250022 32 1 5 2
1005250117 34 1 1 2
1005250151 45 1 1 0
1005250284 22 0 1 1
1005250313 32 1 2 2
1005250468 37 1 5 3
1005250705 36 1 2 2
1005251043 32 1 1 2
1005251151 40 1 7 1
1005251347 0 0 1 1
1005251478 3 0 1 1
1005251502 23 0 1 0
1005251575 41 1 1 3
1005251959 34 1 5 2
1005252175 16 0 1 1
1005252215 32 1 5 3
1005252255 32 1 3 2
1005252517 40 1 1 2
1005252719 40 1 3 2
1005252792 40 1 5 1
1005252863 36 1 3 2
1005253239 42 1 2 0
1005253344 3 0 1 0
1005253359 36 1 5 2
1005253565 34 1 1 3
1005253573 11 0 1 1
1005253731 40 1 4 2
1005253753 44 1 1 1
1005253897 17 0 1 1
1005254013 1 0 1 1
1005254181 32 1 4 2
1005254348 42 1 1 1
1005254393 19 0 1 1
1005254599 40 1 7 0
1005254901 36 1 4 2
1005255319 45 1 1 1
1005255877 2 0 1 1
1005256453 18 0 1 1
1005256941 34 1 5 3
1005257285 36 1 2 3
1005257425 32 1 2 3
1005257757 40 1 4 3
1005258201 36 1 3 3
1005258357 16 0 1 0
1005258445 32 1 3 3
1005258459 0 0 1 0
1005258588 32 1 1 3
1005258767 11 0 1 0
1005259235 17 0 1 0
1005259432 32 1 4 3
1005259539 45 1 1 0
1005259622 40 1 5 0
1005259937 36 1 4 3
1005260195 1 0 1 0
1005260231 36 1 1 2
1005260743 36 1 1 3
1005261167 2 0 1 0
1005261217 37 1 5 2
1005261310 40 1 1 3
1005261403 41 1 5 1
1005261743 18 0 1 0
1005261799 41 1 4 3
1005262141 41 1 1 2
1005262221 36 1 5 3
1005262275 40 1 4 2
1005262329 41 1 5 0
1005262344 42 1 1 0
1005262387 40 1 3 3
1005262927 23 0 1 1
1005263094 40 1 4 3
1005263175 42 1 2 1
1005263255 19 0 1 0
1005263257 45 1 2 0
1005263421 44 1 1 0
1005263759 45 1 1 1
1005263783 36 1 2 2
1005263800 37 1 4 3
1005264128 45 1 1 0
1005265287 16 0 1 1
1005265367 32 1 2 2
1005265521 22 0 1 0
1005266143 36 1 3 2
1005266401 0 0 1 1
1005266784 32 1 5 2
1005267177 17 0 1 1
1005267518 32 1 1 2
1005268061 36 1 4 2
1005268147 32 1 5 3
1005268297 32 1 3 2
1005268377 32 1 4 2
1005268398 3 0 1 1
1005268555 36 1 4 3
1005268573 41 1 4 2
1005268710 40 1 5 1
1005269372 3 0 1 0
1005269417 34 1 3 2
1005269587 41 1 1 3
1005269607 45 1 2 1
1005269731 36 1 2 3
1005269757 18 0 1 1
1005269839 18 0 1 0
1005269897 1 0 1 1
1005270025 2 0 1 1
1005270159 34 1 3 3
1005270281 36 1 1 2
1005270373 36 1 1 3
1005270451 9 0 1 1
1005271105 34 1 3 2
1005271199 42 1 2 0
1005271204 9 0 1 0
1005271216 32 1 5 2
1005271331 41 1 5 1
1005271373 16 0 1 0
1005271605 32 1 5 3
1005271683 36 1 4 2
1005271969 36 1 1 2
1005272144 9 0 1 1
1005272209 41 1 5 0
1005272417 32 1 2 3
1005272979 36 1 3 3
1005273022 3 0 1 1
1005273049 36 1 4 3
1005273056 3 0 1 0
1005273135 41 1 5 1
1005273341 32 1 3 3
1005273345 18 0 1 1
1005273367 36 1 1 3
1005273451 0 0 1 0
1005273840 32 1 4 3
1005274013 17 0 1 0
1005274319 18 0 1 0
1005274453 37 1 4 2
1005274732 32 1 1 3
1005274905 41 1 5 0
1005275187 1 0 1 0
1005275219 2 0 1 0
1005275487 22 0 1 1
1005275770 40 1 5 0
1005276270 34 1 1 2
1005277134 34 1 3 3
1005277304 40 1 7 1
1005278168 9 0 1 0
1005278168 37 1 5 3
1005278203 41 1 1 2
1005278583 36 1 2 2
1005278853 36 1 4 2
1005279183 36 1 4 3
1005279315 42 1 2 1
1005279457 23 0 1 0
1005279745 36 1 4 2
1005280027 36 1 4 3
1005280183 16 0 1 1
1005280359 32 1 2 2
1005280453 18 0 1 1
1005280487 18 0 1 0
1005280645 32 1 4 2
1005280847 41 1 4 3
1005281086 32 1 1 2
1005281393 0 0 1 1
1005281413 18 0 1 1
1005281447 18 0 1 0
1005281529 36 1 4 2
1005281765 36 1 3 2
1005281837 36 1 4 3
1005281872 32 1 5 2
1005281881 45 1 2 0
1005282095 32 1 5 3
1005282120 40 1 5 1
1005282163 41 1 8 2
1005282197 2 0 1 1
1005282486 34 1 1 3
1005282799 17 0 1 1
1005282968 40 1 4 2
1005283197 39 1 1 1
1005283217 18 0 1 1
1005283251 18 0 1 0
1005283289 32 1 3 2
1005283578 40 1 7 0
1005283650 3 0 1 1
1005283684 3 0 1 0
1005283704 32 1 5 2
1005284157 36 1 4 2
1005284465 36 1 2 3
1005284578 45 1 1 1
1005284724 40 1 1 2
1005284754 3 0 1 1
1005284841 1 0 1 1
1005285115 41 1 8 3
1005285569 16 0 1 0
1005285609 32 1 5 3
1005286009 18 0 1 1
1005286149 39 1 1 0
1005286257 36 1 4 3
1005286266 42 1 1 1
1005286429 40 1 1 3
1005286517 32 1 2 3
1005286833 36 1 4 2
1005287345 32 1 3 3
1005287356 32 1 4 3
1005287464 3 0 1 0
1005287551 0 0 1 0
1005287705 36 1 3 3
1005287779 18 0 1 0
1005287846 40 1 4 3
1005288036 42 1 1 0
1005288200 32 1 1 3
1005288443 1 0 1 0
1005288657 18 0 1 1
1005288739 17 0 1 0
1005288880 45 1 1 0
1005289137 37 1 5 2
1005289223 2 0 1 0
1005289234 40 1 5 0
1005289335 41 1 1 3
1005289764 37 1 4 3
1005290531 23 0 1 1
1005290621 36 1 4 3
1005290942 42 1 2 0
1005290982 36 1 5 2
1005291519 22 0 1 0
1005292016 19 0 1 1
1005292211 18 0 1 0
1005292296 41 1 4 2
1005292765 36 1 2 2
1005293097 36 1 5 3
1005293330 45 1 2 1
1005294131 19 0 1 0
1005294331 16 0 1 1
1005296129 36 1 1 2
1005296147 32 1 2 2
1005296433 32 1 4 2
1005296491 36 1 3 2
1005296531 32 1 3 2
1005296659 36 1 1 3
1005297082 32 1 1 2
1005297181 0 0 1 1
1005297525 17 0 1 1
1005297526 34 1 1 2
1005297555 41 1 5 1
1005297985 2 0 1 1
1005298116 40 1 5 1
1005298145 1 0 1 1
1005298242 32 1 5 2
1005298481 41 1 5 0
1005298560 40 1 7 1
1005298721 32 1 5 3
1005299165 36 1 5 2
1005299265 36 1 1 2
1005299335 36 1 1 3
1005299538 41 1 1 2
1005299559 41 1 4 3
1005299842 3 0 1 1
1005300020 3 0 1 0
1005300026 32 1 5 2
1005300199 19 0 1 1
1005300273 36 1 2 3
1005300347 41 1 5 1
1005300381 41 1 5 0
1005300972 42 1 2 1
1005301039 45 1 2 0
1005301074 34 1 1 3
1005301103 37 1 4 2
1005301157 36 1 4 2
1005301165 36 1 5 3
1005301349 32 1 3 3
1005301742 3 0 1 1
1005301864 32 1 5 3
1005302045 36 1 4 3
1005302105 16 0 1 0
1005302108 40 1 7 0
1005302199 19 0 1 0
1005302435 32 1 2 3
1005302485 22 0 1 1
1005302560 32 1 4 3
1005302591 1 0 1 0
1005302901 18 0 1 1
1005303404 32 1 1 3
1005303469 0 0 1 0
1005303560 3 0 1 0
1005303767 36 1 3 3
1005303827 18 0 1 0
1005304036 37 1 5 3
1005304071 2 0 1 0
1005304438 40 1 5 0
1005304801 17 0 1 0
1005305415 41 1 4 2
1005305702 34 1 5 2
1005305791 23 0 1 0
1005306176 34 1 3 2
1005306449 45 1 2 1
1005307005 36 1 1 2
1005307210 9 0 1 1
1005307301 36 1 1 3
1005307412 11 0 1 1
1005307945 36 1 1 2
1005308014 41 1 7 2
1005308179 36 1 1 3
1005308299 41 1 5 1
1005308361 36 1 4 2
1005308423 36 1 2 2
1005309048 38 1 1 1
1005309105 36 1 2 3
1005309177 41 1 5 0
1005309259 41 1 5 1
1005309293 41 1 5 0
1005309702 41 1 7 3
1005309831 41 1 1 3
1005310004 34 1 1 2
1005310023 16 0 1 1
1005310057 18 0 1 1
1005310207 36 1 2 2
1005310389 32 1 4 2
1005310736 38 1 1 0
1005310841 36 1 2 3
1005310865 42 1 2 0
1005310901 16 0 1 0
1005311023 34 1 5 3
1005311038 40 1 7 1
1005311099 36 1 2 2
1005311121 32 1 1 2
1005311221 32 1 2 2
1005311662 32 1 5 2
1005311702 34 1 3 3
1005311709 36 1 3 2
1005311779 16 0 1 1
1005311881 32 1 5 3
1005311941 2 0 1 1
1005312155 40 1 5 1
1005312255 0 0 1 1
1005312463 32 1 3 2
1005312654 11 0 1 0
1005312657 16 0 1 0
1005312691 16 0 1 1
1005312736 9 0 1 0
1005312743 17 0 1 1
1005313310 3 0 1 1
1005313344 3 0 1 0
1005314029 1 0 1 1
1005314338 32 1 5 2
1005314378 34 1 1 3
1005314579 37 1 5 2
1005314585 36 1 4 3
1005315412 40 1 7 0
1005315728 37 1 4 3
1005315733 36 1 1 2
1005315958 3 0 1 1
1005316287 18 0 1 0
1005316373 41 1 8 2
1005316429 41 1 5 2
1005316447 23 0 1 1
1005316597 32 1 2 3
1005316762 22 0 1 0
1005316790 32 1 1 3
1005317014 32 1 5 3
1005317043 36 1 1 3
1005317071 36 1 3 3
1005317089 32 1 3 3
1005317355 41 1 5 1
1005317407 39 1 1 1
1005317631 0 0 1 0
1005317668 32 1 4 3
1005317824 40 1 5 0
1005317869 41 1 1 2
1005318105 17 0 1 0
1005318125 36 1 2 3
1005318233 41 1 5 0
1005318251 36 1 1 1
1005318475 1 0 1 0
1005318668 3 0 1 0
1005318967 2 0 1 0
1005319199 42 1 2 1
1005319211 41 1 4 3
1005319765 16 0 1 0
1005320955 45 1 2 0
1005321637 36 1 3 2
1005322671 17 0 1 1
1005322735 39 1 2 2
1005323479 41 1 5 3
1005323689 36 1 5 2
1005324253 28 0 1 1
1005324323 41 1 8 3
1005324513 36 1 1 0
1005324723 19 0 1 1
1005325143 36 1 2 2
1005325357 39 1 1 0
1005325720 32 1 1 2
1005326177 32 1 4 2
1005326754 40 1 5 1
1005326939 16 0 1 1
1005327071 32 1 2 2
1005327141 36 1 3 3
1005327382 37 1 4 2
1005327729 2 0 1 1
1005328105 0 0 1 1
1005328141 41 1 5 2
1005328175 17 0 1 0
1005328361 32 1 3 2
1005328427 36 1 2 3
1005328537 41 1 7 2
1005328591 41 1 5 3
1005328648 41 1 4 2
1005328983 22 0 1 1
1005329012 37 1 5 3
1005329019 41 1 7 3
1005329175 36 1 1 1
1005329571 38 1 1 1
1005329577 39 1 2 3
1005329601 16 0 1 0
1005329625 36 1 1 0
1005329913 1 0 1 1
1005330019 45 1 2 1
1005330053 38 1 1 0
1005330279 41 1 1 3
1005330290 32 1 5 2
1005330517 36 1 5 3
1005330767 23 0 1 0
1005331005 28 0 1 0
1005331082 32 1 1 3
1005331182 32 1 5 3
1005331551 19 0 1 0
1005331707 42 1 2 0
1005332034 3 0 1 1
1005332116 40 1 5 0
1005332481 32 1 2 3
1005332781 32 1 3 3
1005332852 32 1 4 3
1005332932 36 1 3 2
1005332960 3 0 1 0
1005333295 36 1 4 2
1005333515 0 0 1 0
1005333966 17 0 1 1
1005334135 36 1 2 2
1005334239 36 1 5 2
1005334359 1 0 1 0
1005334659 2 0 1 0
1005334813 18 0 1 1
1005335173 16 0 1 1
1005335273 19 0 1 1
1005336256 34 1 1 2
1005337235 34 1 1 3
1005337290 40 1 7 1
1005337944 34 1 1 2
1005338067 41 1 4 3
1005338177 36 1 3 3
1005338222 34 1 1 3
1005338305 36 1 5 3
1005338594 40 1 7 0
1005338788 34 1 1 2
1005338978 40 1 7 1
1005339114 34 1 1 3
1005339197 36 1 4 3
1005339211 17 0 1 0
1005339256 40 1 7 0
1005339339 19 0 1 0
1005339399 45 1 2 0
1005339665 37 1 5 2
1005340282 40 1 7 1
1005340316 40 1 7 0
1005340899 18 0 1 0
1005340933 36 1 2 3
1005341267 32 1 2 2
1005341282 34 1 1 2
1005341291 41 1 1 2
1005341471 23 0 1 1
1005341869 32 1 4 2
1005341967 16 0 1 0
1005342301 0 0 1 1
1005342316 40 1 7 1
1005342325 42 1 2 1
1005342440 37 1 4 3
1005342931 41 1 4 2
1005343421 2 0 1 1
1005343573 22 0 1 0
1005343965 45 1 2 1
1005344370 34 1 1 3
1005345404 40 1 7 0
1005346414 32 1 5 2
1005346785 32 1 5 3
1005347355 32 1 1 2
1005347640 34 1 3 2
1005347807 36 1 3 2
1005348062 3 0 1 1
1005348096 3 0 1 0
1005348198 32 1 5 2
1005348331 32 1 2 3
1005348389 40 1 5 1
1005348674 9 0 1 1
1005348841 17 0 1 1
1005348914 32 1 4 3
1005349067 36 1 2 2
1005349365 0 0 1 0
1005349842 34 1 5 2
1005349866 3 0 1 1
1005350067 32 1 5 3
1005350075 41 1 1 3
1005350399 2 0 1 0
1005350420 37 1 5 3
1005350687 16 0 1 1
1005350785 36 1 4 2
1005351109 42 1 2 0
1005351552 11 0 1 1
1005351828 3 0 1 0
1005352127 23 0 1 0
1005352289 18 0 1 1
1005352408 34 1 1 2
1005353228 34 1 3 3
1005353255 36 1 4 3
1005353442 40 1 7 1
1005353461 36 1 4 2
1005353610 36 1 3 3
1005353845 41 1 8 2
1005354163 34 1 5 3
1005354192 34 1 1 3
1005354217 36 1 5 2
1005354262 9 0 1 0
1005354348 32 1 1 3
1005354644 17 0 1 0
1005354879 39 1 1 1
1005354903 18 0 1 0
1005354937 18 0 1 1
1005355226 40 1 7 0
1005355251 19 0 1 1
1005355298 36 1 2 3
1005355382 40 1 5 0
1005355841 32 1 3 2
1005355965 36 1 4 3
1005355998 11 0 1 0
1005356025 37 1 4 2
1005356190 36 1 5 3
1005356329 41 1 1 2
1005356917 16 0 1 0
1005357117 32 1 2 2
1005357224 19 0 1 0
1005357249 1 0 1 1
1005357431 22 0 1 1
1005357609 32 1 4 2
1005357695 18 0 1 0
1005358151 0 0 1 1
1005358176 42 1 2 1
1005358515 41 1 8 3
1005359257 2 0 1 1
1005359407 41 1 4 3
1005359854 32 1 1 2
1005359930 32 1 5 2
1005359943 39 1 1 0
1005360441 45 1 2 0
1005360822 32 1 5 3
1005360888 40 1 5 1
1005361578 3 0 1 1
1005361633 32 1 3 3
1005362300 32 1 4 3
1005362456 3 0 1 0
1005362527 32 1 2 3
1005363479 1 0 1 0
1005363559 2 0 1 0
1005363561 0 0 1 0
1005364545 37 1 5 2
1005365579 23 0 1 1
1005366207 41 1 1 3
1005367368 37 1 4 3
1005367606 41 1 5 2
1005367796 42 1 2 0
1005368304 36 1 3 2
1005368450 41 1 5 3
1005368486 41 1 4 2
1005368496 32 1 1 3
1005368581 22 0 1 0
1005369017 36 1 1 1
1005369335 36 1 2 2
1005369338 17 0 1 1
1005369365 37 1 5 3
1005369520 45 1 2 1
1005369530 40 1 5 0
1005369943 36 1 1 0
1005370257 36 1 4 2
1005370399 23 0 1 0
1005371147 16 0 1 1
1005371647 32 1 4 2
1005371802 34 1 1 2
1005371809 18 0 1 1
1005372523 36 1 3 3
1005372779 34 1 1 3
1005372836 40 1 7 1
1005373261 2 0 1 1
1005373365 32 1 3 2
1005373490 34 1 1 2
1005373557 17 0 1 0
1005373845 32 1 2 2
1005374164 40 1 7 0
1005374524 40 1 7 1
1005374706 36 1 4 3
1005374798 32 1 1 2
1005374869 1 0 1 1
1005374879 0 0 1 1
1005375910 32 1 5 2
1005376052 40 1 5 1
1005376303 18 0 1 0
1005376527 41 1 4 3
1005377087 36 1 2 3
1005377584 45 1 2 0
1005377606 3 0 1 1
1005377843 34 1 1 3
1005378221 16 0 1 0
1005378329 32 1 5 3
1005378361 32 1 3 3
1005378376 32 1 4 3
1005378391 37 1 5 2
1005378972 41 1 1 2
1005379249 37 1 4 2
1005379255 32 1 2 3
1005379276 40 1 7 0
1005379376 3 0 1 0
1005379425 23 0 1 1
1005380006 42 1 2 1
1005380207 1 0 1 0
1005380239 2 0 1 0
1005380272 41 1 4 2
1005380289 0 0 1 0
1005380623 22 0 1 1
1005381306 45 1 2 1
1005382755 36 1 2 2
1005383095 37 1 5 3
1005383667 32 1 1 3
1005384259 16 0 1 1
1005384469 23 0 1 0
1005384896 40 1 5 0
1005385470 41 1 5 2
1005385790 34 1 3 2
1005386373 36 1 3 2
1005386504 36 1 1 1
1005386824 9 0 1 1
1005387122 41 1 5 3
1005387407 17 0 1 1
1005387595 41 1 1 3
1005387884 37 1 4 3
1005388395 36 1 2 3
1005388629 42 1 2 0
1005388812 34 1 1 2
1005388909 36 1 1 0
1005389193 22 0 1 0
1005389498 34 1 3 3
1005389501 16 0 1 0
1005389856 40 1 7 1
1005390390 34 1 1 3
1005390532 9 0 1 0
1005391129 36 1 3 3
1005391424 40 1 7 0
1005391527 36 1 4 2
1005392163 17 0 1 0
1005393093 18 0 1 1
1005393225 36 1 4 3
1005393831 41 1 8 2
1005394491 41 1 8 3
1005394619 37 1 4 2
1005394675 41 1 8 2
1005394741 41 1 1 2
1005394865 39 1 1 1
1005394911 18 0 1 0
1005395335 41 1 4 3
1005395525 39 1 1 0
1005395709 39 1 1 1
1005396103 42 1 2 1
1005396267 22 0 1 1
1005396601 32 1 2 2
1005396804 37 1 4 3
1005396947 45 1 2 0
1005397295 37 1 4 2
1005397603 36 1 2 2
1005397635 0 0 1 1
1005398037 22 0 1 0
1005398623 37 1 5 2
1005398915 22 0 1 1
1005399071 36 1 3 2
1005399155 16 0 1 1
1005399325 36 1 3 3
1005399915 36 1 3 2
1005399949 23 0 1 1
1005400105 17 0 1 1
1005400265 36 1 3 3
1005400359 17 0 1 0
1005400375 32 1 2 3
1005400759 36 1 3 2
1005400949 17 0 1 1
1005400951 36 1 3 3
1005400982 41 1 2 2
1005401299 17 0 1 0
1005401332 41 1 4 2
1005401409 0 0 1 0
1005401793 17 0 1 1
1005401948 34 1 1 2
1005401985 17 0 1 0
1005402016 43 1 2 1
1005402366 45 1 2 1
1005402447 36 1 3 2
1005402554 41 1 7 2
1005402761 41 1 7 3
1005402893 36 1 2 3
1005403027 41 1 8 3
1005403481 17 0 1 1
1005403588 38 1 1 1
1005403761 40 1 7 1
1005403795 38 1 1 0
1005403940 37 1 5 3
1005404061 39 1 1 0
1005404365 32 1 3 2
1005404445 16 0 1 0
1005404643 39 1 2 2
1005404686 34 1 5 2
1005405325 36 1 3 3
1005405607 41 1 1 3
1005405647 23 0 1 0
1005405677 28 0 1 1
1005405724 37 1 4 3
1005405773 1 0 1 1
1005405922 32 1 5 2
1005406359 17 0 1 0
1005406444 11 0 1 1
1005406451 41 1 2 3
1005406641 39 1 2 3
1005406820 34 1 3 2
1005407171 42 1 2 0
1005407180 34 1 3 3
1005407431 22 0 1 0
1005407473 32 1 2 2
1005407485 43 1 2 0
1005407673 3 0 1 1
1005407854 9 0 1 1
1005408024 34 1 1 3
1005408214 9 0 1 0
1005408367 32 1 3 3
1005408459 28 0 1 0
1005408507 0 0 1 1
1005409058 40 1 7 0
1005409267 32 1 5 3
1005410011 34 1 5 3
1005410219 1 0 1 0
1005410431 3 0 1 0
1005411686 11 0 1 0
1005412787 32 1 2 3
1005413753 41 1 5 2
1005413767 41 1 5 3
1005413821 0 0 1 0
1005414095 41 1 4 3
1005414416 34 1 3 2
1005414597 41 1 5 2
1005415098 34 1 3 3
1005415450 9 0 1 1
1005415589 36 1 1 1
1005415623 36 1 1 0
1005415705 36 1 1 1
1005415799 36 1 3 2
1005415836 45 1 2 0
1005416067 36 1 3 3
1005416104 34 1 3 2
1005416132 9 0 1 0
1005416379 36 1 4 2
1005416395 41 1 5 3
1005416549 36 1 1 2
1005416643 36 1 3 2
1005416833 17 0 1 1
1005417007 36 1 2 2
1005417077 37 1 5 2
1005417101 17 0 1 0
1005417138 9 0 1 1
1005417173 37 1 4 2
1005417475 36 1 1 0
1005417475 36 1 3 3
1005417583 41 1 5 1
1005417677 17 0 1 1
1005417955 37 1 5 3
1005417993 18 0 1 1
1005417993 37 1 4 3
1005418183 23 0 1 1
1005418299 41 1 1 2
1005418331 36 1 3 2
1005418509 17 0 1 0
1005418607 16 0 1 1
1005418861 37 1 5 2
1005418955 22 0 1 1
1005418957 37 1 4 2
1005418989 23 0 1 0
1005419104 37 1 5 3
1005419365 17 0 1 1
1005419390 34 1 1 2
1005419705 37 1 5 2
1005419745 41 1 8 2
1005419833 22 0 1 0
1005419962 41 1 7 2
1005419967 23 0 1 1
1005420099 41 1 8 3
1005420152 42 1 2 1
1005420211 41 1 5 2
1005420212 41 1 4 2
1005420331 36 1 1 3
1005420759 22 0 1 1
1005420893 23 0 1 0
1005420927 23 0 1 1
1005420985 40 1 7 1
1005420996 38 1 1 1
1005421069 39 1 1 1
1005421133 39 1 1 0
1005421175 36 1 4 3
1005421245 36 1 1 1
1005421246 45 1 2 1
1005421481 41 1 8 2
1005421684 41 1 5 3
1005421933 41 1 5 0
1005421933 41 1 8 3
1005422186 34 1 3 3
1005422417 32 1 2 2
1005422439 18 0 1 0
1005422515 39 1 1 1
1005422718 36 1 1 0
1005422727 41 1 7 3
1005422825 41 1 5 2
1005422967 39 1 1 0
1005423220 9 0 1 0
1005423271 36 1 3 3
1005423451 0 0 1 1
1005423787 38 1 1 0
1005423859 36 1 1 1
1005424075 37 1 5 3
1005424163 36 1 2 3
1005424216 41 1 5 3
1005424305 17 0 1 0
1005424695 34 1 1 3
1005425259 41 1 1 3
1005425509 23 0 1 0
1005425629 36 1 1 0
1005425729 16 0 1 0
1005426275 40 1 7 0
1005426349 32 1 3 2
1005426938 42 1 2 0
1005427853 1 0 1 1
1005428637 32 1 2 3
1005428708 34 1 5 2
1005429671 0 0 1 0
1005429856 37 1 4 3
1005429859 34 1 2 2
1005429937 34 1 5 3
1005430260 11 0 1 1
1005430311 32 1 3 3
1005430492 34 1 5 2
1005430937 8 0 1 1
1005430981 22 0 1 0
1005431141 36 1 2 2
1005431213 36 1 3 2
1005431234 11 0 1 0
1005431455 1 0 1 0
1005431735 34 1 1 2
1005431816 34 1 3 2
1005431957 36 1 1 2
1005432052 34 1 1 3
1005432112 11 0 1 1
1005432247 17 0 1 1
1005432565 34 1 5 3
1005432603 34 1 3 3
1005432645 41 1 8 2
1005432755 16 0 1 1
1005432891 36 1 2 3
1005432925 36 1 2 2
1005433050 41 1 1 2
1005433519 34 1 1 2
1005433521 40 1 7 1
1005433552 34 1 3 2
1005433555 40 1 7 0
1005433661 9 0 1 1
1005433679 39 1 1 1
1005433695 9 0 1 0
1005433703 41 1 5 1
1005433930 11 0 1 0
1005434397 34 1 1 3
1005434499 36 1 3 3
1005434553 40 1 7 1
1005434559 42 1 2 1
1005434573 16 0 1 0
1005434586 9 0 1 1
1005434591 41 1 8 3
1005434607 16 0 1 1
1005434723 36 1 1 3
1005435177 41 1 8 2
1005435431 40 1 7 0
1005435435 41 1 4 3
1005435533 17 0 1 0
1005435625 39 1 1 0
1005435694 41 1 2 2
1005436211 39 1 1 1
1005436359 37 1 4 2
1005436365 41 1 5 0
1005436469 45 1 2 0
1005436594 34 1 2 3
1005436641 32 1 5 2
1005436728 43 1 2 1
1005436896 37 1 4 3
1005437083 37 1 5 2
1005437711 22 0 1 1
1005438107 8 0 1 0
1005438143 37 1 4 2
1005438195 36 1 2 3
1005438267 32 1 2 2
1005438367 3 0 1 1
1005438589 22 0 1 0
1005438699 23 0 1 1
1005438751 32 1 5 3
1005438945 41 1 5 2
1005439015 37 1 1 2
1005439059 34 1 1 2
1005439222 34 1 3 3
1005439301 0 0 1 1
1005439515 22 0 1 1
1005439543 32 1 3 2
1005439572 37 1 1 3
1005439785 3 0 1 0
1005439801 16 0 1 0
1005439979 41 1 7 2
1005439979 36 1 1 1
1005440001 41 1 4 2
1005440049 41 1 6 1
1005440093 40 1 7 1
1005440113 32 1 5 2
1005440256 9 0 1 0
1005440606 41 1 6 0
1005440643 41 1 2 3
1005440715 41 1 7 3
1005441013 38 1 1 1
1005441147 3 0 1 1
1005441157 1 0 1 1
1005441283 32 1 5 3
1005441535 41 1 8 3
1005441677 43 1 2 0
1005441715 45 1 2 1
1005441749 38 1 1 0
1005442127 32 1 3 3
1005442555 3 0 1 0
1005442569 39 1 1 0
1005443140 37 1 5 3
1005443525 40 1 4 2
1005443771 1 0 1 0
1005443816 34 1 5 2
1005444115 41 1 1 3
1005444129 36 1 3 2
1005444174 23 0 1 0
1005444317 40 1 4 3
1005444335 36 1 2 2
1005444559 45 1 1 1
1005445163 17 0 1 1
1005445351 45 1 1 0
1005445447 32 1 2 3
1005445464 11 0 1 1
1005445476 34 1 3 2
1005445613 42 1 2 0
1005445683 36 1 3 3
1005445803 41 1 5 3
1005445839 16 0 1 1
1005446248 34 1 3 3
1005446481 0 0 1 0
1005446510 9 0 1 1
1005446661 36 1 3 2
1005446717 17 0 1 0
1005447164 34 1 3 2
1005447231 36 1 1 0
1005447282 9 0 1 0
1005447423 40 1 1 2
1005447475 36 1 4 2
1005447695 17 0 1 1
1005447984 34 1 3 3
1005448086 40 1 8 2
1005448125 40 1 4 2
1005448198 9 0 1 1
1005448363 40 1 1 3
1005448457 42 1 1 1
1005448559 34 1 5 3
1005448862 34 1 1 3
1005448930 40 1 8 3
1005449018 9 0 1 0
1005449120 35 1 1 1
1005449137 18 0 1 1
1005449246 45 1 1 1
1005449397 42 1 1 0
1005449862 11 0 1 0
1005450126 40 1 7 0
1005450138 35 1 1 0
1005450546 40 1 8 2
1005450939 36 1 4 3
1005451061 40 1 5 2
1005451216 37 1 4 3
1005451391 32 1 5 2
1005451411 32 1 5 3
1005451831 36 1 3 3
1005451922 35 1 1 1
1005452095 32 1 1 1
1005452234 40 1 8 3
1005452583 36 1 2 3
1005452691 18 0 1 0
1005452754 40 1 5 3
1005452765 32 1 3 2
1005452865 17 0 1 0
1005452875 22 0 1 0
1005453073 3 0 1 1
1005453107 3 0 1 0
1005453389 32 1 2 2
1005453709 16 0 1 0
1005453740 35 1 1 0
1005453788 32 1 1 0
1005454067 32 1 5 2
1005454413 1 0 1 1
1005454423 0 0 1 1
1005454490 40 1 4 3
1005454787 32 1 5 3
1005454959 32 1 5 2
1005455082 34 1 3 2
1005455115 34 1 2 2
1005455178 34 1 3 3
1005455197 32 1 5 3
1005455655 3 0 1 1
1005455821 3 0 1 0
1005455926 34 1 3 2
1005455993 3 0 1 1
1005456116 9 0 1 1
1005456212 9 0 1 0
1005456231 3 0 1 0
1005456272 45 1 1 0
1005456537 8 0 1 1
1005456789 41 1 1 2
1005456960 9 0 1 1
1005457178 34 1 1 2
1005457319 32 1 3 3
1005457667 41 1 4 3
1005457897 42 1 2 1
1005458741 45 1 2 0
1005458859 1 0 1 0
1005458888 40 1 7 1
1005459158 37 1 5 2
1005459643 32 1 2 3
1005460677 0 0 1 0
1005460923 41 1 7 2
1005460951 23 0 1 1
1005461247 37 1 1 2
1005461811 36 1 2 2
1005461821 37 1 4 2
1005461920 37 1 1 3
1005461957 38 1 1 1
1005462242 34 1 2 3
1005462281 41 1 6 1
1005462627 37 1 4 3
1005462744 41 1 2 2
1005462915 41 1 5 2
1005463117 41 1 4 2
1005463515 16 0 1 1
1005463605 37 1 4 2
1005463627 41 1 6 0
1005463707 8 0 1 0
1005463712 22 0 1 1
1005463746 22 0 1 0
1005463778 43 1 2 1
1005463949 36 1 1 1
1005464255 45 1 2 1
1005464491 34 1 1 3
1005464519 41 1 1 3
1005464611 40 1 1 2
1005464669 40 1 5 2
1005464720 22 0 1 1
1005464870 34 1 3 3
1005465177 41 1 7 3
1005465437 40 1 8 2
1005465440 37 1 5 3
1005465453 32 1 5 2
1005465525 40 1 7 0
1005465525 40 1 8 3
1005465645 42 1 1 1
1005465759 32 1 5 3
1005465904 9 0 1 0
1005466065 40 1 4 2
1005466177 42 1 2 0
1005466207 41 1 5 3
1005466211 38 1 1 0
1005466471 35 1 1 1
1005466489 32 1 1 1
1005466525 36 1 3 2
1005466693 3 0 1 1
1005466793 3 0 1 0
1005467099 45 1 1 1
1005467189 32 1 5 2
1005467195 23 0 1 0
1005467349 35 1 1 0
1005467559 17 0 1 1
1005467575 32 1 5 3
1005467645 36 1 1 2
1005467727 36 1 1 0
1005467929 36 1 4 2
1005468033 32 1 5 2
1005468159 40 1 3 2
1005468381 3 0 1 1
1005468571 36 1 4 3
1005468609 3 0 1 0
1005468679 41 1 5 1
1005468745 32 1 3 2
1005469045 40 1 4 3
1005469193 44 1 1 1
1005469273 32 1 2 2
1005469385 18 0 1 1
1005469787 3 0 1 1
1005470079 45 1 1 0
1005470297 1 0 1 1
1005470307 0 0 1 1
1005470359 18 0 1 0
1005470781 40 1 5 3
1005471124 34 1 3 2
1005471191 36 1 2 3
1005471781 34 1 1 2
1005471815 32 1 1 0
1005471958 34 1 3 3
1005472091 36 1 3 3
1005472158 9 0 1 1
1005472707 32 1 5 3
1005472812 34 1 3 2
1005472977 16 0 1 0
1005472992 9 0 1 0
1005473007 41 1 2 3
1005473098 40 1 7 1
1005473125 17 0 1 0
1005473355 32 1 3 3
1005473397 41 1 8 2
1005473741 3 0 1 0
1005473761 36 1 1 3
1005473846 9 0 1 1
1005474041 43 1 2 0
1005474360 37 1 4 3
1005474743 1 0 1 0
1005474773 41 1 1 2
1005474779 41 1 5 2
1005474813 41 1 5 0
1005474912 34 1 5 2
1005474963 39 1 1 1
1005475363 34 1 2 2
1005475527 32 1 2 3
1005475813 36 1 1 1
1005475813 42 1 2 1
1005476235 22 0 1 0
1005476512 11 0 1 1
1005476561 0 0 1 0
1005476833 8 0 1 1
1005477344 34 1 3 3
1005478183 41 1 7 2
1005478378 9 0 1 0
1005478509 34 1 5 3
1005479011 41 1 4 3
1005479189 36 1 3 2
1005479217 38 1 1 1
1005480054 34 1 1 3
1005480055 45 1 2 0
1005480081 36 1 1 2
1005480114 11 0 1 0
1005480187 36 1 2 2
1005480223 17 0 1 1
1005480237 40 1 4 2
1005480699 41 1 8 3
1005480769 41 1 7 3
1005481088 40 1 7 0
1005481088 40 1 1 3
1005481089 36 1 4 2
1005481115 41 1 5 1
1005481271 45 1 1 1
1005481397 37 1 5 2
1005481733 39 1 1 0
1005481739 16 0 1 1
1005481790 34 1 2 3
1005481803 38 1 1 0
1005482122 42 1 1 0
1005482431 23 0 1 1
1005482475 36 1 1 3
1005482824 40 1 3 3
1005482929 18 0 1 1
1005483111 8 0 1 0
1005483509 41 1 5 0
1005483713 36 1 3 3
1005483858 44 1 1 0
1005484747 17 0 1 0
1005484919 41 1 5 3
1005485596 40 1 4 3
1005486121 37 1 4 2
1005486395 36 1 1 0
1005486663 32 1 2 2
1005486974 34 1 3 2
1005487287 36 1 4 3
1005487368 45 1 1 0
1005487451 41 1 1 3
1005487579 37 1 5 3
1005487687 22 0 1 1
1005487697 0 0 1 1
1005488426 9 0 1 1
1005488485 42 1 2 0
1005488613 23 0 1 0
1005489063 18 0 1 0
1005489415 34 1 2 2
1005489415 32 1 2 3
1005489895 36 1 2 3
1005489972 34 1 1 2
1005490449 0 0 1 0
1005490614 34 1 1 3
1005490981 8 0 1 1
1005491249 16 0 1 0
1005491432 40 1 7 1
1005491648 40 1 7 0
1005491708 34 1 1 2
1005493077 40 1 7 1
1005494134 34 1 2 3
1005494194 41 1 4 2
1005495026 34 1 3 3
1005495228 45 1 2 1
1005495283 8 0 1 0
1005495779 32 1 3 2
1005496060 9 0 1 0
1005496708 37 1 4 3
1005496717 40 1 3 2
1005496810 34 1 1 3
1005496987 32 1 3 3
1005497225 41 1 1 2
1005497441 1 0 1 1
1005497751 44 1 1 1
1005497758 40 1 3 3
1005497811 41 1 5 2
1005497844 40 1 7 0
1005498201 32 1 2 2
1005498259 42 1 2 1
1005498367 1 0 1 0
1005498407 32 1 3 2
1005498411 36 1 2 2
1005498415 22 0 1 0
1005498792 44 1 1 0
1005499055 36 1 1 1
1005499185 32 1 2 3
1005499235 0 0 1 1
1005499499 16 0 1 1
1005499507 41 1 4 3
1005499859 41 1 5 3
1005499889 32 1 2 2
1005500095 36 1 3 2
1005500137 1 0 1 1
1005500219 0 0 1 0
1005500311 36 1 3 3
1005500541 45 1 2 0
1005500923 0 0 1 1
1005501129 17 0 1 1
1005501345 17 0 1 0
1005501683 36 1 1 0
1005502079 36 1 3 2
1005502220 34 1 1 2
1005502445 34 1 2 2
1005502527 36 1 1 2
1005502705 32 1 2 3
1005502753 37 1 5 2
1005502895 32 1 3 3
1005503113 17 0 1 1
1005503479 40 1 7 1
1005503561 41 1 5 1
1005503739 0 0 1 0
1005503787 23 0 1 1
1005504141 8 0 1 1
1005504583 1 0 1 0
1005504685 37 1 4 2
1005504688 37 1 4 3
1005505802 34 1 5 2
1005505809 41 1 8 2
1005506189 41 1 5 2
1005506344 34 1 3 2
1005506429 22 0 1 1
1005506463 22 0 1 0
1005506843 39 1 1 1
1005506843 34 1 3 3
1005507085 41 1 4 2
1005507223 36 1 1 1
1005507378 9 0 1 1
1005507495 36 1 2 3
1005507500 34 1 2 3
1005507560 11 0 1 1
1005507877 9 0 1 0
1005508009 36 1 1 3
1005508119 45 1 2 1
1005508335 34 1 1 3
1005508924 34 1 3 2
1005508961 16 0 1 0
1005508983 37 1 5 3
1005509013 41 1 5 3
1005509047 41 1 5 0
1005509275 34 1 5 3
1005509335 8 0 1 0
1005509613 40 1 7 0
1005509779 41 1 1 3
1005509958 9 0 1 1
1005510047 36 1 1 0
1005510125 23 0 1 0
1005510983 37 1 4 2
1005511063 36 1 3 3
1005511114 11 0 1 0
1005511410 42 1 2 0
1005511723 41 1 8 3
1005512097 17 0 1 0
1005512645 22 0 1 1
1005512693 32 1 5 2
1005512757 39 1 1 0
1005513023 32 1 5 3
1005513577 32 1 3 2
1005513727 3 0 1 1
1005514057 3 0 1 0
1005515081 1 0 1 1
1005516473 36 1 3 2
1005516627 41 1 4 3
1005516857 34 1 1 2
1005517202 34 1 3 3
1005517437 34 1 2 2
1005517507 17 0 1 1
1005517661 45 1 2 0
1005517891 40 1 7 1
1005518236 9 0 1 0
1005518847 36 1 2 2
1005518986 34 1 2 3
1005519085 8 0 1 1
1005519221 34 1 2 2
1005519775 32 1 3 3
1005519821 36 1 1 2
1005520088 37 1 5 2
1005520108 34 1 5 2
1005520399 16 0 1 1
1005520529 32 1 5 2
1005520850 41 1 1 2
1005520855 8 0 1 0
1005520875 36 1 3 3
1005520889 8 0 1 1
1005521051 37 1 1 2
1005521122 23 0 1 1
1005521135 36 1 1 3
1005521167 1 0 1 0
1005521421 32 1 5 3
1005521497 41 1 5 1
1005521557 36 1 1 2
1005521563 3 0 1 1
1005521756 11 0 1 1
1005521780 37 1 1 3
1005521884 42 1 2 1
1005521909 17 0 1 0
1005522085 41 1 6 1
1005522423 41 1 5 0
1005522814 41 1 6 0
1005522980 3 0 1 0
1005523301 41 1 5 1
1005523516 37 1 4 3
1005524029 41 1 8 2
1005524145 41 1 5 2
1005524276 34 1 2 3
1005524335 34 1 1 3
1005524437 41 1 7 2
1005524873 41 1 7 3
1005525179 36 1 1 1
1005525223 22 0 1 0
1005525227 34 1 5 3
1005525260 39 1 1 1
1005525335 8 0 1 0
1005525471 38 1 1 1
1005525483 40 1 7 0
1005525907 38 1 1 0
1005525985 41 1 7 2
1005526199 36 1 1 3
1005526601 36 1 4 2
1005526994 41 1 2 2
1005527019 38 1 1 1
1005527046 11 0 1 0
1005527129 36 1 3 2
1005527233 41 1 5 0
1005527300 41 1 4 2
1005527405 41 1 5 3
1005528028 43 1 2 1
1005528057 18 0 1 1
1005528163 17 0 1 1
1005528207 41 1 8 3
1005528249 41 1 7 3
1005528334 45 1 2 1
1005528377 32 1 3 2
1005529059 32 1 3 3
1005529159 36 1 1 0
1005529202 32 1 5 2
1005529241 39 1 1 0
1005529269 32 1 3 2
1005529283 38 1 1 0
1005529566 41 1 1 3
1005529733 36 1 2 3
1005529903 32 1 5 3
1005529977 1 0 1 1
1005530595 3 0 1 1
1005530693 36 1 4 3
1005530801 16 0 1 0
1005530855 1 0 1 0
1005530889 1 0 1 1
1005530971 42 1 2 0
1005531521 3 0 1 0
1005532503 18 0 1 0
1005532942 41 1 4 3
1005533321 36 1 3 3
1005533659 41 1 7 2
1005533976 45 1 2 0
1005534172 37 1 5 3
1005534355 17 0 1 0
1005534476 34 1 3 2
1005534693 38 1 1 1
1005534918 34 1 3 3
1005534967 32 1 3 3
1005535368 34 1 3 2
1005535395 41 1 7 3
1005535510 9 0 1 1
1005535699 37 1 4 2
1005535800 34 1 3 3
1005535879 23 0 1 0
1005535952 9 0 1 0
1005536131 1 0 1 0
1005536260 34 1 3 2
1005536402 9 0 1 1
1005536429 38 1 1 0
1005536654 34 1 3 3
1005536733 22 0 1 1
1005536834 9 0 1 0
1005537104 34 1 3 2
1005537294 9 0 1 1
1005537306 41 1 2 3
1005537508 41 1 4 2
1005537584 34 1 3 3
1005537688 9 0 1 0
1005537851 41 1 5 2
1005537897 34 1 2 2
1005537948 34 1 3 2
1005538138 9 0 1 1
1005538340 43 1 2 0
1005538390 32 1 2 2
1005538428 34 1 2 3
1005538542 45 1 2 1
1005538618 9 0 1 0
1005538867 41 1 1 2
1005538929 32 1 5 2
1005538982 9 0 1 1
1005539401 8 0 1 1
1005539424 0 0 1 1
1005539495 32 1 2 3
1005539681 36 1 1 2
1005539681 34 1 2 2
1005539715 36 1 1 1
1005539781 36 1 2 2
1005539963 3 0 1 1
1005539982 41 1 5 3
1005540164 34 1 2 3
1005540279 8 0 1 0
1005540419 36 1 3 2
1005540479 41 1 5 2
1005540529 0 0 1 0
1005540573 34 1 2 2
1005540665 32 1 3 2
1005540697 42 1 2 1
1005541157 8 0 1 1
1005541167 34 1 1 2
1005541385 41 1 5 3
1005541395 16 0 1 1
1005541405 41 1 5 1
1005541453 17 0 1 1
1005541547 36 1 1 0
1005541581 36 1 1 1
1005541719 32 1 3 3
1005542035 8 0 1 0
1005542117 8 0 1 1
1005542149 37 1 5 2
1005542201 40 1 7 1
1005542265 1 0 1 1
1005542284 34 1 5 2
1005542459 36 1 1 0
1005542884 34 1 2 3
1005542935 34 1 5 3
1005543045 41 1 8 2
1005543191 1 0 1 0
1005543236 37 1 5 3
1005543341 32 1 3 2
1005543391 41 1 5 2
1005543446 23 0 1 1
1005543884 11 0 1 1
1005543895 36 1 1 3
1005543935 8 0 1 0
1005544181 41 1 7 2
1005544202 41 1 5 3
1005544270 23 0 1 0
1005544361 39 1 1 1
1005544425 36 1 1 1
1005544761 41 1 7 3
1005544762 11 0 1 0
1005544961 1 0 1 1
1005545147 41 1 5 2
1005545181 41 1 5 0
1005545215 38 1 1 1
1005545244 36 1 1 0
1005545611 34 1 1 3
1005545795 38 1 1 0
1005545938 41 1 5 3
1005546114 37 1 5 2
1005546169 41 1 7 2
1005546181 36 1 1 1
1005546438 34 1 3 3
1005546645 40 1 7 0
1005546783 32 1 5 3
1005547107 36 1 1 0
1005547107 36 1 3 3
1005547203 38 1 1 1
1005547293 41 1 7 3
1005547472 9 0 1 0
1005547891 41 1 8 3
1005547954 23 0 1 1
1005547985 3 0 1 0
1005548141 17 0 1 0
1005548307 36 1 2 3
1005548327 38 1 1 0
1005548518 41 1 4 3
1005548925 39 1 1 0
1005549410 41 1 1 3
1005549552 45 1 2 0
1005549917 16 0 1 0
1005550159 32 1 3 3
1005550324 37 1 4 3
1005550444 42 1 2 0
1005551492 22 0 1 0
1005551939 1 0 1 0
1005552037 34 1 2 2
1005552768 34 1 2 3
1005552830 34 1 1 2
1005552929 34 1 2 2
1005553132 41 1 1 2
1005553267 41 1 5 2
1005553685 8 0 1 1
1005554301 36 1 1 1
1005554563 8 0 1 0
1005554597 8 0 1 1
1005554629 42 1 2 1
1005554646 40 1 7 1
1005554648 34 1 5 2
1005554876 41 1 4 2
1005555049 36 1 3 2
1005555224 34 1 3 2
1005555295 36 1 2 2
1005555430 34 1 3 3
1005555910 45 1 2 1
1005555943 32 1 5 2
1005556083 17 0 1 1
1005556258 9 0 1 1
1005556296 11 0 1 1
1005556464 9 0 1 0
1005556473 32 1 3 2
1005556661 36 1 4 2
1005556673 41 1 2 2
1005556677 41 1 8 2
1005556977 3 0 1 1
1005557039 16 0 1 1
1005557707 43 1 2 1
1005557711 39 1 1 1
1005557756 34 1 3 2
1005558025 1 0 1 1
1005558261 18 0 1 1
1005558542 36 1 1 2
1005558742 41 1 8 3
1005558790 9 0 1 1
1005558864 34 1 1 3
1005559576 41 1 5 1
1005559745 34 1 5 3
1005559776 39 1 1 0
1005559790 34 1 2 3
1005559898 40 1 7 0
1005560430 41 1 2 3
1005560790 11 0 1 0
1005560877 36 1 1 3
1005560980 37 1 5 3
1005561274 41 1 5 3
1005561464 43 1 2 0
1005561623 8 0 1 0
1005561911 41 1 5 0
1005561975 32 1 5 3
1005562064 37 1 4 2
1005562089 32 1 2 2
1005562130 23 0 1 0
1005562139 36 1 4 3
1005562308 36 1 1 0
1005562933 32 1 2 3
1005563009 3 0 1 0
1005563098 22 0 1 1
1005563123 0 0 1 1
1005563200 36 1 3 3
1005563310 34 1 3 3
1005563599 18 0 1 0
1005563663 32 1 3 3
1005563854 41 1 4 3
1005563967 0 0 1 0
1005564234 17 0 1 0
1005564344 9 0 1 0
1005564984 36 1 2 3
1005565013 45 1 2 0
1005565099 1 0 1 0
1005565542 41 1 1 3
1005566549 16 0 1 0
1005566701 42 1 2 0
1005567672 41 1 5 2
1005568372 41 1 8 2
1005568545 41 1 1 2
1005568545 41 1 4 2
1005568966 41 1 1 3
1005569043 41 1 7 2
1005569187 32 1 2 2
1005569265 32 1 5 2
1005569406 39 1 1 1
1005569406 36 1 1 1
1005569579 42 1 2 1
1005569579 45 1 2 1
1005570000 42 1 2 0
1005570077 38 1 1 1
1005570221 0 0 1 1
1005570233 41 1 1 2
1005570299 3 0 1 1
1005570334 41 1 8 3
1005571142 36 1 3 2
1005571286 36 1 1 2
1005571368 39 1 1 0
1005571382 42 1 2 1
1005571498 41 1 1 3
1005572176 17 0 1 1
1005572309 32 1 3 2
1005572320 41 1 5 1
1005572532 42 1 2 0
1005572593 36 1 4 2
1005572813 41 1 1 2
1005572813 32 1 2 3
1005572867 36 1 2 2
1005572908 37 1 5 2
1005573293 34 1 2 2
1005573765 1 0 1 1
1005573791 32 1 5 3
1005573847 42 1 2 1
1005573847 0 0 1 0
1005574085 36 1 1 3
1005574137 34 1 2 3
1005574193 18 0 1 1
1005574230 34 1 5 2
1005574360 37 1 4 3
1005574467 16 0 1 1
1005574666 23 0 1 1
1005574900 41 1 8 2
1005574941 8 0 1 1
1005574986 3 0 1 0
1005575119 41 1 5 0
1005575119 41 1 8 3
1005575394 22 0 1 0
1005575700 11 0 1 1
1005575792 41 1 8 2
1005575819 8 0 1 0
1005576302 39 1 1 1
1005576336 39 1 1 0
1005576460 34 1 3 2
1005576555 34 1 5 3
1005576826 39 1 1 1
1005577494 9 0 1 1
1005577795 41 1 8 3
1005578410 11 0 1 0
1005578829 39 1 1 0
1005579015 38 1 2 2
1005579699 32 1 3 3
1005580049 24 0 1 1
1005580086 34 1 3 3
1005580178 41 1 5 3
1005580743 1 0 1 0
1005581022 41 1 4 3
1005581120 9 0 1 0
1005581409 36 1 1 0
1005582056 45 1 2 0
1005582813 36 1 2 3
1005583602 41 1 7 3
1005583657 36 1 3 3
1005583847 16 0 1 0
1005584037 36 1 4 3
1005584522 32 1 5 2
1005584636 38 1 1 0
1005584691 17 0 1 0
1005584951 32 1 5 3
1005585263 32 1 3 2
1005585366 32 1 5 2
1005585535 18 0 1 0
1005585556 3 0 1 1
1005585774 37 1 4 2
1005585985 3 0 1 0
1005586230 41 1 1 3
1005586400 3 0 1 1
1005586629 41 1 8 2
1005586829 1 0 1 1
1005586896 37 1 5 3
1005587264 42 1 2 0
1005587324 41 1 4 2
1005587324 22 0 1 1
1005587473 41 1 8 3
1005587507 32 1 2 2
1005587663 39 1 1 1
1005588046 23 0 1 0
1005588507 39 1 1 0
1005588507 45 1 2 1
1005588541 0 0 1 1
1005589161 41 1 8 2
1005589273 34 1 2 2
1005589764 34 1 3 2
1005589911 36 1 3 2
1005590443 36 1 3 3
1005590544 38 1 2 3
1005590700 41 1 7 2
1005590803 36 1 2 2
1005590873 8 0 1 1
1005590945 17 0 1 1
1005590972 34 1 5 2
1005590986 39 1 1 1
1005591181 32 1 5 3
1005591294 41 1 8 3
1005591450 37 1 1 2
1005591477 17 0 1 0
1005591481 9 0 1 1
1005591515 32 1 3 3
1005591578 24 0 1 0
1005591599 36 1 3 2
1005591734 38 1 1 1
1005591885 16 0 1 1
1005592039 41 1 8 2
1005592141 41 1 2 2
1005592215 3 0 1 0
1005592484 41 1 6 1
1005592512 34 1 2 3
1005592572 11 0 1 1
1005592633 17 0 1 1
1005592674 39 1 1 0
1005592825 41 1 5 2
1005592903 32 1 2 3
1005593059 1 0 1 0
1005593175 43 1 2 1
1005593208 37 1 1 3
1005593376 41 1 1 2
1005593583 8 0 1 0
1005593600 39 1 1 1
1005593917 36 1 1 1
1005593937 0 0 1 0
1005594030 37 1 1 2
1005594242 41 1 6 0
1005594410 42 1 2 1
1005594529 36 1 4 2
1005594924 37 1 1 3
1005595110 38 1 2 2
1005595134 41 1 8 3
1005595182 41 1 6 1
1005595211 34 1 5 3
1005595841 18 0 1 1
1005595958 41 1 6 0
1005596144 24 0 1 1
1005596942 39 1 1 0
1005597018 11 0 1 0
1005597517 36 1 2 3
1005597836 37 1 5 2
1005598659 36 1 4 3
1005598815 16 0 1 0
1005598870 23 0 1 1
1005599335 36 1 3 3
1005599538 34 1 3 3
1005600180 37 1 4 3
1005600287 18 0 1 0
1005600294 41 1 7 3
1005600369 17 0 1 0
1005600572 9 0 1 0
1005600955 32 1 5 2
1005601328 38 1 1 0
1005601522 22 0 1 0
1005601572 34 1 1 2
1005601631 32 1 5 3
1005601982 41 1 4 3
1005601989 3 0 1 1
1005602053 32 1 3 2
1005602395 34 1 1 3
1005602533 32 1 2 2
1005602606 40 1 7 1
1005602665 3 0 1 0
1005603016 45 1 2 0
1005603057 36 1 3 2
1005603335 36 1 2 2
1005603455 34 1 2 2
1005603509 1 0 1 1
1005603535 32 1 5 2
1005603549 40 1 7 0
1005603567 0 0 1 1
1005603881 36 1 4 2
1005604119 17 0 1 1
1005604293 32 1 5 3
1005604369 16 0 1 1
1005604569 3 0 1 1
1005604925 18 0 1 1
1005604948 34 1 3 2
1005605117 8 0 1 1
1005605327 3 0 1 0
1005605353 32 1 5 2
1005605393 34 1 1 2
1005605548 38 1 2 3
1005605734 34 1 3 3
1005605982 9 0 1 1
1005606387 3 0 1 1
1005606582 24 0 1 0
1005606768 9 0 1 0
1005606874 40 1 7 1
1005606904 34 1 5 2
1005607142 41 1 5 3
1005607392 41 1 7 2
1005607551 32 1 3 3
1005607630 36 1 1 2
1005607799 32 1 2 3
1005608426 38 1 1 1
1005608456 11 0 1 1
1005608556 36 1 1 0
1005608664 41 1 5 1
1005608738 36 1 5 2
1005608799 1 0 1 0
1005608833 0 0 1 0
1005609085 36 1 1 3
1005609456 34 1 3 2
1005609772 19 0 1 1
1005610083 32 1 5 3
1005610132 34 1 1 3
1005610244 36 1 1 2
1005610265 34 1 5 3
1005610482 41 1 5 0
1005610490 9 0 1 1
1005610958 38 1 2 2
1005611058 34 1 2 3
1005611360 41 1 5 1
1005611382 40 1 7 0
1005611458 41 1 2 3
1005611570 3 0 1 0
1005611617 36 1 2 3
1005611992 24 0 1 1
1005612010 11 0 1 0
1005612156 37 1 4 2
1005612191 8 0 1 0
1005612192 36 1 5 3
1005612326 36 1 1 3
1005612492 43 1 2 0
1005612555 41 1 4 2
1005612651 16 0 1 0
1005613182 41 1 8 2
1005613190 22 0 1 1
1005613226 19 0 1 0
1005613589 45 1 2 1
1005613656 37 1 5 3
1005613962 36 1 3 3
1005613990 41 1 1 3
1005614070 41 1 5 0
1005614226 39 1 1 1
1005614806 23 0 1 0
1005614806 36 1 4 3
1005614996 17 0 1 0
1005615024 42 1 2 0
1005615470 34 1 3 3
1005615806 41 1 5 2
1005616027 18 0 1 0
1005616504 9 0 1 0
1005616585 32 1 2 2
1005616684 41 1 8 3
1005616840 36 1 1 1
1005617414 41 1 5 3
1005617619 0 0 1 1
1005617718 39 1 1 0
1005618562 36 1 1 0
1005618777 36 1 4 2
1005618981 32 1 3 2
1005619102 41 1 7 3
1005619367 32 1 3 3
1005620136 38 1 1 0
1005620237 1 0 1 1
1005620281 18 0 1 1
1005621115 1 0 1 0
1005621154 32 1 5 2
1005621250 41 1 8 2
1005621298 41 1 5 2
1005621343 36 1 2 2
1005621904 36 1 3 2
1005621980 41 1 7 2
1005621980 41 1 1 2
1005622188 3 0 1 1
1005622332 36 1 1 1
1005622526 41 1 7 3
1005622839 32 1 2 3
1005622938 17 0 1 1
1005622966 39 1 1 1
1005622986 16 0 1 1
1005623014 38 1 1 1
1005623014 42 1 2 1
1005623560 38 1 1 0
1005623704 37 1 5 2
1005623873 0 0 1 0
1005624310 41 1 4 3
1005624404 38 1 2 3
1005624762 23 0 1 1
1005625275 32 1 5 3
1005625344 45 1 2 0
1005625404 41 1 7 2
1005625438 24 0 1 0
1005626094 41 1 8 3
1005626309 3 0 1 0
1005626438 38 1 1 1
1005627128 39 1 1 0
1005627928 37 1 4 3
1005628962 22 0 1 0
1005629814 38 1 2 2
1005630541 36 1 2 3
1005630848 24 0 1 1
1005631575 16 0 1 0
1005632229 36 1 3 3
1005632894 41 1 5 3
1005633263 17 0 1 0
1005633738 41 1 1 3
1005634071 34 1 2 2
1005634322 36 1 1 0
1005634480 34 1 3 2
1005634772 42 1 2 0
1005635105 8 0 1 1
1005635166 36 1 4 3
1005635287 41 1 4 2
1005635514 9 0 1 1
1005636321 45 1 2 1
1005636639 18 0 1 0
1005636795 36 1 3 2
1005637327 36 1 3 3
1005637639 36 1 2 2
1005637829 17 0 1 1
1005637958 41 1 7 3
1005638361 17 0 1 0
1005638483 36 1 3 2
1005638536 37 1 5 3
1005638673 16 0 1 1
1005638746 41 1 5 2
1005638958 37 1 1 2
1005638992 38 1 1 0
1005639390 37 1 4 2
1005639517 17 0 1 1
1005639638 23 0 1 0
1005639688 37 1 1 3
1005639780 36 1 1 1
1005639998 41 1 6 1
1005640186 34 1 2 3
1005640424 22 0 1 1
1005640836 41 1 7 2
1005640836 41 1 1 2
1005640932 41 1 8 2
1005641030 34 1 3 3
1005641566 41 1 6 0
1005641566 41 1 5 3
1005641686 8 0 1 0
1005641870 38 1 1 1
1005641870 42 1 2 1
1005642064 9 0 1 0
1005642065 36 1 4 2
1005642266 41 1 7 3
1005642388 36 1 5 2
1005642714 39 1 1 1
1005642810 36 1 1 0
1005643300 38 1 1 0
1005643368 41 1 8 3
1005643410 37 1 1 2
1005643422 19 0 1 1
1005643473 18 0 1 1
1005643702 36 1 1 2
1005644161 36 1 1 3
1005644444 41 1 6 1
1005644662 36 1 2 3
1005644727 36 1 4 3
1005644736 41 1 5 1
1005645002 37 1 5 2
1005645246 39 1 1 0
1005645662 41 1 5 0
1005645727 16 0 1 0
1005645832 38 1 2 3
1005645909 41 1 2 2
1005646036 23 0 1 1
1005646039 18 0 1 0
1005646866 24 0 1 0
1005646943 43 1 2 1
1005647090 41 1 8 2
1005647290 36 1 3 3
1005647350 41 1 5 2
1005647676 41 1 7 2
1005648124 39 1 1 1
1005648324 17 0 1 0
1005648710 38 1 1 1
1005648968 36 1 1 1
1005649912 34 1 3 2
1005650180 37 1 1 3
1005650314 34 1 3 3
1005650756 34 1 3 2
1005650946 9 0 1 1
1005651057 36 1 2 2
1005651214 41 1 6 0
1005651348 9 0 1 0
1005651856 36 1 3 2
1005652086 38 1 2 2
1005652114 34 1 2 2
1005652247 36 1 3 3
1005652403 16 0 1 1
1005652527 9 0 1 1
1005652700 36 1 3 2
1005652808 37 1 4 3
1005652846 34 1 2 3
1005652890 17 0 1 1
1005653120 24 0 1 1
1005653148 8 0 1 1
1005653281 17 0 1 0
1005653734 17 0 1 1
1005653802 34 1 2 2
1005653842 22 0 1 0
1005654279 32 1 2 2
1005654288 8 0 1 0
1005654863 8 0 1 1
1005655313 0 0 1 1
1005655530 41 1 4 3
1005656374 41 1 2 3
1005656564 45 1 2 0
1005657408 43 1 2 0
1005658110 41 1 5 3
1005658467 36 1 2 3
1005658623 32 1 2 3
1005658754 34 1 3 3
1005658954 41 1 1 3
1005659144 36 1 1 0
1005659445 36 1 4 2
1005659539 16 0 1 0
1005659598 34 1 2 3
1005659657 0 0 1 0
1005659788 9 0 1 0
1005659988 42 1 2 0
1005660337 36 1 4 3
1005660557 39 1 2 2
1005660632 8 0 1 0
1005660740 37 1 5 3
1005660832 36 1 5 3
1005661163 36 1 3 3
1005661189 18 0 1 1
1005661534 41 1 8 3
1005661591 28 0 1 1
1005661784 41 1 4 2
1005661832 41 1 1 2
1005661832 41 1 5 2
1005661832 23 0 1 0
1005661866 19 0 1 0
1005662115 18 0 1 0
1005662197 17 0 1 0
1005662426 41 1 1 3
1005662568 39 1 1 0
1005662818 45 1 2 1
1005662866 42 1 2 1
1005662866 36 1 1 1
1005663460 42 1 2 0
1005665210 37 1 4 2
1005665802 41 1 7 3
1005666095 32 1 2 2
1005666148 41 1 1 2
1005666244 22 0 1 1
1005666649 36 1 4 2
1005666836 38 1 1 0
1005666836 39 1 2 3
1005667129 0 0 1 1
1005667182 42 1 2 1
1005668309 36 1 3 2
1005668349 32 1 5 2
1005668393 18 0 1 1
1005668433 28 0 1 0
1005668751 32 1 5 3
1005669042 37 1 5 2
1005669226 41 1 5 3
1005669281 36 1 2 2
1005669343 17 0 1 1
1005669383 3 0 1 1
1005669785 3 0 1 0
1005670076 23 0 1 1
1005670216 34 1 2 2
1005670439 32 1 2 3
1005670558 36 1 1 0
1005671107 16 0 1 1
1005671212 41 1 8 2
1005671212 41 1 8 3
1005671402 36 1 1 2
1005671473 0 0 1 0
1005671783 8 0 1 1
1005671808 34 1 3 2
1005671900 38 1 2 3
1005671939 36 1 1 3
1005672246 39 1 1 1
1005672280 39 1 1 0
1005672402 34 1 3 3
1005672436 41 1 5 1
1005672831 36 1 3 3
1005672934 24 0 1 0
1005673314 41 1 5 0
1005673544 34 1 3 2
1005673668 9 0 1 1
1005673723 36 1 4 3
1005673744 41 1 7 2
1005673750 9 0 1 0
1005673883 17 0 1 0
1005674578 9 0 1 1
1005674778 38 1 1 1
1005675050 41 1 5 2
1005675182 41 1 4 3
1005675467 18 0 1 0
1005675902 41 1 5 3
1005675952 37 1 4 3
1005676132 36 1 1 1
1005676203 36 1 2 3
1005676216 45 1 2 0
1005676986 22 0 1 0
1005677010 36 1 1 0
1005677237 16 0 1 0
1005679546 41 1 1 3
1005679578 34 1 1 2
1005680412 37 1 5 3
1005680580 42 1 2 0
1005680612 40 1 7 1
1005681178 34 1 2 3
1005682070 34 1 3 3
1005682190 23 0 1 0
1005682377 8 0 1 0
1005683104 9 0 1 0
1005683323 36 1 3 2
1005683854 34 1 1 3
1005684357 17 0 1 1
1005684888 40 1 7 0
1005684940 37 1 5 2
1005684978 37 1 4 2
1005685860 37 1 4 3
1005685894 41 1 5 2
1005686442 41 1 7 3
1005686540 23 0 1 1
1005686788 22 0 1 1
1005686894 22 0 1 0
1005687045 34 1 5 2
1005687061 36 1 2 2
1005687476 38 1 1 0
1005687477 34 1 5 3
1005687596 36 1 1 2
1005687606 37 1 4 2
1005687630 36 1 1 1
1005687748 41 1 2 2
1005687937 34 1 5 2
1005688039 32 1 2 2
1005688355 36 1 1 3
1005688360 11 0 1 1
1005688420 34 1 1 2
1005688652 41 1 5 1
1005688674 22 0 1 1
1005688782 43 1 2 1
1005688865 16 0 1 1
1005689007 32 1 2 3
1005689087 0 0 1 1
1005689128 41 1 8 2
1005689168 34 1 3 2
1005689212 34 1 3 3
1005689238 11 0 1 0
1005689320 11 0 1 1
1005689366 36 1 1 2
1005689389 41 1 5 0
1005689715 40 1 7 1
1005689813 36 1 4 2
1005690041 0 0 1 0
1005690202 9 0 1 1
1005690246 9 0 1 0
1005690400 41 1 5 1
1005690402 39 1 1 1
1005690597 41 1 4 2
1005690856 34 1 3 2
1005690912 41 1 1 2
1005690948 34 1 3 3
1005690949 34 1 5 3
1005691008 41 1 7 2
1005691113 36 1 3 3
1005691173 18 0 1 1
1005691260 37 1 5 3
1005691631 45 1 2 1
1005691946 42 1 2 1
1005692042 38 1 1 1
1005692147 17 0 1 0
1005692178 9 0 1 1
1005692212 9 0 1 0
1005692249 34 1 2 2
1005692826 11 0 1 0
1005692849 36 1 1 3
1005692990 23 0 1 0
1005693719 8 0 1 1
1005693883 41 1 5 0
1005693917 36 1 4 3
1005693958 41 1 1 3
1005694134 41 1 4 3
1005694280 34 1 3 2
1005694330 38 1 5 2
1005694550 34 1 1 3
1005694992 42 1 2 0
1005695168 45 1 2 0
1005695314 9 0 1 1
1005695364 27 0 1 1
1005695584 40 1 7 0
1005695607 36 1 2 3
1005695619 18 0 1 0
1005696666 41 1 5 3
1005696687 16 0 1 0
1005697178 34 1 3 3
1005697380 37 1 5 2
1005697510 41 1 8 3
1005697700 36 1 1 0
1005698070 34 1 2 3
1005698254 9 0 1 0
1005698300 37 1 4 3
1005698414 23 0 1 1
1005698417 39 1 2 2
1005698544 39 1 1 0
1005698544 39 1 2 3
1005699451 28 0 1 1
1005699578 28 0 1 0
1005699853 8 0 1 0
1005700090 41 1 2 3
1005700105 39 1 2 2
1005700126 22 0 1 0
1005701124 43 1 2 0
1005701124 39 1 2 3
1005701139 28 0 1 1
1005701587 36 1 3 2
1005701820 34 1 5 2
1005701883 36 1 3 3
1005702158 28 0 1 0
1005702621 17 0 1 1
1005702778 37 1 1 2
1005702917 17 0 1 0
1005703323 36 1 3 2
1005703468 11 0 1 1
1005703812 41 1 6 1
1005704357 17 0 1 1
1005704414 34 1 3 2
1005705096 34 1 3 3
1005705097 34 1 5 3
1005705408 37 1 4 2
1005705448 9 0 1 1
1005705548 41 1 8 2
1005705549 41 1 5 2
1005706130 9 0 1 0
1005706442 22 0 1 1
1005706559 36 1 2 2
1005706583 36 1 1 1
1005706974 11 0 1 0
1005707218 41 1 2 2
1005707218 41 1 1 2
1005707360 39 1 1 1
1005707951 36 1 3 3
1005708125 16 0 1 1
1005708231 41 1 4 2
1005708252 43 1 2 1
1005708252 42 1 2 1
1005708733 38 1 2 2
1005709052 37 1 1 3
1005709265 45 1 2 1
1005709377 17 0 1 0
1005709739 34 1 2 2
1005709767 24 0 1 1
1005709944 37 1 4 3
1005710086 41 1 6 0
1005710401 34 1 1 2
1005710434 34 1 1 3
1005710978 22 0 1 0
1005711350 34 1 3 2
1005711387 8 0 1 1
1005711540 40 1 7 1
1005711574 40 1 7 0
1005711749 36 1 4 2
1005712384 9 0 1 1
1005712618 41 1 8 3
1005712909 36 1 3 2
1005713349 18 0 1 1
1005713462 41 1 7 3
1005713512 37 1 5 3
1005713628 34 1 1 2
1005713652 39 1 1 0
1005713859 34 1 1 3
1005713943 17 0 1 1
1005714184 34 1 5 2
1005714242 36 1 5 2
1005714496 38 1 1 0
1005714880 34 1 3 3
1005715233 40 1 7 1
1005715267 40 1 7 0
1005715276 19 0 1 1
1005715290 23 0 1 0
1005715340 38 1 2 3
1005715880 11 0 1 1
1005715914 9 0 1 0
1005716374 24 0 1 0
1005716664 34 1 2 3
1005716745 36 1 4 3
1005717090 37 1 4 2
1005717687 36 1 2 3
1005717795 18 0 1 0
1005718365 8 0 1 0
1005718670 41 1 4 3
1005718872 22 0 1 1
1005719467 16 0 1 0
1005719574 37 1 1 2
1005719704 45 1 2 0
1005719993 34 1 5 3
1005720406 41 1 5 3
1005720514 37 1 1 3
1005720642 41 1 6 1
1005721122 11 0 1 0
1005721358 37 1 1 2
1005721440 36 1 1 0
1005721548 41 1 6 0
1005721588 37 1 1 3
1005722356 37 1 5 2
1005722392 41 1 6 1
1005722622 41 1 6 0
1005722622 41 1 2 3
1005723236 41 1 4 2
1005723656 43 1 2 0
1005723883 36 1 3 3
1005724080 23 0 1 1
1005724270 45 1 2 1
1005724780 41 1 7 2
1005724780 41 1 8 2
1005724917 17 0 1 0
1005725154 41 1 8 3
1005725814 38 1 1 1
1005725814 39 1 1 1
1005726019 32 1 2 2
1005726188 39 1 1 0
1005726655 36 1 5 3
1005727053 0 0 1 1
1005727312 41 1 8 2
1005727648 41 1 5 2
1005727689 19 0 1 0
1005727831 32 1 2 3
1005727832 37 1 4 3
1005728286 41 1 8 3
1005728312 36 1 1 2
1005728394 39 1 1 1
1005728540 41 1 5 3
1005728626 41 1 1 3
1005728865 0 0 1 0
1005728866 22 0 1 0
1005729126 41 1 2 2
1005729224 34 1 5 2
1005729286 36 1 1 1
1005729305 36 1 2 2
1005729320 39 1 1 0
1005729466 41 1 5 1
1005729660 42 1 2 0
1005729844 41 1 8 2
1005730160 43 1 2 1
1005730164 36 1 1 0
1005730403 16 0 1 1
1005730872 11 0 1 1
1005730878 39 1 1 1
1005730927 34 1 2 2
1005731029 36 1 3 2
1005732123 17 0 1 1
1005732141 36 1 4 2
1005732335 8 0 1 1
1005732909 36 1 5 2
1005733719 36 1 4 3
1005733837 18 0 1 1
1005733890 34 1 3 2
1005733943 19 0 1 1
1005733963 34 1 5 3
1005734607 36 1 1 3
1005734630 41 1 7 3
1005734924 9 0 1 1
1005735222 11 0 1 0
1005735303 32 1 2 2
1005735407 36 1 3 3
1005735474 41 1 4 3
1005735559 18 0 1 0
1005735664 38 1 1 0
1005735664 38 1 5 3
1005736054 34 1 3 3
1005736337 0 0 1 1
1005736358 41 1 5 0
1005736441 17 0 1 0
1005736508 45 1 2 0
1005736698 27 0 1 0
1005736753 32 1 2 3
1005736946 34 1 2 3
1005737088 9 0 1 0
1005737202 41 1 8 3
1005737235 36 1 2 3
1005737250 41 1 5 2
1005737606 37 1 4 2
1005737787 0 0 1 0
1005737835 32 1 2 2
1005738142 41 1 5 3
1005738352 41 1 7 2
1005738469 8 0 1 0
1005738494 39 1 1 0
1005738803 32 1 2 3
1005738850 41 1 7 3
1005738869 0 0 1 1
1005738986 41 1 5 2
1005739021 16 0 1 0
1005739080 36 1 1 1
1005739196 41 1 7 2
1005739374 22 0 1 1
1005739386 38 1 1 1
1005739631 32 1 2 2
1005739837 0 0 1 0
1005739884 38 1 1 0
1005739958 36 1 1 0
1005740040 41 1 4 2
1005740040 36 1 1 1
1005740230 38 1 1 1
1005740586 41 1 5 3
1005740665 0 0 1 1
1005740836 41 1 1 2
1005741074 45 1 2 1
1005741335 32 1 2 3
1005741620 36 1 1 0
1005741802 41 1 5 2
1005741870 42 1 2 1
1005742074 41 1 8 2
1005742369 0 0 1 0
1005742836 36 1 1 1
1005743118 41 1 2 3
1005743274 37 1 1 2
1005743784 39 1 1 1
1005743840 37 1 5 3
1005744308 41 1 6 1
1005744568 41 1 7 3
1005744702 41 1 8 3
1005744786 43 1 2 0
1005744840 34 1 3 2
1005744854 34 1 3 3
1005744874 23 0 1 0
1005745037 36 1 3 2
1005745602 38 1 1 0
1005745874 9 0 1 1
1005745908 9 0 1 0
1005746000 34 1 5 2
1005746071 17 0 1 1
1005746434 41 1 1 3
1005746446 39 1 1 0
1005746576 34 1 3 2
1005747075 36 1 2 2
1005747468 42 1 2 0
1005747589 32 1 2 2
1005747610 9 0 1 1
1005747624 11 0 1 1
1005748366 41 1 2 2
1005748623 0 0 1 1
1005748915 16 0 1 1
1005749144 37 1 1 3
1005749152 41 1 8 2
1005749312 41 1 1 2
1005749400 43 1 2 1
1005749685 34 1 1 2
1005749905 36 1 4 2
1005750178 41 1 6 0
1005750346 42 1 2 1
1005750619 32 1 2 3
1005750719 40 1 7 1
1005750801 34 1 5 3
1005751012 39 1 1 1
1005751070 34 1 3 3
1005751589 36 1 5 3
1005751649 18 0 1 1
1005751653 0 0 1 0
1005751868 37 1 4 3
1005751962 34 1 1 3
1005752022 37 1 1 2
1005752070 11 0 1 0
1005752104 9 0 1 0
1005752623 19 0 1 0
1005752818 37 1 5 2
1005752828 36 1 1 2
1005752902 22 0 1 0
1005753646 41 1 6 1
1005753652 37 1 1 3
1005753801 40 1 7 0
1005753862 41 1 5 1
1005753900 23 0 1 1
1005754198 41 1 7 2
1005754686 41 1 6 0
1005755218 39 1 2 2
1005755232 38 1 1 1
1005756252 28 0 1 1
1005756845 36 1 3 3
1005757879 17 0 1 0
1005758158 41 1 4 3
1005758687 36 1 5 2
1005759002 41 1 1 3
1005759192 45 1 2 0
1005759405 32 1 2 2
1005759721 19 0 1 1
1005760036 42 1 2 0
1005760317 36 1 1 3
1005760439 0 0 1 1
1005760567 36 1 3 2
1005760690 41 1 5 3
1005760700 34 1 3 2
1005760843 34 1 2 2
1005761064 34 1 5 2
1005761351 41 1 5 0
1005761601 17 0 1 1
1005761664 34 1 3 3
1005761724 36 1 1 0
1005761734 9 0 1 1
1005762378 41 1 8 3
1005762395 8 0 1 1
1005762568 36 1 4 3
1005762664 11 0 1 1
1005762698 9 0 1 0
1005762883 36 1 2 3
1005763412 39 1 1 0
1005763568 41 1 4 2
1005763727 36 1 3 3
1005763883 18 0 1 0
1005763917 16 0 1 0
1005764123 32 1 2 3
1005764304 39 1 2 3
1005764542 34 1 3 2
1005764602 45 1 2 1
1005764761 17 0 1 0
1005765157 0 0 1 0
1005765184 34 1 2 3
1005765338 28 0 1 0
1005765576 9 0 1 1
1005765889 34 1 5 3
1005765958 37 1 4 2
1005766062 34 1 3 3
1005766646 41 1 2 3
1005766841 8 0 1 0
1005766992 22 0 1 1
1005767062 11 0 1 0
1005767096 9 0 1 0
1005768026 43 1 2 0
1005768816 37 1 5 3
1005770166 41 1 7 3
1005770416 23 0 1 0
1005770857 38 1 5 2
1005771200 38 1 1 0
1005771669 36 1 3 2
1005772691 27 0 1 1
1005772703 17 0 1 1
1005772705 36 1 2 2
1005773999 36 1 5 3
1005774330 16 0 1 1
1005775033 19 0 1 0
1005775420 38 1 5 3
1005775828 36 1 1 2
1005776285 32 1 2 2
1005776682 35 1 4 2
1005776945 27 0 1 0
1005777062 41 1 4 3
1005777092 34 1 3 2
1005777319 0 0 1 1
1005777394 41 1 5 1
1005777466 34 1 3 3
1005777468 37 1 5 2
1005777840 34 1 5 2
1005777874 14 0 1 1
1005778126 9 0 1 1
1005778346 45 1 2 0
1005778500 9 0 1 0
1005778670 23 0 1 1
1005778721 41 1 5 2
1005779085 35 1 2 2
1005779121 36 1 4 2
1005779144 41 1 8 2
1005779440 11 0 1 1
1005779568 37 1 4 3
1005779755 36 1 1 1
1005779785 32 1 4 2
1005780128 12 0 1 1
1005780289 18 0 1 1
1005780600 35 1 2 3
1005780819 2 0 1 1
1005780850 32 1 4 3
1005780878 39 1 1 1
1005781097 36 1 5 2
1005781298 22 0 1 0
1005781847 32 1 2 3
1005781946 12 0 1 0
1005781965 36 1 3 3
1005781989 41 1 1 2
1005782000 34 1 1 2
1005782079 34 1 2 2
1005782131 19 0 1 1
1005782226 35 1 4 3
1005782420 34 1 2 3
1005782435 2 0 1 0
1005782662 36 1 4 3
1005782665 34 1 1 3
1005782722 41 1 4 2
1005782881 0 0 1 0
1005782891 36 1 2 3
1005782999 17 0 1 0
1005783023 42 1 2 1
1005783065 40 1 7 1
1005783066 41 1 5 3
1005783260 14 0 1 0
1005783605 34 1 5 3
1005783631 8 0 1 1
1005783665 8 0 1 0
1005783891 18 0 1 0
1005784005 40 1 7 0
1005784100 36 1 1 0
1005784446 45 1 2 1
1005784540 16 0 1 0
1005785190 11 0 1 0
1005786442 41 1 1 3
1005786786 39 1 2 2
1005787310 35 1 2 2
1005787820 28 0 1 1
1005787822 42 1 2 0
1005788344 12 0 1 1
1005788531 36 1 1 3
1005790145 41 1 5 0
1005790989 41 1 5 2
1005791010 41 1 2 2
1005791071 41 1 8 3
1005791156 35 1 4 2
1005791855 39 1 3 2
1005792044 43 1 2 1
1005792071 36 1 1 1
1005792190 14 0 1 1
1005792321 32 1 2 2
1005792402 39 1 1 2
1005792436 39 1 1 0
1005792546 36 1 2 2
1005792651 39 1 3 3
1005792677 41 1 5 3
1005792686 39 1 1 3
1005792847 36 1 2 3
1005793331 36 1 3 2
1005793355 0 0 1 1
1005793436 41 1 8 1
1005793558 37 1 4 2
1005793578 39 1 2 3
1005793604 29 0 1 1
1005793663 32 1 2 3
1005793665 16 0 1 1
1005793686 29 0 1 0
1005793840 37 1 5 3
1005793841 36 1 1 0
1005794134 41 1 4 3
1005794314 41 1 8 0
1005794330 36 1 2 2
1005794520 17 0 1 1
1005794543 16 0 1 0
1005794592 22 0 1 1
1005794612 28 0 1 0
1005794685 36 1 1 2
1005794697 0 0 1 0
1005794853 32 1 2 2
1005795168 45 1 2 0
1005795228 23 0 1 0
1005795517 16 0 1 1
1005795606 35 1 2 3
1005795619 36 1 1 3
1005795685 41 1 5 2
1005795767 41 1 5 1
1005795887 0 0 1 1
1005796498 35 1 4 3
1005796719 36 1 1 1
1005796860 34 1 5 2
1005797076 12 0 1 0
1005797243 34 1 2 2
1005797377 41 1 5 0
1005797558 41 1 2 3
1005797733 41 1 7 2
1005798090 14 0 1 0
1005798412 34 1 1 2
1005798412 11 0 1 1
1005798450 41 1 7 3
1005798517 32 1 4 2
1005798592 43 1 2 0
1005798767 38 1 1 1
1005798803 34 1 1 3
1005798815 8 0 1 1
1005799248 34 1 2 3
1005799484 38 1 1 0
1005799534 32 1 4 3
1005799551 2 0 1 1
1005799919 34 1 2 2
1005799935 36 1 5 3
1005800138 41 1 5 3
1005800214 40 1 7 1
1005800248 40 1 7 0
1005800415 32 1 2 3
1005800681 8 0 1 0
1005800868 34 1 3 2
1005800969 19 0 1 0
1005800980 34 1 3 3
1005801167 2 0 1 0
1005801449 0 0 1 0
1005801595 34 1 5 3
1005801655 8 0 1 1
1005801835 41 1 4 2
1005801858 34 1 2 3
1005801902 9 0 1 1
1005801931 36 1 1 0
1005802014 9 0 1 0
1005802858 11 0 1 0
1005802869 45 1 2 1
1005803473 8 0 1 0
1005804078 37 1 5 2
1005805388 37 1 4 3
1005805430 23 0 1 1
1005805836 39 1 2 2
1005805922 36 1 1 2
1005806188 41 1 1 2
1005806422 22 0 1 0
1005806870 28 0 1 1
1005806958 39 1 2 3
1005807082 41 1 1 3
1005807233 41 1 5 1
1005807341 42 1 2 1
1005807598 41 1 8 2
1005807736 35 1 4 2
1005807877 36 1 5 2
1005807992 28 0 1 0
1005808116 42 1 2 0
1005808408 41 1 7 2
1005808646 39 1 1 1
1005808711 36 1 3 3
1005808887 41 1 7 3
1005808911 19 0 1 1
1005808997 14 0 1 1
1005809252 41 1 7 2
1005809422 35 1 4 3
1005809442 38 1 1 1
1005809528 35 1 2 2
1005809745 17 0 1 0
1005809921 38 1 1 0
1005810286 38 1 1 1
1005810456 14 0 1 0
1005810652 41 1 6 2
1005810680 39 1 2 2
1005811300 12 0 1 1
1005811419 41 1 6 3
1005811435 36 1 2 3
1005811714 28 0 1 1
1005812432 37 1 1 1
1005812466 37 1 1 0
1005812647 41 1 1 2
1005812767 16 0 1 0
1005813144 35 1 4 2
1005813421 32 1 2 2
1005813681 42 1 2 1
1005813743 35 1 4 3
1005813919 32 1 2 3
1005813998 41 1 4 3
1005814455 0 0 1 1
1005814657 14 0 1 1
1005814953 0 0 1 0
1005815033 45 1 2 0
1005815109 32 1 2 2
1005815114 37 1 4 2
1005815183 41 1 5 2
1005815420 34 1 5 2
1005815583 14 0 1 0
1005815591 41 1 2 2
1005815686 41 1 7 3
1005815721 41 1 5 3
1005815724 35 1 4 2
1005816143 0 0 1 1
1005816217 36 1 1 1
1005816530 41 1 2 3
1005816601 34 1 5 3
1005816625 43 1 2 1
1005816720 38 1 1 0
1005816755 36 1 1 0
1005816758 14 0 1 1
1005816924 22 0 1 1
1005816924 11 0 1 1
1005817631 36 1 1 3
1005817782 39 1 3 2
1005817802 11 0 1 0
1005818001 43 1 2 0
1005818139 32 1 2 3
1005818655 41 1 5 2
1005818689 41 1 5 0
1005818689 41 1 8 3
1005818711 34 1 2 2
1005818720 37 1 5 3
1005818722 39 1 3 3
1005818734 34 1 5 2
1005818888 29 0 1 1
1005819110 41 1 5 3
1005819173 0 0 1 0
1005819409 41 1 4 2
1005819512 34 1 2 3
1005819689 36 1 1 1
1005819766 29 0 1 0
1005820237 34 1 5 3
1005820263 8 0 1 1
1005820442 39 1 1 0
1005820443 45 1 2 1
1005820464 11 0 1 1
1005820534 35 1 2 3
1005820594 23 0 1 0
1005820615 36 1 1 0
1005820873 36 1 3 2
1005821189 8 0 1 0
1005821334 39 1 2 3
1005821378 35 1 4 3
1005821430 34 1 5 2
1005821438 11 0 1 0
1005821655 34 1 1 2
1005821798 12 0 1 0
1005821907 17 0 1 1
1005822021 34 1 1 3
1005822384 28 0 1 0
1005822412 14 0 1 0
1005822913 34 1 5 3
1005823194 40 1 7 1
1005823208 11 0 1 1
1005823228 40 1 7 0
1005823474 41 1 1 3
1005824134 11 0 1 0
1005824212 34 1 1 2
1005824437 36 1 2 2
1005824719 36 1 5 3
1005824918 34 1 1 3
1005825185 42 1 2 0
1005825246 40 1 7 1
1005825753 19 0 1 0
1005825845 16 0 1 1
1005826141 41 1 5 2
1005826570 40 1 7 0
1005826884 34 1 5 2
1005826946 41 1 5 3
1005827415 35 1 1 2
1005827684 36 1 1 1
1005828449 40 1 8 1
1005828532 11 0 1 1
1005828572 35 1 4 2
1005828576 36 1 1 0
1005828994 35 1 2 2
1005829358 35 1 1 3
1005829441 41 1 5 2
1005829457 32 1 2 2
1005829574 41 1 4 3
1005829606 14 0 1 1
1005830001 34 1 5 3
1005830043 35 1 1 2
1005830170 41 1 8 2
1005830316 37 1 4 3
1005830475 36 1 1 1
1005830491 0 0 1 1
1005830560 12 0 1 1
1005830872 40 1 8 0
1005831011 36 1 3 3
1005831062 41 1 8 3
1005831077 40 1 8 1
1005831166 37 1 5 2
1005831194 11 0 1 0
1005831204 39 1 1 1
1005831204 45 1 2 0
1005831344 35 1 1 3
1005831350 22 0 1 0
1005832045 17 0 1 0
1005832306 39 1 1 0
1005832378 40 1 8 0
1005832661 36 1 5 2
1005832716 35 1 1 2
1005832736 41 1 5 3
1005832906 36 1 1 2
1005833034 23 0 1 1
1005833506 35 1 5 2
1005833695 19 0 1 1
1005833804 35 1 1 3
1005833880 36 1 1 0
1005833940 41 1 5 1
1005834175 32 1 2 3
1005834584 40 1 8 1
1005834756 15 0 1 1
1005834784 41 1 4 2
1005834816 35 1 5 3
1005835209 0 0 1 0
1005835574 35 1 2 3
1005835584 40 1 8 0
1005835714 34 1 5 2
1005835724 41 1 5 2
1005835818 45 1 2 1
1005835943 41 1 8 2
1005836182 35 1 5 2
1005836411 36 1 2 3
1005836526 15 0 1 0
1005836694 12 0 1 0
1005836758 36 1 1 1
1005837202 41 1 1 2
1005837382 35 1 4 3
1005837424 11 0 1 1
1005837500 15 0 1 1
1005837548 39 1 1 1
1005837839 16 0 1 0
1005838190 41 1 2 2
1005838236 42 1 2 1
1005838274 35 1 5 3
1005838416 14 0 1 0
1005838720 39 1 2 2
1005838820 41 1 7 2
1005839224 43 1 2 1
1005839318 15 0 1 0
1005839669 34 1 5 3
1005839797 36 1 3 2
1005839854 38 1 1 1
1005839972 41 1 7 3
1005840402 28 0 1 1
1005840831 17 0 1 1
1005840978 11 0 1 0
1005840978 41 1 5 3
1005841006 38 1 1 0
1005841874 37 1 4 2
1005841883 36 1 4 2
1005842012 36 1 1 0
1005842095 36 1 4 3
1005842373 36 1 2 2
1005842660 39 1 1 2
1005842731 39 1 5 2
1005842762 41 1 1 3
1005842771 36 1 2 3
1005843689 18 0 1 1
1005843694 41 1 8 1
1005843723 18 0 1 0
1005843738 22 0 1 1
1005843790 31 0 1 1
1005843796 42 1 2 0
1005843973 16 0 1 1
1005844007 16 0 1 0
1005844204 39 1 1 3
1005844538 41 1 7 2
1005844555 36 1 1 3
1005844720 39 1 3 2
1005845049 36 1 2 2
1005845238 41 1 8 0
1005845342 41 1 7 3
1005845572 38 1 1 1
1005846130 29 0 1 1
1005846186 41 1 4 3
1005846376 38 1 1 0
1005846388 41 1 5 2
1005846420 37 1 5 3
1005846422 41 1 5 0
1005846547 39 1 5 3
1005846669 16 0 1 1
1005847181 32 1 2 2
1005847422 36 1 1 1
1005847470 45 1 2 0
1005847581 31 0 1 0
1005847679 32 1 2 3
1005848096 35 1 4 2
1005848110 41 1 8 3
1005848123 36 1 5 3
1005848158 41 1 5 3
1005848215 0 0 1 1
1005848246 23 0 1 0
1005848713 0 0 1 0
1005849130 14 0 1 1
1005849144 39 1 1 0
1005849144 39 1 2 3
1005849157 19 0 1 0
1005849658 41 1 2 3
1005849676 35 1 1 2
1005849870 35 1 1 3
1005849908 41 1 7 2
1005849988 36 1 1 0
1005850082 35 1 5 2
1005850178 28 0 1 0
1005850692 43 1 2 0
1005850919 40 1 8 1
1005850942 38 1 1 1
1005850953 40 1 8 0
1005851337 15 0 1 1
1005851724 39 1 3 3
1005851753 41 1 1 2
1005851851 41 1 5 2
1005852738 41 1 4 2
1005852787 42 1 2 1
1005853252 29 0 1 0
1005853380 41 1 2 2
1005853526 34 1 5 2
1005853710 36 1 1 1
1005853905 35 1 4 3
1005854319 36 1 3 3
1005854414 43 1 2 1
1005854573 45 1 2 1
1005854978 14 0 1 0
1005855022 37 1 1 2
1005855092 11 0 1 1
1005855352 41 1 8 2
1005855353 17 0 1 0
1005855821 34 1 5 3
1005855854 41 1 2 3
1005855874 35 1 5 3
1005856056 41 1 6 1
1005856238 37 1 5 2
1005856240 41 1 8 3
1005856888 43 1 2 0
1005856910 11 0 1 0
1005857138 39 1 1 1
1005857274 39 1 1 0
1005857615 15 0 1 0
1005857753 36 1 5 2
1005858010 23 0 1 1
1005858016 37 1 4 3
1005858732 41 1 2 2
1005858787 19 0 1 1
1005858920 41 1 8 2
1005859050 22 0 1 0
1005859766 43 1 2 1
1005859848 37 1 1 3
1005859954 39 1 1 1
1005860573 36 1 3 2
1005860840 35 1 1 2
1005860882 41 1 6 0
1005860882 41 1 7 3
1005861507 36 1 4 2
1005861607 17 0 1 1
1005861726 41 1 5 3
1005861930 38 1 1 0
1005862419 40 1 8 1
1005862618 41 1 1 3
1005862888 35 1 4 2
1005863381 18 0 1 1
1005863559 35 1 4 3
1005863569 36 1 1 2
1005863603 36 1 1 0
1005863652 42 1 2 0
1005863919 35 1 5 2
1005864213 36 1 2 3
1005864502 14 0 1 1
1005864576 35 1 4 2
1005864598 14 0 1 0
1005864603 41 1 5 1
1005864607 36 1 4 3
1005864794 35 1 5 3
1005865437 15 0 1 1
1005865499 36 1 1 3
1005865559 16 0 1 0
1005865610 14 0 1 1
1005866091 18 0 1 0
1005866315 15 0 1 0
1005866578 35 1 1 3
1005867013 36 1 3 3
1005867169 41 1 5 0
1005867612 40 1 8 0
1005868047 17 0 1 0
1005868622 41 1 4 3
1005868659 36 1 5 3
1005868998 39 1 2 2
1005869680 45 1 2 0
1005869693 19 0 1 0
1005869775 35 1 4 3
1005869909 35 1 5 2
1005870032 28 0 1 1
1005870274 37 1 4 2
1005870809 14 0 1 0
1005871438 22 0 1 1
1005871524 41 1 4 2
1005871653 15 0 1 1
1005872248 41 1 1 2
1005872288 37 1 5 3
1005872938 41 1 8 3
1005873282 42 1 2 1
1005873315 45 1 2 1
1005874114 23 0 1 0
1005874380 39 1 1 0
1005874408 39 1 2 3
1005874770 41 1 2 3
1005875003 36 1 3 2
1005875442 28 0 1 0
1005875445 36 1 2 2
1005875590 41 1 7 2
1005875801 41 1 5 2
1005875804 43 1 2 0
1005876037 17 0 1 1
1005876125 35 1 4 2
1005876601 36 1 5 2
1005876624 38 1 1 1
1005876645 41 1 5 3
1005876835 36 1 1 1
1005876997 16 0 1 1
1005877148 35 1 1 2
1005877159 14 0 1 1
1005877635 19 0 1 1
1005878102 36 1 1 0
1005878182 40 1 8 1
1005878333 41 1 5 2
1005878492 41 1 2 2
1005879315 36 1 3 3
1005879321 35 1 2 2
1005879333 35 1 2 3
1005879526 43 1 2 1
1005879882 35 1 5 3
1005879886 36 1 1 1
1005880276 41 1 1 3
1005880349 17 0 1 0
1005880800 12 0 1 1
1005880834 12 0 1 0
1005881120 41 1 7 3
1005881211 15 0 1 0
1005881310 42 1 2 0
1005881682 41 1 5 3
1005881995 35 1 4 3
1005882154 38 1 1 0
1005882883 36 1 2 3
1005882902 37 1 5 2
1005883029 14 0 1 0
1005883037 36 1 3 2
1005883450 35 1 1 3
1005883454 36 1 1 0
1005884071 17 0 1 1
1005884360 36 1 1 2
1005884667 36 1 3 3
1005884688 23 0 1 1
1005884723 16 0 1 0
1005884728 37 1 4 3
1005884815 40 1 8 0
1005885569 36 1 3 2
1005885701 17 0 1 0
1005885806 22 0 1 0
1005886126 41 1 4 3
1005886176 41 1 5 1
1005886603 17 0 1 1
1005887020 41 1 5 2
1005887160 45 1 2 0
1005888054 36 1 1 1
1005888218 41 1 7 2
1005888808 41 1 8 2
1005889158 41 1 1 2
1005889252 38 1 1 1
1005889937 35 1 4 2
1005890149 36 1 2 2
1005890192 39 1 1 1
1005890692 41 1 4 2
1005890863 36 1 5 3
1005890940 42 1 2 1
1005890971 14 0 1 1
1005891701 16 0 1 1
1005891726 45 1 2 1
1005891778 39 1 2 2
1005891820 41 1 7 3
1005891897 19 0 1 0
1005892033 36 1 4 2
1005892226 41 1 2 3
1005892759 35 1 1 2
1005892812 28 0 1 1
1005892854 38 1 1 0
1005893260 43 1 2 0
1005893329 36 1 4 3
1005893555 35 1 5 2
1005893559 36 1 3 3
1005893681 18 0 1 1
1005894202 35 1 5 3
1005894359 35 1 4 3
1005894445 40 1 8 1
1005894559 18 0 1 0
1005894593 17 0 1 0
1005894854 41 1 5 3
1005895325 15 0 1 1
1005895359 15 0 1 0
1005895393 14 0 1 0
1005895888 36 1 1 0
1005897117 36 1 5 2
1005897281 36 1 3 2
1005897530 41 1 8 3
1005898066 37 1 4 2
1005898151 19 0 1 1
1005898315 17 0 1 1
1005898609 39 1 5 2
1005899096 37 1 5 3
1005899100 22 0 1 1
1005899108 39 1 1 0
1005899266 41 1 1 3
1005899643 31 0 1 1
1005899847 35 1 5 2
1005899899 36 1 1 3
1005900216 41 1 2 2
1005900454 42 1 2 0
1005900778 23 0 1 0
1005901142 41 1 5 0
1005901216 35 1 1 3
1005901298 43 1 2 1
1005901505 35 1 4 2
1005901583 35 1 5 3
1005901589 15 0 1 1
1005902251 39 1 5 3
1005902539 14 0 1 1
1005902628 39 1 2 3
1005902655 40 1 8 0
1005903285 31 0 1 0
1005903407 15 0 1 0
1005903534 41 1 4 3
1005903614 36 1 3 3
1005903662 28 0 1 0
1005904648 17 0 1 0
1005904674 45 1 2 0
1005905628 35 1 4 3
1005906566 41 1 1 2
1005907100 41 1 8 2
1005907162 37 1 1 2
1005907269 14 0 1 0
1005907358 41 1 7 2
1005907600 42 1 2 1
1005907879 36 1 2 3
1005908086 41 1 5 2
1005908190 37 1 5 2
1005908196 41 1 6 1
1005908392 38 1 1 1
1005908588 39 1 1 1
1005909012 41 1 2 3
1005909098 41 1 4 2
1005909168 36 1 1 1
1005909224 23 0 1 1
1005909555 16 0 1 0
1005909790 37 1 1 3
1005910132 45 1 2 1
1005910650 43 1 2 0
1005910824 41 1 6 0
1005911156 41 1 7 3
1005911584 37 1 4 3
1005911700 36 1 1 2
1005912048 41 1 1 3
1005912190 38 1 1 0
1005912354 39 1 2 2
1005912400 36 1 3 2
1005912401 35 1 5 2
1005912489 35 1 4 2
1005912532 41 1 8 3
1005912618 22 0 1 0
1005912734 41 1 5 1
1005913082 42 1 2 0
1005913083 35 1 1 2
1005913183 36 1 5 3
1005913404 41 1 5 3
1005913434 17 0 1 1
1005913531 14 0 1 1
1005913836 28 0 1 1
1005913926 39 1 1 0
1005914049 15 0 1 1
1005914117 40 1 8 1
1005914217 19 0 1 0
1005914257 36 1 4 2
1005914458 36 1 1 0
1005914981 36 1 2 2
1005915350 36 1 2 3
1005915918 41 1 2 2
1005915953 18 0 1 1
1005916665 35 1 4 3
1005916677 16 0 1 1
1005916759 16 0 1 0
1005916952 43 1 2 1
1005917194 41 1 5 2
1005917506 41 1 1 2
1005917699 14 0 1 0
1005918116 35 1 5 3
1005918228 36 1 1 1
1005918338 39 1 2 3
1005918540 42 1 2 1
1005918603 36 1 2 2
1005919098 41 1 7 2
1005919290 41 1 8 2
1005919372 28 0 1 0
1005919483 15 0 1 0
1005920061 36 1 1 3
1005920132 38 1 1 1
1005920217 16 0 1 1
1005920792 35 1 1 3
1005920905 36 1 4 3
1005920976 39 1 1 1
1005921095 41 1 5 0
1005921135 36 1 3 3
1005921290 40 1 3 2
1005921688 40 1 7 2
1005922060 39 1 2 2
1005922132 41 1 7 3
1005922135 18 0 1 0
1005922169 17 0 1 0
1005922279 40 1 8 0
1005922324 44 1 1 1
1005923024 34 1 1 1
1005923094 28 0 1 1
1005923166 38 1 1 0
1005923212 40 1 4 2
1005923496 41 1 1 3
1005923820 41 1 5 3
1005924246 45 1 1 1
1005924530 42 1 2 0
1005924553 41 1 2 3
1005924607 35 1 4 2
1005924734 37 1 4 2
1005925505 36 1 1 0
1005925556 41 1 4 3
1005925587 43 1 2 0
1005925641 14 0 1 1
1005925703 40 1 7 3
1005925768 22 0 1 1
1005926168 37 1 5 3
1005926547 40 1 3 3
1005926590 45 1 2 0
1005926826 34 1 1 0
1005927133 41 1 8 3
1005927235 36 1 2 3
1005927581 44 1 1 0
1005927590 23 0 1 0
1005928331 40 1 4 3
1005928391 35 1 1 2
1005928835 16 0 1 0
1005928846 39 1 1 0
1005929365 45 1 1 0
1005929514 40 1 7 2
1005929750 39 1 3 2
1005929839 35 1 4 3
1005929906 39 1 1 2
1005930044 39 1 1 3
1005930101 40 1 8 1
1005930799 34 1 1 1
1005930813 36 1 3 2
1005930873 14 0 1 0
1005931044 29 0 1 1
1005931115 36 1 4 2
1005931209 40 1 4 2
1005931438 41 1 1 2
1005931623 35 1 1 3
1005931653 36 1 4 3
1005931712 41 1 8 1
1005931738 39 1 3 3
1005931746 41 1 8 0
1005931843 41 1 2 2
1005931847 17 0 1 1
1005931858 41 1 4 2
1005932007 36 1 4 2
1005932031 35 1 5 2
1005932243 45 1 1 1
1005932500 41 1 2 3
1005932653 41 1 5 2
1005932657 40 1 8 0
1005932687 41 1 2 2
1005932687 18 0 1 1
1005932699 42 1 2 1
1005932769 18 0 1 0
1005932862 29 0 1 0
1005932877 43 1 2 1
1005933374 39 1 2 3
1005933392 41 1 5 3
1005933474 36 1 1 2
1005933501 15 0 1 1
1005933534 43 1 2 0
1005933640 45 1 2 1
1005933647 18 0 1 1
1005933721 43 1 2 1
1005934172 35 1 5 3
1005934261 36 1 2 2
1005934352 36 1 1 1
1005934408 28 0 1 0
1005934434 36 1 1 0
1005934501 35 1 1 2
1005934707 35 1 5 2
1005934813 36 1 3 3
1005935080 41 1 1 3
1005935138 41 1 7 2
1005935227 36 1 2 3
1005935285 40 1 7 3
1005935315 41 1 5 1
1005935319 15 0 1 0
1005935630 37 1 5 2
1005935659 40 1 8 1
1005935813 16 0 1 1
1005935861 17 0 1 0
1005936004 35 1 5 3
1005936051 36 1 4 3
1005936114 42 1 2 0
1005936172 38 1 1 1
1005936197 15 0 1 1
1005936691 16 0 1 0
1005936921 40 1 4 3
1005937003 41 1 5 2
1005937029 34 1 1 0
1005937105 18 0 1 0
1005937123 15 0 1 0
1005937177 35 1 5 2
1005937210 23 0 1 1
1005937829 35 1 4 2
1005937955 45 1 1 0
1005938037 36 1 1 1
1005938632 35 1 4 3
1005938656 37 1 4 3
1005938802 41 1 1 2
1005938882 41 1 8 2
1005938893 15 0 1 1
1005939055 14 0 1 1
1005939356 41 1 7 3
1005939565 35 1 4 2
1005939666 14 0 1 0
1005939670 40 1 1 2
1005939690 22 0 1 0
1005939799 40 1 4 2
1005939836 42 1 2 1
1005939873 35 1 5 3
1005940103 36 1 1 3
1005940356 39 1 1 1
1005940390 38 1 1 0
1005940464 35 1 1 3
1005940520 39 1 2 2
1005940599 14 0 1 1
1005940609 40 1 7 2
1005940704 42 1 1 1
1005940833 45 1 1 1
1005941137 41 1 5 0
1005941555 15 0 1 0
1005941630 40 1 3 2
1005941639 36 1 4 2
1005941643 34 1 1 1
1005941936 28 0 1 1
1005941951 40 1 8 0
1005941973 36 1 3 2
1005942032 41 1 1 3
1005942117 36 1 2 2
1005942664 44 1 1 1
1005942795 40 1 1 3
1005942921 41 1 8 3
1005943007 17 0 1 1
1005943012 41 1 2 3
1005943066 42 1 2 0
1005943101 39 1 5 2
1005943191 18 0 1 1
1005943578 39 1 5 3
1005943717 16 0 1 1
1005943873 36 1 1 2
1005943904 41 1 4 3
1005943958 39 1 1 0
1005943993 39 1 5 2
1005944046 43 1 2 0
1005944175 42 1 1 0
1005944612 31 0 1 1
1005944627 40 1 7 3
1005944694 31 0 1 0
1005944796 41 1 5 3
1005944907 41 1 5 1
1005944938 45 1 2 0
1005945015 35 1 4 3
1005945572 31 0 1 1
1005946049 14 0 1 0
1005946076 34 1 1 0
1005946459 40 1 3 3
1005946535 36 1 1 0
1005946535 36 1 2 3
1005947146 39 1 5 3
1005947303 40 1 4 3
1005947493 44 1 1 0
1005947822 39 1 2 3
1005948151 36 1 3 3
1005948211 16 0 1 0
1005948234 31 0 1 0
1005948337 45 1 1 0
1005948422 41 1 2 2
1005948856 28 0 1 0
1005948986 41 1 7 2
1005949043 36 1 4 3
1005949185 17 0 1 0
1005949223 41 1 5 2
1005949322 41 1 8 2
1005949456 43 1 2 1
1005949991 35 1 1 2
1005950020 38 1 1 1
1005950204 37 1 5 3
1005950253 36 1 1 3
1005950257 36 1 1 1
1005950409 18 0 1 0
1005950888 39 1 1 1
1005951555 40 1 8 1
1005951718 23 0 1 0
1005951885 41 1 5 0
1005952284 40 1 7 2
1005952500 41 1 1 2
1005952842 37 1 4 2
1005953001 40 1 3 2
1005953232 39 1 2 2
1005953344 41 1 4 2
1005953534 42 1 2 1
1005953563 34 1 1 1
1005953605 40 1 4 2
1005953803 40 1 1 2
1005953849 35 1 4 2
1005953876 22 0 1 1
1005954035 44 1 1 1
1005954224 41 1 1 3
1005954266 28 0 1 1
1005954378 45 1 2 1
1005954639 45 1 1 1
1005954731 35 1 4 3
1005954883 14 0 1 1
1005955121 42 1 1 1
1005955258 42 1 2 0
1005955765 14 0 1 0
1005956153 41 1 2 3
1005956664 35 1 1 3
1005956727 36 1 4 2
1005956852 41 1 5 3
1005956937 36 1 3 2
1005957105 36 1 1 2
1005957408 43 1 2 0
1005957685 35 1 5 2
1005957696 41 1 4 3
1005957959 40 1 8 0
1005957971 17 0 1 1
1005958031 36 1 1 0
1005958097 36 1 2 2
1005958139 41 1 5 1
1005958327 18 0 1 1
1005958588 41 1 7 3
1005958730 45 1 2 0
1005958851 40 1 1 3
1005959063 36 1 2 3
1005959285 15 0 1 1
1005959340 35 1 5 3
1005959432 41 1 8 3
1005959575 36 1 1 3
1005959622 38 1 1 0
1005959649 16 0 1 1
1005959772 37 1 5 2
1005959881 36 1 2 2
1005959885 42 1 1 0
1005960141 35 1 4 2
1005960361 35 1 5 2
1005960527 16 0 1 0
1005960539 40 1 3 3
1005960645 36 1 2 3
1005960668 39 1 1 0
1005960801 41 1 5 0
1005961103 15 0 1 0
1005961124 35 1 5 3
1005961175 14 0 1 1
1005961276 37 1 1 2
1005961427 36 1 3 3
1005961453 16 0 1 1
1005961573 44 1 1 0
1005961578 23 0 1 1
1005961704 37 1 1 3
1005961981 15 0 1 1
1005962227 40 1 7 3
1005962310 41 1 6 1
1005962331 16 0 1 0
1005962383 35 1 1 2
1005962461 17 0 1 0
1005962738 41 1 6 0
1005962859 15 0 1 0
1005962961 35 1 5 2
1005963346 39 1 2 3
1005963536 37 1 4 3
1005964011 40 1 4 3
1005964013 34 1 1 0
1005964055 36 1 4 3
1005964155 40 1 8 1
1005964316 41 1 2 2
1005964380 28 0 1 0
1005964570 22 0 1 0
1005964596 35 1 1 3
1005964677 15 0 1 1
1005964717 35 1 5 3
1005965045 45 1 1 0
1005965305 18 0 1 0
1005965350 43 1 2 1
1005965536 35 1 4 3
1005965925 40 1 8 0
1005966057 41 1 5 2
1005966453 35 1 5 2
1005966476 35 1 5 3
1005966495 15 0 1 0
1005966570 14 0 1 0
1005967839 36 1 1 1
1005968217 15 0 1 1
1005968251 15 0 1 0
1005968731 36 1 1 2
1005969765 41 1 5 1
1005970261 36 1 3 2
1005970398 41 1 8 2
1005971289 35 1 1 2
1005971295 17 0 1 1
1005971519 39 1 1 1
1005971623 36 1 4 2
1005972071 40 1 7 2
1005972169 36 1 2 2
1005972180 39 1 2 2
1005972327 40 1 8 1
1005973079 18 0 1 1
1005973172 41 1 5 3
1005973213 16 0 1 1
1005973311 34 1 1 1
1005974016 41 1 2 3
1005974048 28 0 1 1
1005974206 36 1 1 0
1005974707 36 1 2 3
1005974825 41 1 1 2
1005974956 41 1 1 3
1005975050 43 1 2 0
1005975551 36 1 3 3
1005975671 36 1 1 3
1005975827 16 0 1 0
1005975859 42 1 2 1
1005975990 42 1 2 0
1005976585 17 0 1 0
1005976658 41 1 7 2
1005976734 37 1 4 2
1005976916 37 1 5 3
1005976998 35 1 4 2
1005977038 41 1 5 2
1005977072 41 1 5 0
1005977273 35 1 5 2
1005977447 41 1 1 2
1005977692 38 1 1 1
1005977738 41 1 2 2
1005977768 22 0 1 1
1005978032 14 0 1 1
1005978072 36 1 1 1
1005978072 35 1 4 3
1005978307 41 1 7 3
1005978332 41 1 2 3
1005978414 39 1 3 2
1005978478 23 0 1 0
1005978481 42 1 2 1
1005978686 35 1 4 2
1005978772 43 1 2 1
1005978904 41 1 8 3
1005978941 15 0 1 1
1005979106 14 0 1 0
1005979341 38 1 1 0
1005979366 43 1 2 0
1005979522 41 1 2 2
1005979720 14 0 1 1
1005979856 35 1 1 3
1005979980 29 0 1 1
1005980068 41 1 2 3
1005980185 39 1 1 0
1005980556 43 1 2 1
1005981029 39 1 1 2
1005981102 43 1 2 0
1005981151 40 1 8 0
1005981151 40 1 7 3
1005981461 35 1 4 3
1005981532 41 1 1 3
1005981640 35 1 5 3
1005981752 39 1 1 3
1005981806 39 1 5 2
1005982111 41 1 8 1
1005982185 34 1 1 0
1005982495 14 0 1 0
1005982566 42 1 2 0
1005982649 36 1 3 2
1005982907 31 0 1 1
1005982929 39 1 3 3
1005982946 41 1 2 2
1005982989 41 1 8 0
1005983037 36 1 2 2
1005983316 41 1 2 3
1005983339 15 0 1 0
1005983683 17 0 1 1
1005984210 43 1 2 1
1005984350 43 1 2 0
1005984570 29 0 1 0
1005984589 16 0 1 1
1005984842 41 1 2 2
1005985160 36 1 1 2
1005985324 41 1 5 3
1005985354 39 1 5 3
1005985405 41 1 7 2
1005985617 41 1 8 2
1005985876 43 1 2 1
1005986074 41 1 8 3
1005986168 41 1 2 3
1005986194 41 1 5 1
1005986249 41 1 7 3
1005986361 36 1 4 3
1005986388 31 0 1 0
1005986439 38 1 1 1
1005986497 39 1 2 3
1005986651 39 1 1 1
1005987074 36 1 1 0
1005987202 43 1 2 0
1005987283 38 1 1 0
1005987424 37 1 5 2
1005987531 28 0 1 0
1005987625 39 1 1 0
1005987987 36 1 3 3
1005988095 18 0 1 0
1005988341 41 1 8 2
1005988762 36 1 2 3
1005989021 17 0 1 0
1005989230 23 0 1 1
1005989395 39 1 1 1
1005989906 41 1 1 2
1005990119 16 0 1 0
1005990296 37 1 4 3
1005990815 41 1 7 2
1005990855 36 1 1 3
1005990940 42 1 2 1
1005991424 41 1 1 3
1005991849 38 1 1 1
1005991858 22 0 1 0
1005991868 41 1 2 2
1005992031 35 1 4 2
1005992328 41 1 5 0
1005992438 41 1 1 2
1005992458 42 1 2 0
1005992711 41 1 7 3
1005992799 39 1 2 2
1005992902 43 1 2 1
1005993065 14 0 1 1
1005993134 33 1 3 2
1005993593 41 1 7 2
1005993745 38 1 1 0
1005994168 5 0 1 1
1005994180 42 1 2 1
1005994266 33 1 5 2
1005994536 28 0 1 1
1005994591 41 1 7 3
1005994627 38 1 1 1
1005994956 41 1 8 3
1005995009 35 1 5 2
1005995625 38 1 1 0
1005995856 7 0 1 1
1005996053 36 1 4 2
1005996327 35 1 1 2
1005996469 39 1 1 0
1005996501 35 1 4 3
1005996561 15 0 1 1
1005996680 41 1 1 3
1005996793 35 1 5 3
1005997765 40 1 8 1
1005997766 33 1 3 3
1005997774 42 1 2 0
1005997807 18 0 1 1
1005997852 39 1 5 2
1005998063 35 1 1 3
1005998205 14 0 1 0
1005998205 39 1 5 3
1005998379 15 0 1 0
1005998428 41 1 2 3
1005998610 33 1 5 3
1005998800 5 0 1 0
1005998886 31 0 1 1
1005999305 36 1 3 2
1005999356 36 1 3 3
1005999428 36 1 1 2
1005999462 43 1 2 0
1005999644 7 0 1 0
1005999835 40 1 8 0
1006000083 31 0 1 0
1006000197 36 1 3 2
1006000339 17 0 1 1
1006000390 17 0 1 0
1006000883 36 1 2 2
1006001078 36 1 2 3
1006001231 17 0 1 1
1006001234 41 1 5 1
1006001773 39 1 2 3
1006002190 37 1 4 2
1006002279 36 1 3 3
1006002305 16 0 1 1
1006002339 16 0 1 0
1006002581 39 1 5 2
1006002677 41 1 8 2
1006002729 36 1 3 2
1006002807 28 0 1 0
1006002907 36 1 3 3
1006002954 39 1 5 3
1006002994 41 1 1 2
1006003042 41 1 2 2
1006003171 36 1 4 3
1006003224 22 0 1 1
1006003313 17 0 1 0
1006003569 41 1 8 3
1006003615 31 0 1 1
1006003732 37 1 1 2
1006003763 17 0 1 1
1006003941 17 0 1 0
1006003988 31 0 1 0
1006004028 42 1 2 1
1006004291 39 1 1 1
1006004358 43 1 2 1
1006004461 41 1 8 2
1006004658 41 1 5 2
1006004712 37 1 5 3
1006004766 41 1 6 1
1006004773 36 1 1 3
1006004833 18 0 1 0
1006005169 39 1 1 0
1006005495 39 1 2 2
1006005692 36 1 1 1
1006006095 39 1 1 1
1006006178 23 0 1 0
1006006476 41 1 5 0
1006006529 28 0 1 1
1006006914 37 1 1 3
1006007031 35 1 1 2
1006007508 35 1 1 3
1006007875 35 1 1 2
1006008265 35 1 5 2
1006008309 41 1 6 0
1006008359 40 1 8 1
1006008400 35 1 5 3
1006009104 41 1 1 3
1006009201 41 1 5 3
1006009237 40 1 8 0
1006009271 40 1 8 1
1006009425 36 1 3 2
1006009803 36 1 2 2
1006009913 15 0 1 1
1006009947 15 0 1 0
1006010049 35 1 5 2
1006010056 36 1 1 2
1006010138 42 1 2 0
1006010184 35 1 5 3
1006010245 36 1 4 2
1006010302 33 1 5 2
1006010459 17 0 1 1
1006010820 33 1 3 2
1006010941 35 1 5 2
1006011030 36 1 1 0
1006011030 36 1 2 3
1006011076 35 1 1 3
1006011090 41 1 5 1
1006011227 35 1 4 2
1006011245 16 0 1 1
1006011270 33 1 3 3
1006011336 7 0 1 1
1006011765 15 0 1 1
1006011799 15 0 1 0
1006011955 18 0 1 1
1006012110 40 1 8 0
1006012116 5 0 1 1
1006012219 16 0 1 0
1006012261 14 0 1 1
1006012304 5 0 1 0
1006012479 36 1 2 2
1006012677 15 0 1 1
1006012718 36 1 2 3
1006013352 33 1 3 2
1006013517 41 1 2 3
1006013610 36 1 3 3
1006013989 16 0 1 1
1006014071 16 0 1 0
1006014361 41 1 8 3
1006014386 5 0 1 1
1006014551 43 1 2 0
1006014562 41 1 1 2
1006014644 17 0 1 0
1006015440 35 1 4 3
1006015454 41 1 5 2
1006015490 33 1 5 3
1006015596 42 1 2 1
1006015642 35 1 1 2
1006015644 39 1 1 0
1006015699 36 1 1 3
1006015983 34 1 5 2
1006016224 36 1 4 3
1006016474 14 0 1 0
1006016488 36 1 1 1
1006016524 7 0 1 0
1006016783 34 1 1 2
1006016783 40 1 8 1
1006017033 34 1 3 2
1006017176 41 1 5 0
1006017200 37 1 4 3
1006017488 41 1 8 2
1006017645 11 0 1 1
1006017675 34 1 1 3
1006017817 40 1 7 1
1006018022 33 1 3 3
1006018067 9 0 1 1
1006018083 41 1 2 2
1006018089 18 0 1 0
1006018164 35 1 5 3
1006018234 22 0 1 0
1006018368 39 1 2 3
1006018678 37 1 5 2
1006019042 41 1 1 3
1006019056 5 0 1 0
1006019102 39 1 1 1
1006019381 40 1 7 0
1006019402 28 0 1 0
1006019895 15 0 1 0
1006019905 23 0 1 1
1006019946 43 1 2 1
1006020076 42 1 2 0
1006020509 41 1 5 3
1006020792 35 1 1 3
1006020839 36 1 4 2
1006021445 34 1 5 3
1006021574 41 1 8 3
1006021600 36 1 3 2
1006021730 36 1 1 0
1006021932 40 1 8 0
1006021954 34 1 3 3
1006022391 18 0 1 1
1006022574 36 1 1 2
1006022634 17 0 1 1
1006022752 39 1 1 0
1006022934 39 1 2 2
1006022962 33 1 5 2
1006022986 39 1 3 2
1006022988 9 0 1 0
1006023051 36 1 2 2
1006023103 11 0 1 0
1006023452 36 1 2 3
1006023608 41 1 5 1
1006023930 33 1 5 3
1006023968 28 0 1 1
1006023971 36 1 1 3
1006024112 29 0 1 1
1006024466 7 0 1 1
1006024573 39 1 3 3
1006024650 33 1 5 2
1006024713 16 0 1 1
1006024747 16 0 1 0
1006024964 7 0 1 0
1006025154 36 1 1 2
1006025166 35 1 4 2
1006025304 36 1 4 3
1006025330 41 1 5 0
1006025684 7 0 1 1
1006025882 29 0 1 0
1006026072 37 1 5 3
1006026304 41 1 5 1
1006026423 36 1 1 3
1006026462 33 1 5 3
1006026513 41 1 2 3
1006026534 35 1 1 2
1006026580 14 0 1 1
1006026585 36 1 3 3
1006026693 18 0 1 0
1006027182 33 1 5 2
1006027272 41 1 8 2
1006027496 7 0 1 0
1006027547 43 1 2 0
1006027619 17 0 1 0
1006027703 23 0 1 0
1006027888 40 1 8 1
1006028026 41 1 5 0
1006028150 33 1 5 3
1006028152 39 1 2 3
1006028216 7 0 1 1
1006028720 41 1 1 2
1006028958 39 1 1 1
1006029186 28 0 1 0
1006029241 38 1 3 2
1006029340 33 1 3 2
1006029530 7 0 1 0
1006029754 42 1 2 1
1006029810 41 1 5 2
1006029889 41 1 5 3
1006030235 41 1 2 2
1006030275 25 0 1 1
1006030453 37 1 5 2
1006030518 35 1 4 3
1006030580 37 1 5 3
1006030654 41 1 5 2
1006030682 33 1 3 3
1006030840 37 1 4 2
1006030847 36 1 1 1
1006030984 5 0 1 1
1006031013 34 1 5 2
1006031030 39 1 2 2
1006031198 39 1 3 2
1006031269 43 1 2 1
1006031325 39 1 3 3
1006031388 33 1 5 2
1006031501 23 0 1 1
1006031546 41 1 5 3
1006031552 14 0 1 0
1006031685 41 1 2 3
1006031691 36 1 1 2
1006031716 5 0 1 0
1006031721 41 1 8 3
1006031725 36 1 1 0
1006031759 36 1 1 1
1006031874 22 0 1 1
1006031919 36 1 1 3
1006032064 28 0 1 1
1006032119 36 1 4 2
1006032381 39 1 5 2
1006032422 7 0 1 1
1006032436 35 1 1 3
1006032438 41 1 5 2
1006032441 23 0 1 0
1006032563 41 1 1 3
1006032600 38 1 2 2
1006032620 29 0 1 1
1006032651 36 1 1 2
1006032654 29 0 1 0
1006032685 36 1 1 0
1006032716 33 1 3 2
1006032725 41 1 5 1
1006032729 11 0 1 1
1006032859 36 1 4 3
1006032885 38 1 3 3
1006032934 39 1 3 2
1006033272 34 1 3 2
1006033308 39 1 1 0
1006033379 43 1 2 0
1006033470 40 1 8 0
1006033512 31 0 1 1
1006033563 36 1 1 1
1006033597 42 1 2 0
1006033603 41 1 5 0
1006033671 18 0 1 1
1006033685 41 1 5 1
1006033903 36 1 4 2
1006033919 25 0 1 0
1006033968 29 0 1 1
1006034253 41 1 5 3
1006034306 9 0 1 1
1006034379 24 0 1 1
1006034549 18 0 1 0
1006034558 5 0 1 1
1006035188 39 1 3 3
1006035427 18 0 1 1
1006035481 36 1 1 0
1006035746 33 1 5 3
1006035861 34 1 5 3
1006036874 29 0 1 0
1006036895 11 0 1 0
1006036959 41 1 2 2
1006037146 34 1 3 3
1006037153 38 1 2 3
1006037155 36 1 3 2
1006037188 7 0 1 0
1006037828 41 1 8 2
1006037973 41 1 1 2
1006037993 43 1 2 1
1006038077 39 1 5 3
1006038187 24 0 1 0
1006038189 17 0 1 1
1006038460 35 1 4 2
1006038653 35 1 5 2
1006038680 35 1 4 3
1006038863 9 0 1 0
1006038899 39 1 1 1
1006039007 42 1 2 1
1006039055 36 1 4 3
1006039122 33 1 3 3
1006039352 35 1 4 2
1006039494 14 0 1 1
1006039714 14 0 1 0
1006039774 35 1 1 2
1006039803 31 0 1 0
1006039947 36 1 1 3
1006040156 5 0 1 0
1006040386 14 0 1 1
1006040392 37 1 4 3
1006040422 35 1 1 3
1006040530 15 0 1 1
1006040609 36 1 3 3
1006040717 18 0 1 0
1006040759 35 1 4 3
1006040808 40 1 8 1
1006041088 35 1 4 2
1006041426 22 0 1 0
1006041462 35 1 1 2
1006041643 17 0 1 0
1006041759 40 1 8 0
1006041819 41 1 5 0
1006042237 38 1 3 2
1006042496 14 0 1 0
1006042578 14 0 1 1
1006042637 40 1 8 1
1006043050 35 1 4 3
1006043188 35 1 1 3
1006043266 33 1 5 2
1006043271 25 0 1 1
1006043603 35 1 1 2
1006044001 37 1 5 2
1006044328 14 0 1 0
1006044359 40 1 8 0
1006044637 40 1 8 1
1006044722 7 0 1 1
1006044989 34 1 3 2
1006045243 41 1 5 2
1006045376 33 1 3 2
1006045586 34 1 3 3
1006045773 23 0 1 1
1006045816 35 1 1 3
1006045833 34 1 3 2
1006045874 33 1 3 3
1006046023 9 0 1 1
1006046265 41 1 2 3
1006046373 36 1 1 1
1006046410 5 0 1 1
1006046485 38 1 3 3
1006046501 41 1 8 3
1006046620 9 0 1 0
1006046867 9 0 1 1
1006046908 5 0 1 0
1006046939 34 1 2 2
1006047016 35 1 4 2
1006047129 34 1 5 2
1006047159 40 1 8 0
1006047205 41 1 1 3
1006047299 43 1 2 0
1006047414 35 1 4 3
1006047441 41 1 5 3
1006047519 25 0 1 0
1006047535 39 1 1 0
1006047535 39 1 2 3
1006047538 37 1 4 2
1006047562 33 1 5 3
1006047783 34 1 2 3
1006048050 14 0 1 1
1006048163 11 0 1 1
1006048239 42 1 2 0
1006048395 8 0 1 1
1006048448 14 0 1 0
1006048492 35 1 5 3
1006048569 28 0 1 0
1006048572 22 0 1 1
1006048596 7 0 1 0
1006048819 36 1 4 2
1006049083 36 1 1 0
1006049213 34 1 5 3
1006049321 8 0 1 0
1006050184 15 0 1 0
1006050525 18 0 1 1
1006050601 11 0 1 0
1006050633 38 1 2 2
1006050819 36 1 1 2
1006051494 34 1 3 3
1006051538 37 1 4 3
1006051667 24 0 1 1
1006051901 41 1 5 1
1006052176 33 1 5 2
1006052528 9 0 1 0
1006052567 41 1 2 2
1006052572 22 0 1 0
1006052851 41 1 8 2
1006052972 35 1 4 2
1006053224 7 0 1 1
1006053370 37 1 5 3
1006053601 43 1 2 1
1006053885 39 1 1 1
1006054006 14 0 1 1
1006054351 41 1 1 2
1006054549 23 0 1 0
1006054601 41 1 7 2
1006054640 35 1 4 3
1006054708 33 1 3 2
1006054911 35 1 1 2
1006055158 33 1 5 3
1006055467 42 1 2 1
1006055525 39 1 2 2
1006055552 35 1 4 2
1006055635 38 1 1 1
1006055674 14 0 1 0
1006055756 5 0 1 1
1006055865 38 1 2 3
1006055983 40 1 8 1
1006056003 36 1 4 3
1006056192 7 0 1 0
1006056376 35 1 1 3
1006056559 28 0 1 1
1006056649 41 1 7 3
1006056695 35 1 1 2
1006056885 14 0 1 1
1006056895 36 1 1 3
1006056899 24 0 1 0
1006057041 18 0 1 0
1006057220 35 1 4 3
1006057410 40 1 8 0
1006057683 38 1 1 0
1006057729 40 1 8 1
1006057857 41 1 5 2
1006058362 35 1 4 2
1006058573 14 0 1 0
1006058636 37 1 4 2
1006058735 41 1 5 0
1006058891 36 1 1 1
1006059004 35 1 1 3
1006059396 14 0 1 1
1006059660 39 1 3 2
1006059670 22 0 1 1
1006059961 38 1 3 2
1006060038 40 1 8 0
1006060694 29 0 1 1
1006060805 39 1 5 2
1006060995 25 0 1 1
1006061066 33 1 3 3
1006061363 41 1 8 3
1006061987 31 0 1 1
1006062179 5 0 1 0
1006062255 41 1 1 3
1006062405 36 1 4 2
1006062524 35 1 4 3
1006062675 39 1 1 0
1006063017 41 1 2 3
1006063091 36 1 3 2
1006063143 36 1 2 2
1006063173 36 1 2 3
1006063207 36 1 1 2
1006063289 42 1 2 0
1006063558 14 0 1 0
1006063861 41 1 5 3
1006064051 43 1 2 0
1006064125 17 0 1 1
1006064173 18 0 1 1
1006064273 41 1 5 1
1006064387 37 1 5 2
1006064969 16 0 1 1
1006064977 36 1 1 0
1006065003 16 0 1 0
1006065085 39 1 5 3
1006065245 38 1 3 3
1006065361 39 1 2 3
1006065445 23 0 1 1
1006065929 39 1 3 3
1006066119 31 0 1 0
1006066279 25 0 1 0
1006066314 35 1 5 2
1006066395 28 0 1 0
1006066597 37 1 1 2
1006066963 29 0 1 0
1006067605 36 1 3 3
1006067751 41 1 6 1
1006067770 15 0 1 1
1006068093 37 1 5 3
1006068097 41 1 8 2
1006068367 37 1 1 3
1006068523 41 1 2 2
1006069249 38 1 2 2
1006069331 39 1 1 1
1006069367 23 0 1 0
1006069389 36 1 4 3
1006069426 37 1 4 3
1006069449 41 1 1 2
1006069481 17 0 1 0
1006069557 43 1 2 1
1006069718 35 1 4 2
1006069777 38 1 2 3
1006069852 35 1 4 3
1006069905 41 1 6 0
1006070283 24 0 1 1
1006070460 22 0 1 0
1006070483 42 1 2 1
1006070744 35 1 5 3
1006070985 38 1 2 2
1006071051 14 0 1 1
1006071085 14 0 1 0
1006071103 18 0 1 0
1006071187 36 1 1 3
1006071233 41 1 5 2
1006071515 24 0 1 0
1006071615 39 1 2 2
1006071621 41 1 7 2
1006072019 24 0 1 1
1006072168 15 0 1 0
1006072267 36 1 1 1
1006072649 28 0 1 1
1006072655 38 1 1 1
1006073051 41 1 5 0
1006075623 37 1 5 2
1006076141 38 1 3 2
1006076571 41 1 2 3
1006077175 25 0 1 1
1006077195 23 0 1 1
1006077325 36 1 4 2
1006077415 41 1 1 3
1006077605 43 1 2 0
1006077789 41 1 5 3
1006078139 36 1 3 2
1006078254 35 1 4 2
1006078260 37 1 4 2
1006078293 41 1 8 3
1006078394 37 1 4 3
1006078449 42 1 2 0
1006078681 41 1 7 3
1006079125 18 0 1 1
1006079173 17 0 1 1
1006079259 36 1 1 2
1006079288 14 0 1 1
1006079293 36 1 1 0
1006079294 22 0 1 1
1006079319 39 1 5 2
1006079327 39 1 1 0
1006079428 22 0 1 0
1006079715 38 1 1 0
1006079785 38 1 2 3
1006079948 37 1 4 2
1006080091 36 1 2 2
1006080293 41 1 5 1
1006080353 31 0 1 1
1006080974 37 1 5 3
1006080982 22 0 1 1
1006081189 16 0 1 1
1006081643 24 0 1 0
1006082441 23 0 1 0
1006082809 39 1 5 3
1006082813 36 1 2 3
1006082825 41 1 2 2
1006083587 39 1 2 3
1006083743 41 1 8 2
1006083838 35 1 5 2
1006083843 31 0 1 0
1006083851 16 0 1 0
1006083859 43 1 2 1
1006084005 38 1 3 3
1006084076 35 1 4 3
1006084501 36 1 3 3
1006084621 28 0 1 0
1006085039 25 0 1 0
1006085221 39 1 1 1
1006085357 41 1 1 2
1006085393 36 1 4 3
1006085486 15 0 1 1
1006085535 17 0 1 0
1006085622 35 1 5 3
1006085669 14 0 1 0
1006086345 41 1 5 2
1006086391 42 1 2 1
1006086427 18 0 1 0
1006086469 41 1 5 3
1006087304 15 0 1 0
1006087359 36 1 1 3
1006087379 36 1 1 1
1006087503 36 1 1 0
1006088153 39 1 2 2
1006089007 41 1 5 0
1006089187 28 0 1 1
1006089851 41 1 5 2
1006089942 37 1 4 3
1006090051 39 1 5 2
1006090843 41 1 5 3
1006090885 36 1 1 1
1006090976 22 0 1 0
1006091289 38 1 2 2
1006091421 31 0 1 1
1006092323 24 0 1 1
1006092607 36 1 1 0
1006092716 35 1 5 2
1006092852 35 1 5 3
1006093391 41 1 2 3
1006094330 15 0 1 1
1006094364 15 0 1 0
1006094379 41 1 8 3
1006094425 43 1 2 0
1006094500 35 1 5 2
1006094684 35 1 5 3
1006094907 37 1 5 2
1006095223 41 1 1 3
1006095469 39 1 5 3
1006095917 38 1 2 3
1006096090 37 1 5 3
1006096097 39 1 1 0
1006096107 36 1 4 2
1006096111 35 1 4 2
1006096230 15 0 1 1
1006096264 15 0 1 0
1006096284 35 1 5 2
1006096420 35 1 5 3
1006096435 23 0 1 1
1006096589 38 1 3 2
1006096691 37 1 5 2
1006096773 31 0 1 0
1006096941 42 1 2 0
1006096951 24 0 1 0
1006097145 14 0 1 1
1006097176 35 1 5 2
1006097313 23 0 1 0
1006097603 36 1 3 2
1006097623 25 0 1 1
1006097863 36 1 3 3
1006097889 18 0 1 1
1006098082 15 0 1 1
1006098116 15 0 1 0
1006098287 23 0 1 1
1006098637 17 0 1 1
1006098753 35 1 2 2
1006098753 35 1 5 3
1006098776 37 1 4 2
1006098803 36 1 1 2
1006098897 17 0 1 0
1006098968 35 1 2 3
1006098994 15 0 1 1
1006099617 39 1 2 3
1006099810 22 0 1 1
1006099968 15 0 1 0
1006100034 12 0 1 1
1006100116 12 0 1 0
1006100585 41 1 5 1
1006100651 28 0 1 0
1006100696 35 1 5 2
1006100852 35 1 5 3
1006101429 35 1 2 2
1006101826 35 1 5 2
1006101873 38 1 3 3
1006101882 15 0 1 1
1006101890 35 1 2 3
1006101916 15 0 1 0
1006102331 36 1 4 3
1006102734 35 1 4 3
1006102778 12 0 1 1
1006102890 15 0 1 1
1006102907 25 0 1 0
1006103053 41 1 1 2
1006103704 12 0 1 0
1006103768 14 0 1 0
1006104023 18 0 1 0
1006104087 42 1 2 1
1006104118 37 1 5 3
1006105265 23 0 1 0
1006105332 35 1 5 3
1006105552 41 1 2 2
1006105825 41 1 8 2
1006106396 15 0 1 0
1006106586 43 1 2 1
1006106791 36 1 1 3
1006106813 38 1 3 2
1006107475 38 1 2 2
1006107511 39 1 1 1
1006107734 37 1 4 3
1006107847 25 0 1 1
1006108224 35 1 2 2
1006108451 39 1 2 2
1006108455 41 1 5 0
1006108699 24 0 1 1
1006108768 22 0 1 0
1006108964 35 1 2 3
1006109116 35 1 2 2
1006109485 28 0 1 1
1006109790 12 0 1 1
1006110239 41 1 1 3
1006110409 38 1 3 3
1006110700 35 1 2 3
1006110764 12 0 1 0
1006110798 12 0 1 1
1006110965 41 1 2 3
1006111035 41 1 5 2
1006111273 42 1 2 0
1006111443 25 0 1 0
1006111709 39 1 5 2
1006111809 41 1 5 3
1006111999 43 1 2 0
1006112117 36 1 1 1
1006112568 12 0 1 0
1006112653 41 1 8 3
1006112743 31 0 1 1
1006112995 36 1 1 0
1006113017 36 1 4 2
1006113193 39 1 5 3
1006113352 35 1 4 2
1006113493 39 1 5 2
1006113687 39 1 1 0
1006114277 31 0 1 0
1006114527 31 0 1 1
1006114569 18 0 1 1
1006114627 36 1 3 2
1006114677 38 1 2 3
1006114771 36 1 3 3
1006115035 14 0 1 1
1006115661 17 0 1 1
1006115671 36 1 1 2
1006115711 24 0 1 0
1006115725 39 1 5 3
1006115805 17 0 1 0
1006116315 36 1 3 2
1006116651 36 1 3 3
1006117174 35 1 5 2
1006117309 31 0 1 0
1006117349 17 0 1 1
1006117501 41 1 5 1
1006117685 17 0 1 0
1006118099 39 1 2 3
1006118277 41 1 1 2
1006118351 38 1 3 2
1006118435 36 1 4 3
1006118774 15 0 1 1
1006119133 28 0 1 0
1006119196 37 1 4 2
1006119257 35 1 1 2
1006119311 42 1 2 1
1006119333 41 1 5 2
1006119378 37 1 4 3
1006119385 25 0 1 1
1006119740 35 1 5 3
1006119811 18 0 1 0
1006120040 37 1 4 2
1006120230 22 0 1 1
1006120367 36 1 1 1
1006120412 22 0 1 0
1006120915 41 1 2 2
1006120956 40 1 8 1
1006121074 22 0 1 1
1006121251 37 1 5 2
1006121436 15 0 1 0
1006121476 35 1 4 3
1006121679 41 1 8 2
1006121949 43 1 2 1
1006122006 37 1 5 3
1006122285 23 0 1 1
1006122510 14 0 1 0
1006123163 36 1 3 2
1006123349 39 1 1 1
1006123453 36 1 4 2
1006123473 23 0 1 0
1006124057 38 1 3 3
1006124197 17 0 1 1
1006124679 36 1 1 3
1006125091 25 0 1 0
1006125101 18 0 1 1
1006125317 37 1 5 2
1006125713 41 1 5 0
1006125793 41 1 5 3
1006125888 35 1 1 3
1006126207 39 1 5 2
1006126637 41 1 1 3
1006127075 23 0 1 1
1006127241 31 0 1 1
1006127547 40 1 8 0
1006127591 36 1 1 0
1006127633 36 1 2 2
1006127671 42 1 2 0
1006127777 39 1 2 2
1006127806 35 1 2 2
1006128167 39 1 3 2
1006128233 38 1 2 2
1006128423 41 1 8 3
1006128483 36 1 3 3
1006128513 36 1 2 3
1006128811 28 0 1 1
1006129233 16 0 1 1
1006129260 35 1 2 3
1006129267 24 0 1 1
1006129315 41 1 2 3
1006129457 39 1 1 0
1006129517 17 0 1 0
1006129550 12 0 1 1
1006129701 29 0 1 1
1006130082 37 1 4 3
1006130159 16 0 1 0
1006130301 39 1 3 3
1006130349 43 1 2 0
1006130434 35 1 2 2
1006130524 12 0 1 0
1006130917 39 1 5 3
1006130926 37 1 5 3
1006131063 36 1 4 3
1006131116 22 0 1 0
1006131230 35 1 2 3
1006131374 35 1 2 2
1006131471 29 0 1 0
1006131498 12 0 1 1
1006131936 35 1 2 3
1006131951 31 0 1 0
1006131998 35 1 4 2
1006132037 39 1 2 3
1006132143 23 0 1 0
1006132223 18 0 1 0
1006132382 35 1 2 2
1006132424 12 0 1 0
1006132458 12 0 1 1
1006132828 35 1 2 3
1006133053 14 0 1 1
1006133071 28 0 1 0
1006133336 12 0 1 0
1006133418 12 0 1 1
1006134296 12 0 1 0
1006135782 35 1 5 2
1006135969 38 1 2 3
1006136020 35 1 5 3
1006136336 37 1 4 2
1006136629 37 1 5 2
1006137131 35 1 1 2
1006137207 41 1 1 2
1006137247 41 1 1 3
1006137347 24 0 1 0
1006137353 41 1 2 2
1006137355 36 1 1 2
1006137370 22 0 1 1
1006137382 15 0 1 1
1006137416 15 0 1 0
1006137566 35 1 5 2
1006137581 38 1 3 2
1006137745 23 0 1 1
1006137756 35 1 5 3
1006138023 35 1 1 3
1006138051 41 1 1 2
1006138163 41 1 5 2
1006138165 40 1 8 1
1006138221 41 1 2 3
1006138241 42 1 2 1
1006138281 42 1 2 0
1006138387 43 1 2 1
1006138615 25 0 1 1
1006138648 35 1 4 3
1006138806 41 1 2 2
1006139085 42 1 2 1
1006139089 41 1 5 1
1006139186 15 0 1 1
1006139220 15 0 1 0
1006139221 36 1 1 1
1006139255 43 1 2 0
1006139350 35 1 5 2
1006139492 35 1 5 3
1006139612 40 1 8 0
1006139711 35 1 1 2
1006139729 41 1 2 3
1006139840 43 1 2 1
1006139901 14 0 1 0
1006140311 36 1 4 2
1006140432 35 1 1 3
1006140701 36 1 3 2
1006140745 40 1 8 1
1006140763 43 1 2 0
1006140921 41 1 8 2
1006141038 15 0 1 1
1006141072 15 0 1 0
1006141466 40 1 8 0
1006141678 37 1 4 3
1006141733 18 0 1 1
1006141735 17 0 1 1
1006141813 41 1 8 3
1006142398 35 1 2 2
1006142531 41 1 1 3
1006142605 39 1 1 1
1006142712 22 0 1 0
1006142753 41 1 8 2
1006143483 39 1 1 0
1006143501 41 1 8 3
1006143565 42 1 2 0
1006143565 38 1 3 3
1006143597 41 1 8 2
1006144141 41 1 5 3
1006144142 12 0 1 1
1006144158 41 1 2 2
1006144306 37 1 5 3
1006144371 36 1 1 3
1006144409 39 1 1 1
1006144599 25 0 1 0
1006144654 35 1 5 2
1006145175 36 1 1 0
1006145192 43 1 2 1
1006145335 39 1 1 0
1006145369 39 1 1 1
1006145405 41 1 5 0
1006145615 23 0 1 0
1006145829 41 1 2 3
1006146107 36 1 3 3
1006146219 41 1 8 3
1006146458 15 0 1 1
1006146614 35 1 5 3
1006146863 43 1 2 0
1006147141 17 0 1 0
1006147330 35 1 5 2
1006147406 35 1 2 3
1006147935 39 1 1 0
1006148276 15 0 1 0
1006148384 35 1 5 3
1006148406 15 0 1 1
1006148492 12 0 1 0
1006148791 36 1 4 3
1006148824 37 1 4 2
1006149858 22 0 1 1
1006149951 18 0 1 0
1006150176 15 0 1 0
1006150465 38 1 2 2
1006150487 35 1 4 2
1006151499 24 0 1 1
1006151521 14 0 1 1
1006152649 36 1 1 2
1006153243 36 1 1 3
1006154189 41 1 5 1
1006154385 36 1 1 2
1006155058 37 1 4 3
1006155067 41 1 5 0
1006155573 38 1 2 3
1006155993 41 1 5 1
1006156092 22 0 1 0
1006156312 35 1 4 3
1006156607 24 0 1 0
1006156629 36 1 3 2
1006156987 40 1 4 2
1006157051 36 1 4 2
1006157573 36 1 3 3
1006157628 14 0 1 0
1006157663 17 0 1 1
1006158021 45 1 1 1
1006158372 40 1 4 3
1006158607 17 0 1 0
1006158727 18 0 1 1
1006158777 38 1 3 2
1006159406 45 1 1 0
1006159624 37 1 4 2
1006159811 25 0 1 1
1006160379 36 1 1 3
1006160658 22 0 1 1
1006161153 41 1 5 2
1006161375 41 1 8 2
1006161601 37 1 5 2
1006162079 41 1 5 0
1006162187 36 1 1 1
1006162297 41 1 8 3
1006162989 39 1 1 1
1006163141 41 1 5 3
1006163391 23 0 1 1
1006164011 39 1 1 0
1006164109 38 1 3 3
1006164743 36 1 4 3
1006164849 36 1 1 0
1006164985 37 1 1 2
1006165143 25 0 1 0
1006165563 36 1 3 2
1006165683 36 1 3 3
1006166155 41 1 6 1
1006166410 40 1 4 2
1006166597 17 0 1 1
1006166597 18 0 1 0
1006166606 37 1 1 3
1006166717 17 0 1 0
1006167452 45 1 1 1
1006167498 37 1 4 3
1006167640 41 1 6 0
1006168532 22 0 1 0
1006169831 36 1 3 2
1006169865 36 1 3 3
1006169950 35 1 4 2
1006170174 37 1 5 3
1006170488 35 1 4 3
1006170842 35 1 4 2
1006170865 17 0 1 1
1006170899 17 0 1 0
1006170924 35 1 4 3
1006171057 41 1 5 2
1006171227 23 0 1 0
1006171464 40 1 4 3
1006171567 36 1 3 2
1006171714 14 0 1 1
1006171748 14 0 1 0
1006171927 36 1 3 3
1006172112 37 1 4 2
1006172241 36 1 1 1
1006172411 36 1 3 2
1006172498 45 1 1 0
1006172601 17 0 1 1
1006172626 14 0 1 1
1006172660 14 0 1 0
1006172961 17 0 1 0
1006173146 22 0 1 1
1006173807 36 1 4 2
1006173987 17 0 1 1
1006174869 37 1 5 2
1006174948 37 1 2 2
1006175455 18 0 1 1
1006175903 23 0 1 1
1006176339 36 1 3 3
1006176462 37 1 5 3
1006176464 41 1 5 3
1006176617 36 1 2 2
1006176618 20 0 1 1
1006176653 37 1 5 2
1006177310 37 1 5 3
1006177373 17 0 1 0
1006177593 36 1 1 0
1006177837 23 0 1 0
1006177871 23 0 1 1
1006177927 36 1 2 3
1006178265 16 0 1 1
1006178308 37 1 1 2
1006178797 23 0 1 0
1006179094 37 1 4 3
1006179143 16 0 1 0
1006179152 37 1 1 3
1006179293 36 1 2 2
1006179513 41 1 7 2
1006179550 41 1 6 1
1006179918 41 1 1 2
1006180128 22 0 1 0
1006180235 36 1 1 2
1006180250 40 1 4 2
1006180341 41 1 5 2
1006180459 36 1 2 3
1006180524 41 1 6 0
1006180547 38 1 1 1
1006180952 42 1 2 1
1006180961 16 0 1 1
1006181001 36 1 2 2
1006181284 45 1 1 1
1006181303 36 1 1 3
1006181797 36 1 3 2
1006181861 36 1 4 3
1006181887 16 0 1 0
1006182053 36 1 1 1
1006182111 41 1 5 1
1006182181 36 1 2 3
1006182212 41 1 7 3
1006182831 17 0 1 1
1006182861 16 0 1 1
1006183037 41 1 5 0
1006183181 18 0 1 0
1006183246 38 1 1 0
1006183787 16 0 1 0
1006183885 36 1 1 2
1006184552 37 1 4 2
1006184792 41 1 5 3
1006184919 41 1 5 1
1006185586 22 0 1 1
1006186011 41 1 1 3
1006186523 36 1 2 2
1006186603 36 1 1 0
1006186603 36 1 3 3
1006187045 42 1 2 0
1006187424 40 1 4 3
1006187447 36 1 2 3
1006187637 17 0 1 0
1006188185 16 0 1 1
1006188458 45 1 1 0
1006188525 37 1 5 2
1006188559 36 1 4 2
1006189063 16 0 1 0
1006189199 36 1 2 2
1006189291 37 1 5 3
1006189559 23 0 1 1
1006189977 36 1 1 3
1006190013 36 1 2 3
1006190154 41 1 7 2
1006190255 18 0 1 1
1006190309 37 1 5 2
1006190375 41 1 7 3
1006190577 41 1 1 2
1006190927 41 1 8 2
1006190929 16 0 1 1
1006190979 41 1 5 2
1006190998 41 1 7 2
1006191013 41 1 5 0
1006191013 41 1 8 3
1006191142 23 0 1 0
1006191188 38 1 1 1
1006191409 38 1 1 0
1006191844 37 1 1 2
1006191855 16 0 1 0
1006191960 37 1 1 3
1006192013 36 1 1 1
1006192020 23 0 1 1
1006192032 38 1 1 1
1006192032 42 1 2 1
1006192060 40 1 7 2
1006192253 39 1 1 1
1006192287 39 1 1 0
1006193079 41 1 6 1
1006193113 41 1 6 0
1006193263 34 1 1 1
1006193318 37 1 2 3
1006193603 41 1 8 2
1006193620 40 1 7 3
1006193689 41 1 8 3
1006193800 40 1 7 2
1006194190 41 1 2 2
1006194258 37 1 4 3
1006194352 20 0 1 0
1006194570 40 1 4 2
1006194911 40 1 4 3
1006195033 34 1 1 0
1006195067 34 1 1 1
1006195093 39 1 1 1
1006195127 39 1 1 0
1006195224 43 1 2 1
1006195292 22 0 1 0
1006195339 41 1 8 2
1006195452 40 1 7 3
1006195623 45 1 1 1
1006195643 41 1 6 2
1006195945 45 1 1 0
1006195993 41 1 6 3
1006196090 37 1 5 3
1006196281 36 1 3 2
1006196789 34 1 1 0
1006196945 39 1 1 1
1006196981 41 1 1 3
1006197113 41 1 8 3
1006197124 23 0 1 0
1006197221 36 1 1 2
1006197230 37 1 1 1
1006197233 36 1 2 2
1006197264 37 1 1 0
1006197300 41 1 5 3
1006197315 17 0 1 1
1006197839 36 1 1 3
1006197859 41 1 7 3
1006198015 42 1 2 0
1006198255 41 1 5 1
1006198277 16 0 1 1
1006198824 37 1 4 2
1006198859 39 1 1 0
1006198873 41 1 5 0
1006198893 38 1 1 0
1006198931 41 1 2 3
1006198957 36 1 1 2
1006198968 37 1 5 2
1006198991 36 1 1 0
1006199013 36 1 4 3
1006199965 43 1 2 0
1006199991 41 1 5 1
1006200002 23 0 1 1
1006200036 37 1 1 2
1006200137 22 0 1 1
1006200502 37 1 5 3
1006200561 18 0 1 0
1006200749 36 1 1 3
1006201393 36 1 3 3
1006201498 41 1 6 1
1006201653 36 1 2 3
1006201914 23 0 1 0
1006202427 17 0 1 0
1006202488 37 1 1 3
1006202571 41 1 5 2
1006202653 41 1 5 0
1006203519 16 0 1 0
1006203605 36 1 1 1
1006204208 41 1 6 0
1006204271 41 1 8 2
1006204389 41 1 8 3
1006204971 41 1 1 2
1006205115 41 1 5 3
1006205233 41 1 5 2
1006205257 41 1 2 2
1006205933 39 1 1 1
1006205959 36 1 3 2
1006205978 41 1 5 3
1006206005 42 1 2 1
1006206015 39 1 1 0
1006206227 41 1 2 3
1006206267 36 1 1 0
1006206301 36 1 1 1
1006206448 37 1 5 2
1006206831 36 1 4 2
1006206978 43 1 2 1
1006206993 17 0 1 1
1006207227 36 1 1 0
1006207482 23 0 1 1
1006207740 37 1 1 2
1006207856 43 1 2 0
1006207991 36 1 3 3
1006208099 18 0 1 1
1006208348 37 1 2 2
1006208530 37 1 4 3
1006208618 37 1 5 3
1006209025 17 0 1 0
1006209028 37 1 5 2
1006209177 41 1 7 2
1006209438 37 1 5 3
1006209546 41 1 6 1
1006209618 20 0 1 1
1006209666 23 0 1 0
1006210211 38 1 1 1
1006210226 22 0 1 0
1006210368 37 1 1 3
1006210841 23 0 1 1
1006210923 23 0 1 0
1006211211 41 1 1 3
1006211319 41 1 2 2
1006211621 36 1 2 2
1006212125 36 1 4 3
1006212208 41 1 6 0
1006212208 41 1 2 3
1006212245 42 1 2 0
1006212308 40 1 4 2
1006212341 36 1 2 3
1006212353 43 1 2 1
1006213125 16 0 1 1
1006213341 18 0 1 0
1006213341 40 1 4 3
1006213342 45 1 1 1
1006213625 43 1 2 0
1006214003 16 0 1 0
1006214375 45 1 1 0
1006214423 41 1 5 2
1006214788 41 1 5 3
1006215267 41 1 5 2
1006215457 36 1 1 1
1006215520 40 1 7 2
1006215556 37 1 4 2
1006215618 37 1 2 3
1006216318 40 1 7 3
1006216383 36 1 1 0
1006216417 36 1 1 1
1006216590 22 0 1 1
1006216707 41 1 7 3
1006216718 37 1 4 3
1006216870 20 0 1 0
1006217003 34 1 1 1
1006217244 37 1 4 2
1006217561 41 1 1 2
1006217741 38 1 1 0
1006217881 34 1 1 0
1006217977 22 0 1 0
1006218153 36 1 1 2
1006218278 22 0 1 1
1006218441 36 1 1 3
1006218561 36 1 3 2
1006218767 36 1 4 2
1006218881 42 1 2 1
1006219056 41 1 5 3
1006219187 41 1 5 1
1006219442 37 1 5 2
1006219475 41 1 5 0
1006219595 17 0 1 1
1006219620 37 1 2 2
1006220126 37 1 2 3
1006220200 36 1 1 0
1006220319 18 0 1 1
1006220653 23 0 1 1
1006220654 20 0 1 1
1006221595 37 1 4 3
1006221934 20 0 1 0
1006221963 41 1 1 3
1006222791 36 1 3 3
1006222997 42 1 2 0
1006223330 22 0 1 0
1006223742 37 1 5 3
1006223983 17 0 1 0
1006225174 37 1 4 2
1006225454 23 0 1 0
1006225491 36 1 4 3
1006225824 41 1 2 2
1006226019 41 1 6 2
1006226337 41 1 7 2
1006226385 41 1 6 3
1006226562 22 0 1 1
1006226858 43 1 2 1
1006227178 37 1 1 1
1006227297 18 0 1 0
1006227371 38 1 1 1
1006228056 37 1 1 0
1006228288 41 1 5 2
1006228361 41 1 1 2
1006228888 41 1 2 3
1006229322 36 1 1 1
1006229922 43 1 2 0
1006230166 42 1 2 1
1006230883 41 1 7 3
1006231917 36 1 2 2
1006231917 38 1 1 0
1006232456 41 1 5 3
1006232602 37 1 5 2
1006232614 37 1 5 3
1006232641 36 1 3 2
1006233613 16 0 1 1
1006233675 17 0 1 1
1006233985 23 0 1 1
1006234019 23 0 1 0
1006234259 36 1 1 0
1006234338 37 1 5 2
1006234446 37 1 4 3
1006234507 36 1 4 2
1006234605 41 1 7 2
1006235103 36 1 1 2
1006235480 22 0 1 0
1006235639 38 1 1 1
1006235837 23 0 1 1
1006235992 37 1 2 2
1006236103 41 1 5 2
1006236125 36 1 2 3
1006236155 18 0 1 1
1006236215 36 1 1 3
1006236233 41 1 5 1
1006236379 41 1 1 3
1006236567 37 1 2 3
1006236884 37 1 2 2
1006237156 20 0 1 1
1006237215 16 0 1 0
1006237413 42 1 2 0
1006237735 36 1 3 3
1006237875 36 1 1 1
1006238003 41 1 5 0
1006238082 20 0 1 0
1006238116 20 0 1 1
1006238769 17 0 1 0
1006238810 37 1 5 3
1006239318 41 1 2 2
1006240352 43 1 2 1
1006240379 23 0 1 0
1006240400 37 1 1 2
1006240642 37 1 1 3
1006240727 41 1 2 3
1006241434 41 1 6 1
1006241587 41 1 7 3
1006241676 41 1 6 0
1006241688 37 1 4 2
1006241761 43 1 2 0
1006242378 37 1 2 3
1006242621 38 1 1 0
1006242722 22 0 1 1
1006243633 36 1 1 2
1006243860 41 1 5 3
1006243989 36 1 3 2
1006244147 36 1 1 3
1006244149 20 0 1 0
1006244411 36 1 2 2
1006244667 41 1 5 1
1006245023 17 0 1 1
1006245181 41 1 5 0
1006245213 41 1 1 2
1006245496 36 1 1 2
1006245578 36 1 1 0
1006245619 36 1 2 3
1006245951 36 1 1 3
1006246025 16 0 1 1
1006246247 42 1 2 1
1006246456 36 1 4 3
1006246530 41 1 5 1
1006246903 16 0 1 0
1006247456 41 1 5 0
1006247488 37 1 1 2
1006247545 18 0 1 0
1006247575 37 1 5 2
1006247729 37 1 2 2
1006247826 37 1 1 3
1006248657 41 1 6 1
1006248669 37 1 2 3
1006248723 41 1 1 3
1006248860 41 1 6 0
1006249055 37 1 5 3
1006249197 23 0 1 1
1006249311 37 1 5 2
1006249366 20 0 1 1
1006249757 42 1 2 0
1006250258 23 0 1 0
1006250292 20 0 1 0
1006250868 36 1 3 3
1006251136 23 0 1 1
1006251217 41 1 7 2
1006251346 37 1 5 3
1006252251 38 1 1 1
1006252375 17 0 1 0
1006253002 23 0 1 0
1006254114 35 1 5 2
1006254133 41 1 1 2
1006254176 35 1 5 3
1006254448 41 1 5 2
1006254914 37 1 4 3
1006255167 42 1 2 1
1006255556 15 0 1 1
1006255590 15 0 1 0
1006255667 41 1 7 3
1006256289 36 1 1 1
1006256546 22 0 1 0
1006256701 38 1 1 0
1006259153 36 1 4 2
1006259417 36 1 2 2
1006259772 41 1 1 3
1006260187 18 0 1 1
1006260189 36 1 3 2
1006260461 16 0 1 1
1006260806 42 1 2 0
1006261223 17 0 1 1
1006261460 41 1 5 3
1006261838 37 1 5 2
1006262142 35 1 5 2
1006262742 36 1 1 0
1006262752 35 1 1 2
1006262769 36 1 2 3
1006262856 35 1 5 3
1006263494 23 0 1 1
1006263522 35 1 4 2
1006263700 15 0 1 1
1006263748 35 1 4 3
1006263926 35 1 5 2
1006263967 16 0 1 0
1006264196 37 1 1 2
1006264298 40 1 8 1
1006264432 37 1 2 2
1006264526 36 1 3 3
1006264578 15 0 1 0
1006264592 35 1 5 3
1006264726 14 0 1 1
1006264726 37 1 1 3
1006264782 14 0 1 0
1006265297 41 1 7 2
1006265335 41 1 7 3
1006265504 15 0 1 1
1006265560 17 0 1 0
1006265643 36 1 4 3
1006265694 35 1 1 3
1006265730 41 1 6 1
1006265812 41 1 6 0
1006266097 20 0 1 1
1006266216 41 1 1 2
1006266288 37 1 4 2
1006266331 38 1 1 1
1006266369 38 1 1 0
1006266430 15 0 1 0
1006266548 37 1 5 3
1006266677 18 0 1 0
1006267008 40 1 8 0
1006267308 42 1 2 1
1006267582 23 0 1 0
1006267829 41 1 7 2
1006267915 41 1 1 3
1006268046 22 0 1 1
1006268516 41 1 1 2
1006268759 41 1 7 3
1006268863 38 1 1 1
1006268949 42 1 2 0
1006269234 37 1 2 3
1006269550 42 1 2 1
1006269793 38 1 1 0
1006270000 41 1 1 3
1006270361 41 1 7 2
1006270534 20 0 1 0
1006271034 42 1 2 0
1006271395 38 1 1 1
1006273592 35 1 5 2
1006274020 35 1 5 3
1006274484 35 1 5 2
1006274497 35 1 4 2
1006275278 35 1 1 2
1006275392 35 1 4 3
1006275410 41 1 1 2
1006275432 15 0 1 1
1006275437 35 1 5 3
1006275514 15 0 1 0
1006275531 14 0 1 1
1006275548 15 0 1 1
1006275561 36 1 4 2
1006275756 35 1 1 3
1006276268 35 1 5 2
1006276312 40 1 8 1
1006276432 41 1 7 3
1006276444 42 1 2 1
1006277081 15 0 1 0
1006277110 35 1 1 2
1006277118 18 0 1 1
1006277156 14 0 1 0
1006277219 40 1 8 0
1006277466 38 1 1 0
1006277969 35 1 5 3
1006278007 15 0 1 1
1006278145 40 1 8 1
1006278825 35 1 1 3
1006279114 35 1 3 2
1006279510 41 1 5 2
1006279526 35 1 3 3
1006279783 35 1 5 2
1006279825 15 0 1 0
1006280115 41 1 1 3
1006280148 13 0 1 1
1006280526 40 1 8 0
1006280560 13 0 1 0
1006280586 36 1 1 1
1006281012 35 1 5 3
1006281294 41 1 5 3
1006281388 42 1 2 0
1006281595 15 0 1 1
1006281748 37 1 1 2
1006281770 37 1 5 2
1006281896 36 1 3 2
1006282274 36 1 1 2
1006282404 36 1 1 0
1006282404 36 1 4 3
1006282470 37 1 1 3
1006282543 36 1 1 3
1006282569 15 0 1 0
1006282782 41 1 6 1
1006282793 36 1 3 3
1006282926 23 0 1 1
1006282930 17 0 1 1
1006283308 41 1 5 1
1006283362 37 1 4 3
1006283660 41 1 6 0
1006283793 18 0 1 0
1006284282 41 1 5 0
1006284637 17 0 1 0
1006284925 22 0 1 0
1006285126 41 1 5 2
1006285218 41 1 7 2
1006285764 41 1 1 2
1006285814 35 1 4 2
1006286124 35 1 4 3
1006286252 38 1 1 1
1006286590 36 1 1 1
1006286798 42 1 2 1
1006286850 14 0 1 1
1006287158 14 0 1 0
1006288360 41 1 2 2
1006289204 41 1 2 3
1006289286 35 1 4 2
1006289548 35 1 4 3
1006289680 43 1 2 1
1006289895 36 1 2 2
1006290238 43 1 2 0
1006290320 14 0 1 1
1006290531 41 1 7 3
1006290582 14 0 1 0
1006290893 36 1 4 2
1006291413 16 0 1 1
1006291423 41 1 1 3
1006291486 37 1 5 3
1006291565 38 1 1 0
1006291688 41 1 5 3
1006291866 35 1 4 2
1006292073 37 1 4 2
1006292457 42 1 2 0
1006292638 23 0 1 0
1006292668 37 1 2 2
1006292713 18 0 1 1
1006292716 37 1 4 3
1006292866 36 1 1 0
1006292900 14 0 1 1
1006293107 22 0 1 1
1006293702 20 0 1 1
1006293758 36 1 2 3
1006293857 37 1 4 2
1006293912 35 1 4 3
1006294446 35 1 4 2
1006294546 22 0 1 0
1006294946 14 0 1 0
1006295020 35 1 4 3
1006295063 16 0 1 0
1006295117 35 1 5 2
1006295480 14 0 1 1
1006295520 22 0 1 1
1006296054 14 0 1 0
1006296731 15 0 1 1
1006297677 41 1 1 2
1006297730 37 1 2 3
1006298180 35 1 5 3
1006298182 41 1 2 2
1006298680 41 1 2 3
1006298711 42 1 2 1
1006298764 20 0 1 0
1006299170 41 1 5 2
1006299211 41 1 1 3
1006299216 43 1 2 1
1006299367 36 1 4 3
1006299441 15 0 1 0
1006299714 43 1 2 0
1006299918 41 1 2 2
1006300095 36 1 3 2
1006300245 42 1 2 0
1006300946 36 1 1 1
1006300952 43 1 2 1
1006301069 36 1 3 3
1006301129 17 0 1 1
1006301177 18 0 1 0
1006301356 41 1 2 3
1006301934 36 1 1 2
1006301995 36 1 1 3
1006302401 17 0 1 0
1006302627 36 1 3 2
1006302883 43 1 2 0
1006302968 41 1 5 1
1006303029 41 1 5 0
1006303537 41 1 7 2
1006303661 17 0 1 1
1006303670 36 1 1 2
1006303936 41 1 5 3
1006304571 38 1 1 1
1006304704 41 1 5 1
1006304780 41 1 1 2
1006304866 37 1 4 3
1006304970 36 1 1 0
1006305619 41 1 2 2
1006305814 42 1 2 1
1006306006 22 0 1 0
1006306555 36 1 4 2
1006306653 43 1 2 1
1006307251 36 1 1 3
1006307705 18 0 1 1
1006307706 41 1 5 2
1006308593 32 1 2 2
1006308632 41 1 5 0
1006308740 36 1 1 1
1006308744 41 1 6 2
1006309130 41 1 5 3
1006309131 36 1 3 3
1006309502 37 1 5 2
1006309600 37 1 4 2
1006309627 0 0 1 1
1006309627 41 1 6 3
1006310048 37 1 1 2
1006310130 37 1 1 1
1006310165 17 0 1 0
1006310368 41 1 5 2
1006310510 36 1 1 0
1006310519 41 1 7 3
1006310634 22 0 1 1
1006310745 23 0 1 1
1006310798 35 1 4 2
1006310846 35 1 4 3
1006311008 37 1 1 0
1006311062 37 1 4 3
1006311328 41 1 2 3
1006311363 41 1 1 3
1006311436 36 1 1 1
1006311685 41 1 6 1
1006312057 32 1 2 3
1006312204 38 1 1 0
1006312276 37 1 4 2
1006312298 22 0 1 0
1006312354 41 1 5 3
1006312362 43 1 2 0
1006312397 42 1 2 0
1006312435 37 1 1 3
1006312474 14 0 1 1
1006312508 14 0 1 0
1006313048 37 1 2 2
1006313091 0 0 1 0
1006313960 37 1 2 3
1006314008 41 1 6 0
1006314020 22 0 1 1
1006314050 36 1 1 0
1006314361 20 0 1 1
1006314994 20 0 1 0
1006315375 36 1 4 3
1006316449 35 1 5 2
1006316625 18 0 1 0
1006316786 41 1 5 2
1006317354 37 1 5 3
1006317480 41 1 5 3
1006317483 15 0 1 1
1006317951 36 1 1 1
1006318388 23 0 1 0
1006318570 41 1 5 2
1006318973 36 1 1 0
1006319264 41 1 5 3
1006319851 36 1 1 1
1006320729 36 1 1 0
1006320817 41 1 5 2
1006320843 32 1 2 2
1006321041 41 1 1 2
1006321048 41 1 5 3
1006321341 32 1 2 3
1006321877 0 0 1 1
1006322075 42 1 2 1
1006322340 35 1 5 3
1006322375 0 0 1 0
1006322377 41 1 8 2
1006322425 41 1 8 3
1006322451 36 1 1 1
1006322533 36 1 1 0
1006322632 41 1 7 2
1006323375 32 1 2 2
1006323376 15 0 1 0
1006323535 41 1 7 3
1006323541 41 1 5 2
1006323609 39 1 1 1
1006323643 39 1 1 0
1006323666 38 1 1 1
1006324409 0 0 1 1
1006324569 38 1 1 0
1006325147 36 1 1 1
1006325164 41 1 7 2
1006325271 41 1 7 3
1006326163 41 1 1 3
1006326236 38 1 1 1
1006326274 37 1 4 3
1006326305 38 1 1 0
1006326405 32 1 2 3
1006326497 36 1 4 2
1006327203 42 1 2 0
1006327305 41 1 7 2
1006327348 22 0 1 0
1006327439 0 0 1 0
1006327531 18 0 1 1
1006328127 36 1 2 2
1006328189 36 1 3 2
1006328339 38 1 1 1
1006329155 41 1 7 3
1006329172 41 1 5 3
1006329223 17 0 1 1
1006329645 16 0 1 1
1006330189 38 1 1 0
1006330726 37 1 2 2
1006330774 37 1 2 3
1006330818 36 1 1 0
1006331570 37 1 2 2
1006331710 36 1 2 3
1006332105 20 0 1 1
1006332139 20 0 1 0
1006332554 36 1 3 3
1006332726 37 1 4 2
1006333017 20 0 1 1
1006333295 16 0 1 0
1006333548 37 1 1 2
1006333564 37 1 5 2
1006333588 17 0 1 0
1006334290 36 1 4 3
1006334340 22 0 1 1
1006334565 41 1 7 2
1006334646 41 1 6 1
1006334918 41 1 1 2
1006335290 41 1 5 2
1006335324 18 0 1 0
1006335426 23 0 1 1
1006335599 38 1 1 1
1006335952 42 1 2 1
1006335976 41 1 2 2
1006336035 32 1 2 2
1006336226 37 1 2 3
1006336324 36 1 1 1
1006336930 37 1 1 3
1006337010 43 1 2 1
1006337069 0 0 1 1
1006338044 37 1 4 3
1006338102 20 0 1 0
1006338104 41 1 6 0
1006338656 41 1 2 3
1006338762 37 1 5 3
1006338808 36 1 3 2
1006339078 22 0 1 0
1006339690 43 1 2 0
1006339748 36 1 4 2
1006339851 17 0 1 1
1006340181 23 0 1 0
1006340505 36 1 2 2
1006340753 32 1 2 3
1006340780 41 1 7 3
1006340786 18 0 1 1
1006341787 0 0 1 0
1006341814 38 1 1 0
1006342057 16 0 1 1
1006343454 37 1 4 2
1006343571 41 1 1 3
1006344300 41 1 5 3
1006344488 22 0 1 1
1006344605 42 1 2 0
1006344619 37 1 5 2
1006344625 36 1 3 3
1006344958 37 1 5 3
1006345653 23 0 1 1
1006345659 17 0 1 0
1006345944 36 1 1 0
1006345992 23 0 1 0
1006346355 37 1 5 2
1006346742 37 1 5 3
1006346836 36 1 2 3
1006346988 37 1 1 2
1006347199 37 1 5 2
1006347844 37 1 2 2
1006348022 23 0 1 1
1006348104 23 0 1 0
1006348221 37 1 2 3
1006348233 23 0 1 1
1006348329 41 1 6 1
1006348335 16 0 1 0
1006348347 36 1 3 2
1006349023 36 1 4 3
1006349149 20 0 1 1
1006349255 20 0 1 0
1006349381 17 0 1 1
1006350057 18 0 1 0
1006351037 36 1 3 3
1006351250 37 1 1 3
1006351264 41 1 2 2
1006351308 41 1 5 2
1006351350 41 1 7 2
1006351823 37 1 5 3
1006352071 17 0 1 0
1006352088 35 1 3 2
1006352298 43 1 2 1
1006352384 38 1 1 1
1006352624 36 1 1 1
1006352775 41 1 6 0
1006352873 41 1 8 2
1006353249 41 1 1 2
1006353561 23 0 1 0
1006353619 41 1 8 3
1006353878 37 1 4 3
1006353927 13 0 1 1
1006354129 39 1 1 1
1006354283 42 1 2 1
1006354759 36 1 3 2
1006355007 39 1 1 0
1006355336 35 1 5 2
1006355373 36 1 4 2
1006355393 22 0 1 0
1006355793 17 0 1 1
1006355839 41 1 7 3
1006356437 36 1 2 2
1006356498 15 0 1 1
1006356641 18 0 1 1
1006356873 38 1 1 0
1006357187 41 1 2 3
1006357893 16 0 1 1
1006358101 35 1 4 2
1006358221 43 1 2 0
1006358652 35 1 4 3
1006359104 37 1 2 2
1006359135 14 0 1 1
1006359311 41 1 1 3
1006359767 41 1 5 3
1006360345 42 1 2 0
1006360502 14 0 1 0
1006360709 37 1 4 2
1006360817 20 0 1 1
1006360827 36 1 1 0
1006360827 36 1 3 3
1006361062 37 1 2 3
1006361252 35 1 1 2
1006361671 36 1 2 3
1006361732 37 1 2 2
1006361861 17 0 1 0
1006361874 22 0 1 1
1006362286 40 1 8 1
1006362360 35 1 4 2
1006362411 37 1 5 2
1006362538 35 1 4 3
1006362587 20 0 1 0
1006363183 16 0 1 0
1006363394 14 0 1 1
1006363417 32 1 2 2
1006363443 37 1 1 2
1006363513 20 0 1 1
1006363572 14 0 1 0
1006363738 37 1 5 3
1006363925 41 1 1 2
1006364100 35 1 3 3
1006364265 23 0 1 1
1006364385 32 1 2 3
1006364451 0 0 1 1
1006364471 41 1 1 3
1006364769 41 1 1 2
1006364959 42 1 2 1
1006365039 37 1 5 2
1006365239 23 0 1 0
1006365311 41 1 6 1
1006365419 0 0 1 0
1006365884 35 1 5 3
1006365926 13 0 1 0
1006365949 32 1 2 2
1006366073 23 0 1 1
1006366237 42 1 2 0
1006366271 42 1 2 1
1006366456 41 1 2 2
1006366927 36 1 4 3
1006366983 0 0 1 1
1006366987 41 1 5 2
1006366996 15 0 1 0
1006367157 41 1 7 2
1006367306 37 1 1 3
1006367490 43 1 2 1
1006367761 32 1 2 3
1006368095 36 1 1 1
1006368150 37 1 5 3
1006368191 38 1 1 1
1006368608 35 1 1 3
1006368655 18 0 1 0
1006368691 41 1 6 2
1006368725 41 1 6 0
1006368795 0 0 1 0
1006368883 41 1 6 3
1006369040 40 1 7 2
1006369107 40 1 5 2
1006369138 37 1 2 3
1006369603 41 1 2 3
1006369662 40 1 8 0
1006369725 37 1 1 1
1006369727 41 1 7 3
1006369829 23 0 1 0
1006370167 34 1 1 1
1006370170 32 1 1 1
1006370203 20 0 1 0
1006370506 40 1 7 3
1006370571 41 1 1 3
1006370603 37 1 1 0
1006370649 43 1 2 0
1006370761 38 1 1 0
1006370776 40 1 7 2
1006371398 40 1 7 3
1006371605 42 1 2 0
1006371889 34 1 1 0
1006371923 34 1 1 1
1006372194 40 1 8 2
1006372242 40 1 8 3
1006372249 36 1 4 2
1006372801 34 1 1 0
1006373324 35 1 1 1
1006373358 35 1 1 0
1006373598 37 1 4 3
1006373911 18 0 1 1
1006374381 40 1 5 3
1006374632 22 0 1 0
1006375164 35 1 4 2
1006375415 32 1 1 0
1006375620 35 1 3 2
1006375745 36 1 2 2
1006375890 35 1 1 2
1006375894 35 1 5 2
1006376198 14 0 1 1
1006376413 36 1 3 2
1006376643 41 1 5 3
1006376928 15 0 1 1
1006377042 13 0 1 1
1006377249 16 0 1 1
1006377340 40 1 8 1
1006377447 17 0 1 1
1006377528 35 1 5 3
1006377677 36 1 1 0
1006378420 35 1 4 3
1006378750 15 0 1 0
1006379365 36 1 4 3
1006379454 14 0 1 0
1006379534 35 1 1 3
1006379817 36 1 3 3
1006380300 40 1 7 2
1006380449 37 1 5 2
1006380513 40 1 4 2
1006380851 17 0 1 0
1006381191 18 0 1 0
1006381378 40 1 8 0
1006381407 40 1 4 3
1006381547 45 1 1 1
1006381563 34 1 1 1
1006381993 36 1 2 3
1006382007 37 1 1 2
1006382149 23 0 1 1
1006382441 45 1 1 0
1006382470 37 1 1 3
1006382492 41 1 2 2
1006382624 37 1 4 2
1006382829 41 1 1 2
1006383066 40 1 7 3
1006383270 35 1 5 2
1006383479 16 0 1 0
1006383511 41 1 6 2
1006383526 43 1 2 1
1006383593 41 1 6 1
1006383627 41 1 6 0
1006383761 41 1 7 2
1006383837 41 1 5 2
1006383889 22 0 1 1
1006383979 42 1 2 1
1006384177 34 1 1 0
1006384304 15 0 1 1
1006384411 41 1 6 3
1006384669 37 1 1 1
1006384795 38 1 1 1
1006384871 36 1 1 1
1006385187 37 1 2 2
1006385439 41 1 2 3
1006385561 37 1 1 2
1006385595 37 1 1 0
1006386038 37 1 1 3
1006386221 20 0 1 1
1006386331 41 1 7 3
1006386400 35 1 3 3
1006386559 43 1 2 0
1006386595 41 1 6 1
1006386930 37 1 5 3
1006386971 37 1 2 3
1006387365 38 1 1 0
1006387434 13 0 1 0
1006387569 41 1 6 0
1006388161 36 1 4 2
1006388349 23 0 1 0
1006388379 20 0 1 0
1006388461 41 1 1 3
1006388905 36 1 2 2
1006389124 35 1 5 3
1006389495 42 1 2 0
1006389843 18 0 1 1
1006390346 15 0 1 0
1006390361 16 0 1 1
1006391135 36 1 3 2
1006391519 36 1 3 3
1006391981 41 1 5 3
1006392169 17 0 1 1
1006392553 17 0 1 0
1006392571 40 1 3 2
1006392845 40 1 3 3
1006392871 36 1 3 2
1006392905 36 1 1 2
1006393096 35 1 5 2
1006393174 37 1 4 3
1006393605 44 1 1 1
1006393831 36 1 1 0
1006393879 44 1 1 0
1006393905 17 0 1 1
1006393939 41 1 5 1
1006394208 22 0 1 0
1006394438 35 1 3 2
1006394648 15 0 1 1
1006395567 36 1 4 3
1006395866 13 0 1 1
1006396405 37 1 1 2
1006396453 37 1 1 3
1006397245 36 1 1 3
1006397281 18 0 1 0
1006397295 41 1 1 2
1006397337 36 1 2 3
1006398161 41 1 6 1
1006398181 36 1 3 3
1006398195 41 1 6 0
1006398329 42 1 2 1
1006398337 41 1 5 0
1006398632 37 1 4 2
1006398658 35 1 4 2
1006398763 35 1 1 2
1006398973 41 1 1 3
1006399081 37 1 1 2
1006399123 16 0 1 0
1006399215 17 0 1 0
1006399418 37 1 4 3
1006399692 14 0 1 1
1006399876 35 1 5 3
1006399891 37 1 2 2
1006400163 22 0 1 1
1006400181 42 1 2 0
1006400206 40 1 8 1
1006400262 37 1 2 3
1006400416 37 1 4 2
1006400442 35 1 4 3
1006400783 37 1 2 2
1006400857 41 1 6 1
1006400957 20 0 1 1
1006400967 37 1 2 3
1006401041 22 0 1 0
1006401050 15 0 1 0
1006401202 37 1 4 3
1006401476 14 0 1 0
1006401587 37 1 1 3
1006401627 37 1 2 2
1006401709 37 1 1 2
1006401713 41 1 5 2
1006401851 20 0 1 0
1006401885 20 0 1 1
1006401967 22 0 1 1
1006402068 41 1 7 2
1006402763 20 0 1 0
1006402771 41 1 6 0
1006402771 41 1 5 3
1006402805 41 1 6 1
1006402843 36 1 1 1
1006402845 22 0 1 0
1006402845 20 0 1 1
1006402899 37 1 4 2
1006403102 38 1 1 1
1006403371 37 1 1 3
1006403713 41 1 1 2
1006403933 22 0 1 1
1006404341 41 1 5 2
1006404613 36 1 1 0
1006404623 41 1 6 0
1006404623 41 1 7 3
1006404747 42 1 2 1
1006405131 37 1 5 2
1006405587 36 1 1 1
1006405657 38 1 1 0
1006406237 23 0 1 1
1006406467 37 1 1 2
1006406879 36 1 4 2
1006406916 35 1 1 3
1006407398 37 1 2 3
1006407501 41 1 6 1
1006408115 18 0 1 1
1006408138 40 1 8 0
1006408333 37 1 1 3
1006409237 20 0 1 0
1006409592 35 1 3 3
1006409757 41 1 6 0
1006409982 35 1 1 2
1006410672 35 1 1 3
1006410824 13 0 1 0
1006410916 35 1 4 2
1006411016 40 1 8 1
1006411283 36 1 3 2
1006411391 41 1 1 3
1006411541 41 1 5 3
1006411564 35 1 4 3
1006411670 35 1 5 2
1006411706 40 1 8 0
1006411760 35 1 4 2
1006411862 35 1 1 2
1006411906 37 1 5 3
1006411950 14 0 1 1
1006412317 17 0 1 1
1006412425 42 1 2 0
1006412575 36 1 1 0
1006412598 14 0 1 0
1006412600 35 1 4 3
1006412682 35 1 3 2
1006412794 14 0 1 1
1006412896 40 1 8 1
1006413208 35 1 3 3
1006413442 15 0 1 1
1006413448 35 1 4 2
1006413527 23 0 1 0
1006413634 14 0 1 0
1006414478 13 0 1 1
1006414482 14 0 1 1
1006414512 13 0 1 0
1006414927 36 1 4 3
1006415118 35 1 4 3
1006415310 35 1 3 2
1006415819 36 1 3 3
1006415884 35 1 3 3
1006416152 14 0 1 0
1006416191 18 0 1 0
1006416322 35 1 4 2
1006416853 17 0 1 0
1006417126 13 0 1 1
1006417160 13 0 1 0
1006417258 37 1 4 3
1006417356 14 0 1 1
1006417996 35 1 4 3
1006418879 22 0 1 0
1006419030 14 0 1 0
1006420344 35 1 1 3
1006421456 40 1 8 0
1006421961 41 1 1 2
1006422353 37 1 1 2
1006422595 41 1 7 2
1006422603 41 1 1 3
1006423089 41 1 7 3
1006423241 42 1 2 1
1006423439 41 1 7 2
1006423629 38 1 1 1
1006423637 42 1 2 0
1006423649 41 1 1 2
1006424029 41 1 6 1
1006424123 38 1 1 0
1006424473 38 1 1 1
1006424683 42 1 2 1
1006424884 41 1 2 2
1006424930 35 1 3 2
1006425101 37 1 4 2
1006425135 37 1 5 2
1006425696 35 1 5 3
1006425827 37 1 2 2
1006425918 43 1 2 1
1006425938 35 1 4 2
1006425964 13 0 1 1
1006426015 36 1 4 2
1006426135 22 0 1 1
1006426523 36 1 4 3
1006426571 41 1 5 2
1006426815 41 1 5 3
1006426861 20 0 1 1
1006426955 23 0 1 1
1006426972 14 0 1 1
1006426972 15 0 1 0
1006427423 18 0 1 1
1006427432 35 1 4 3
1006427605 36 1 1 1
1006427849 36 1 1 0
1006428301 18 0 1 0
1006428307 41 1 5 2
1006428466 14 0 1 0
1006428806 37 1 1 3
1006429341 36 1 1 1
1006429643 41 1 7 3
1006429746 37 1 5 3
1006430259 41 1 6 0
1006430535 41 1 1 3
1006430638 37 1 2 3
1006430677 38 1 1 0
1006430780 23 0 1 0
1006431569 42 1 2 0
1006431672 20 0 1 0
1006431895 36 1 4 2
1006433639 18 0 1 1
1006436218 35 1 4 2
1006436359 41 1 5 3
1006436448 35 1 4 3
1006437252 14 0 1 1
1006437299 41 1 2 3
1006437393 36 1 1 0
1006437482 14 0 1 0
1006438331 35 1 1 2
1006438333 43 1 2 0
1006439124 35 1 3 3
1006439558 37 1 4 3
1006439580 40 1 8 1
1006439990 36 1 4 3
1006440378 35 1 5 2
1006440520 13 0 1 0
1006440592 22 0 1 0
1006441228 41 1 1 2
1006441383 41 1 8 2
1006441605 18 0 1 0
1006441805 41 1 7 2
1006441817 41 1 5 2
1006441848 35 1 1 3
1006441986 15 0 1 1
1006442262 42 1 2 1
1006442603 41 1 8 3
1006442733 39 1 1 1
1006442839 38 1 1 1
1006442851 36 1 1 1
1006443455 41 1 7 3
1006443722 40 1 8 0
1006444455 39 1 1 0
1006444489 38 1 1 0
1006444920 37 1 5 2
1006445054 35 1 3 2
1006445754 37 1 5 3
1006446088 13 0 1 1
1006446333 41 1 7 2
1006446373 23 0 1 1
1006446656 37 1 5 2
1006446879 41 1 1 3
1006446979 37 1 1 2
1006447190 35 1 4 2
1006447251 23 0 1 0
1006447367 38 1 1 1
1006447398 35 1 1 2
1006447690 23 0 1 1
1006447913 42 1 2 0
1006448161 41 1 6 1
1006448224 14 0 1 1
1006448525 36 1 3 2
1006448584 37 1 4 2
1006448767 36 1 4 2
1006448840 35 1 4 3
1006449170 40 1 8 1
1006449332 37 1 2 2
1006449559 17 0 1 1
1006449618 22 0 1 1
1006449802 36 1 3 3
1006449874 14 0 1 0
1006450310 37 1 1 3
1006450547 37 1 2 3
1006450559 18 0 1 1
1006450693 20 0 1 1
1006450715 37 1 5 3
1006450836 17 0 1 0
1006451291 41 1 7 3
1006451581 20 0 1 0
1006451715 41 1 6 0
1006452325 38 1 1 0
1006452525 23 0 1 0
1006452655 41 1 5 3
1006453181 41 1 1 2
1006453396 35 1 1 3
1006453689 36 1 1 0
1006454215 42 1 2 1
1006454240 35 1 5 3
1006454522 40 1 8 0
1006455332 15 0 1 0
1006457391 41 1 1 3
1006457782 36 1 4 3
1006458579 42 1 2 0
1006459225 18 0 1 0
1006462172 35 1 3 3
1006463594 37 1 4 3
1006463724 13 0 1 0
1006464069 41 1 5 2
1006464628 22 0 1 0
1006464999 41 1 5 3
1006465103 36 1 1 1
1006465429 35 1 1 2
1006465487 41 1 1 2
1006466033 36 1 1 0
1006466066 35 1 4 2
1006466463 40 1 8 1
1006466521 42 1 2 1
1006466632 35 1 4 3
1006467100 14 0 1 1
1006467619 37 1 5 2
1006467666 14 0 1 0
1006467736 35 1 5 2
1006467754 35 1 4 2
1006467877 41 1 5 2
1006468082 35 1 4 3
1006468205 37 1 2 2
1006468517 41 1 7 2
1006468531 37 1 1 2
1006468653 23 0 1 1
1006468788 14 0 1 1
1006469053 36 1 1 1
1006469082 15 0 1 1
1006469116 14 0 1 0
1006469239 20 0 1 1
1006469510 35 1 4 2
1006469551 38 1 1 1
1006469639 41 1 1 3
1006470207 41 1 5 3
1006470365 41 1 6 1
1006470544 14 0 1 1
1006471236 35 1 1 3
1006471241 36 1 1 0
1006471375 41 1 7 3
1006471491 42 1 2 0
1006472362 40 1 8 0
1006472409 38 1 1 0
1006472562 37 1 2 3
1006472972 35 1 4 3
1006473596 20 0 1 0
1006473929 41 1 5 2
1006474006 14 0 1 0
1006474179 41 1 1 2
1006474253 41 1 7 2
1006474404 37 1 4 2
1006474963 36 1 1 1
1006475213 42 1 2 1
1006475287 38 1 1 1
1006475298 35 1 3 2
1006475438 22 0 1 1
1006476130 37 1 5 3
1006476248 41 1 6 2
1006476332 13 0 1 1
1006476693 41 1 8 2
1006477164 23 0 1 0
1006477282 37 1 1 1
1006477432 35 1 5 3
1006477509 41 1 6 3
1006477813 35 1 1 2
1006478509 39 1 1 1
1006478543 37 1 1 0
1006478558 15 0 1 0
1006478678 41 1 2 2
1006478806 37 1 1 3
1006479226 35 1 4 2
1006479232 35 1 4 3
1006479345 41 1 8 3
1006479388 40 1 8 1
1006479712 43 1 2 1
1006480123 41 1 1 3
1006480260 14 0 1 1
1006480294 14 0 1 0
1006480421 41 1 6 0
1006480693 36 1 4 2
1006480967 41 1 7 3
1006481075 39 1 1 0
1006481157 42 1 2 0
1006481940 35 1 1 3
1006482001 38 1 1 0
1006482115 18 0 1 1
1006482556 36 1 3 2
1006483090 41 1 5 3
1006483607 17 0 1 1
1006483738 40 1 8 0
1006483985 36 1 2 2
1006484124 36 1 1 0
1006484576 36 1 3 3
1006484635 36 1 2 3
1006485528 16 0 1 1
1006485610 17 0 1 0
1006485769 36 1 2 2
1006485812 36 1 2 3
1006486454 16 0 1 0
1006486462 36 1 4 3
1006487292 35 1 3 3
1006487428 16 0 1 1
1006487462 16 0 1 0
1006488297 18 0 1 0
1006488326 13 0 1 0
1006489190 41 1 2 3
1006489753 41 1 1 2
1006490188 41 1 5 2
1006490224 43 1 2 0
1006490450 37 1 4 3
1006490787 42 1 2 1
1006491024 35 1 5 2
1006491042 35 1 4 2
1006491222 36 1 1 1
1006491441 41 1 7 2
1006491704 35 1 4 3
1006492002 22 0 1 0
1006492076 14 0 1 1
1006492076 15 0 1 1
1006492475 38 1 1 1
1006492738 14 0 1 0
1006492992 37 1 5 2
1006493040 37 1 5 3
1006493644 37 1 2 2
1006493690 35 1 3 2
1006493884 37 1 5 2
1006494026 23 0 1 1
1006494074 23 0 1 0
1006494403 37 1 2 3
1006494488 37 1 2 2
1006494918 23 0 1 1
1006494918 20 0 1 1
1006495247 37 1 2 3
1006495506 13 0 1 1
1006495796 20 0 1 0
1006495830 20 0 1 1
1006496272 37 1 2 2
1006496548 41 1 6 2
1006496564 35 1 1 2
1006496804 20 0 1 0
1006496960 35 1 1 3
1006497108 41 1 1 3
1006497408 35 1 1 2
1006497531 41 1 6 3
1006497598 40 1 8 1
1006497654 37 1 2 3
1006497682 20 0 1 1
1006497958 35 1 4 2
1006497986 41 1 5 3
1006497994 40 1 8 0
1006498108 37 1 1 1
1006498142 42 1 2 0
1006498183 36 1 4 2
1006498375 41 1 7 3
1006498442 40 1 8 1
1006498986 37 1 1 0
1006498992 14 0 1 1
1006499020 36 1 1 0
1006499020 36 1 4 3
1006499409 38 1 1 0
1006499452 20 0 1 0
1006499735 18 0 1 1
1006499967 36 1 4 2
1006500661 18 0 1 0
1006500708 36 1 4 3
1006501539 18 0 1 1
1006501724 35 1 4 3
1006501744 37 1 4 2
1006502408 35 1 5 3
1006502417 18 0 1 0
1006502776 14 0 1 0
1006502778 22 0 1 1
1006502890 37 1 5 3
1006503348 35 1 1 3
1006503602 15 0 1 0
1006504117 23 0 1 0
1006504474 40 1 8 0
1006511372 35 1 4 2
1006511560 35 1 5 2
1006511604 35 1 1 2
1006512220 35 1 5 3
1006512406 14 0 1 1
1006512598 15 0 1 1
1006513010 40 1 8 1
1006513112 35 1 3 3
1006513524 15 0 1 0
1006514938 13 0 1 0
1006515790 37 1 1 2
1006516893 41 1 6 1
1006518044 35 1 5 2
1006518054 37 1 4 3
1006519259 37 1 5 2
1006519289 22 0 1 0
1006519658 15 0 1 1
1006520223 37 1 5 3
1006520373 23 0 1 1
1006520440 35 1 1 3
1006520468 41 1 5 2
1006521353 23 0 1 0
1006521502 36 1 1 1
1006522146 40 1 8 0
1006522353 41 1 7 2
1006522911 41 1 6 2
1006523116 35 1 4 3
1006523197 37 1 5 2
1006523331 41 1 6 3
1006523387 38 1 1 1
1006523945 37 1 1 1
1006524150 14 0 1 0
1006524231 23 0 1 1
1006524298 37 1 1 3
1006524353 41 1 1 2
1006524365 37 1 1 0
1006525332 41 1 6 0
1006525486 42 1 2 1
1006525777 41 1 8 2
1006525800 41 1 2 2
1006526575 36 1 4 2
1006526621 41 1 8 3
1006526834 43 1 2 1
1006526945 39 1 1 1
1006527116 35 1 3 2
1006527462 35 1 1 2
1006527667 41 1 7 3
1006527682 35 1 4 2
1006527823 39 1 1 0
1006528150 13 0 1 1
1006528175 18 0 1 1
1006528612 35 1 4 3
1006528701 38 1 1 0
1006528716 14 0 1 1
1006528948 41 1 5 3
1006529042 40 1 8 1
1006529646 14 0 1 0
1006529982 36 1 1 0
1006530053 37 1 4 2
1006530214 35 1 4 2
1006530494 37 1 5 3
1006530684 41 1 1 3
1006531248 14 0 1 1
1006531490 35 1 4 3
1006531667 22 0 1 1
1006531682 23 0 1 0
1006531718 42 1 2 0
1006531810 36 1 4 3
1006532524 14 0 1 0
1006533120 35 1 5 3
1006533561 18 0 1 0
1006534376 15 0 1 0
1006538712 41 1 2 3
1006539253 40 1 5 2
1006539432 35 1 4 2
1006539740 35 1 4 3
1006539746 43 1 2 0
1006539891 37 1 4 3
1006540208 35 1 3 3
1006540287 32 1 1 1
1006540466 14 0 1 1
1006540774 14 0 1 0
1006541085 40 1 4 2
1006541287 22 0 1 0
1006541666 13 0 1 0
1006541929 40 1 3 2
1006541964 35 1 4 2
1006541992 35 1 1 3
1006542119 45 1 1 1
1006542991 44 1 1 1
1006542998 14 0 1 1
1006543026 40 1 8 0
1006544709 40 1 3 3
1006544714 40 1 4 3
1006545294 35 1 3 2
1006545553 40 1 5 3
1006545743 44 1 1 0
1006545748 45 1 1 0
1006545968 35 1 2 2
1006546032 35 1 5 2
1006546558 35 1 1 2
1006547002 13 0 1 1
1006547083 32 1 1 0
1006547390 12 0 1 1
1006547502 15 0 1 1
1006547592 40 1 8 1
1006548608 37 1 5 2
1006548632 37 1 5 3
1006550270 23 0 1 1
1006550281 37 1 4 2
1006550304 23 0 1 0
1006550344 37 1 5 2
1006550643 37 1 5 3
1006550962 35 1 2 3
1006551016 40 1 4 2
1006551776 35 1 4 3
1006551785 22 0 1 1
1006552050 45 1 1 1
1006552122 23 0 1 1
1006552156 23 0 1 0
1006552728 12 0 1 0
1006552810 14 0 1 0
1006554338 35 1 1 3
1006554365 40 1 5 2
1006555344 35 1 5 3
1006555372 40 1 8 0
1006555570 32 1 1 1
1006555777 40 1 5 3
1006556621 40 1 4 3
1006556910 32 1 1 0
1006557060 15 0 1 0
1006557655 45 1 1 0
1006560503 37 1 4 3
1006560600 35 1 3 3
1006560640 35 1 1 2
1006561688 40 1 8 1
1006562250 35 1 4 2
1006562283 22 0 1 0
1006562440 13 0 1 0
1006563284 14 0 1 1
1006564298 35 1 3 2
1006564398 35 1 2 2
1006564444 37 1 5 2
1006564915 37 1 5 3
1006565046 35 1 3 3
1006565162 35 1 5 2
1006565182 35 1 4 3
1006565244 37 1 1 2
1006565482 23 0 1 1
1006565599 40 1 4 2
1006565807 37 1 1 3
1006565890 35 1 1 3
1006566046 12 0 1 1
1006566136 37 1 1 2
1006566148 13 0 1 1
1006566182 13 0 1 0
1006566216 14 0 1 0
1006566228 37 1 5 2
1006566322 41 1 6 1
1006566360 23 0 1 0
1006566587 37 1 1 3
1006566633 45 1 1 1
1006566666 15 0 1 1
1006566782 35 1 5 3
1006566924 40 1 8 0
1006566924 40 1 4 3
1006566946 35 1 5 2
1006567028 37 1 1 2
1006567248 41 1 6 0
1006567282 41 1 6 1
1006567334 23 0 1 1
1006567621 41 1 6 0
1006567958 45 1 1 0
1006568062 41 1 6 1
1006568070 37 1 1 3
1006568484 15 0 1 0
1006568566 15 0 1 1
1006568601 37 1 4 2
1006568768 35 1 1 2
1006568904 35 1 4 2
1006569254 35 1 2 3
1006569375 37 1 4 3
1006569396 35 1 5 3
1006569890 41 1 6 0
1006569938 14 0 1 1
1006570249 22 0 1 1
1006570267 37 1 5 3
1006570385 37 1 4 2
1006570396 12 0 1 0
1006570540 40 1 8 1
1006571111 37 1 4 3
1006571127 22 0 1 0
1006571132 15 0 1 0
1006571780 23 0 1 0
1006572053 22 0 1 1
1006572856 35 1 4 3
1006572931 22 0 1 0
1006573877 37 1 4 2
1006573890 14 0 1 0
1006574714 35 1 3 2
1006574726 35 1 5 2
1006575593 22 0 1 1
1006575748 13 0 1 1
1006576422 15 0 1 1
1006578558 41 1 2 2
1006579954 35 1 4 2
1006579997 43 1 2 1
1006580100 35 1 4 3
1006580944 35 1 5 3
1006580988 14 0 1 1
1006581059 40 1 4 2
1006581134 14 0 1 0
1006581696 41 1 5 2
1006581789 40 1 5 2
1006581863 37 1 4 3
1006582093 45 1 1 1
1006582486 35 1 4 2
1006582556 15 0 1 0
1006582730 36 1 1 1
1006582937 32 1 1 1
1006582961 40 1 3 2
1006583174 41 1 5 3
1006583319 22 0 1 0
1006583520 14 0 1 1
1006583995 44 1 1 1
1006584512 35 1 3 3
1006584899 36 1 1 0
1006584958 41 1 2 3
1006585404 35 1 1 3
1006585609 40 1 1 2
1006586292 13 0 1 0
1006586296 35 1 4 3
1006586417 43 1 2 0
1006586438 40 1 8 0
1006587330 14 0 1 0
1006587449 42 1 1 1
1006587587 41 1 5 2
1006587982 35 1 5 2
1006587984 35 1 5 3
1006588137 40 1 5 3
1006588174 40 1 4 3
1006588440 40 1 1 3
1006588621 36 1 1 1
1006588874 35 1 5 2
1006589085 41 1 8 2
1006589171 32 1 1 0
1006589174 35 1 4 2
1006589208 45 1 1 0
1006589322 41 1 8 3
1006589534 15 0 1 1
1006589568 15 0 1 0
1006589934 35 1 3 2
1006590077 42 1 1 0
1006590208 14 0 1 1
1006590322 37 1 1 2
1006590446 15 0 1 1
1006590660 35 1 4 3
1006590692 39 1 1 1
1006590723 36 1 4 2
1006590726 39 1 1 0
1006590910 35 1 1 2
1006591052 13 0 1 1
1006591310 37 1 1 3
1006591382 37 1 5 2
1006591476 41 1 6 1
1006591552 35 1 1 3
1006591561 40 1 3 3
1006591694 14 0 1 0
1006591706 35 1 4 2
1006591944 40 1 8 1
1006592083 18 0 1 1
1006592217 37 1 4 2
1006592450 41 1 6 0
1006592586 40 1 8 0
1006592595 44 1 1 0
1006592740 14 0 1 1
1006593175 23 0 1 1
1006593234 37 1 5 3
1006593251 22 0 1 1
1006595041 23 0 1 0
1006596814 41 1 5 3
1006596856 35 1 5 3
1006597700 35 1 3 3
1006597788 36 1 3 2
1006597848 36 1 1 0
1006597866 36 1 4 3
1006597890 15 0 1 0
1006598544 35 1 4 3
1006598734 13 0 1 0
1006598822 17 0 1 1
1006598902 36 1 3 3
1006599253 18 0 1 0
1006599578 14 0 1 0
1006600750 17 0 1 0
1006600768 40 1 4 2
1006601768 35 1 1 2
1006601802 45 1 1 1
1006602266 35 1 3 2
1006602266 35 1 5 2
1006602764 35 1 5 3
1006602802 40 1 8 1
1006603079 37 1 4 3
1006603300 13 0 1 1
1006604113 22 0 1 0
1006604144 15 0 1 1
1006604226 15 0 1 0
1006604711 40 1 4 3
1006604798 35 1 5 2
1006605100 40 1 5 2
1006605296 35 1 5 3
1006605745 45 1 1 0
1006605832 15 0 1 1
1006606330 15 0 1 0
1006606355 40 1 6 2
1006606534 35 1 5 2
1006606637 32 1 1 1
1006606638 37 1 1 2
1006607199 40 1 6 3
1006607330 35 1 5 3
1006607389 33 1 1 1
1006607555 37 1 5 2
1006607582 15 0 1 1
1006607672 41 1 6 1
1006608222 35 1 5 2
1006608233 33 1 1 0
1006608935 40 1 6 2
1006609018 35 1 4 2
1006609208 15 0 1 0
1006609323 37 1 5 3
1006609338 15 0 1 1
1006609347 23 0 1 1
1006609429 37 1 4 2
1006609516 35 1 3 3
1006609969 33 1 1 1
1006610052 14 0 1 1
1006610231 37 1 5 2
1006610360 35 1 4 3
1006610681 37 1 2 2
1006610823 22 0 1 1
1006610856 41 1 5 2
1006610958 13 0 1 0
1006611043 37 1 2 3
1006611155 37 1 4 3
1006611165 23 0 1 0
1006611394 14 0 1 0
1006611665 40 1 4 2
1006611689 40 1 6 3
1006611715 20 0 1 1
1006611890 36 1 1 1
1006611961 40 1 4 3
1006612043 23 0 1 1
1006612057 37 1 4 2
1006612077 20 0 1 0
1006612195 37 1 3 2
1006612465 37 1 2 2
1006612559 22 0 1 0
1006612699 45 1 1 1
1006612805 40 1 5 3
1006612875 37 1 3 3
1006612995 45 1 1 0
1006613091 22 0 1 1
1006613543 33 1 1 0
1006613719 37 1 1 3
1006613736 35 1 1 3
1006613947 37 1 5 3
1006613973 21 0 1 1
1006614007 21 0 1 0
1006614073 20 0 1 1
1006614245 40 1 4 2
1006614459 32 1 1 0
1006614693 37 1 2 3
1006614770 40 1 8 0
1006614901 41 1 6 0
1006615147 40 1 4 3
1006615279 45 1 1 1
1006615645 23 0 1 0
1006615727 20 0 1 0
1006616181 45 1 1 0
1006616614 35 1 4 2
1006617648 14 0 1 1
1006617956 35 1 5 3
1006617976 35 1 3 2
1006618359 37 1 4 3
1006618941 41 1 8 2
1006618990 15 0 1 0
1006619075 41 1 1 2
1006619336 13 0 1 1
1006619449 22 0 1 0
1006619749 41 1 7 2
1006619829 36 1 4 2
1006619987 39 1 1 1
1006620084 41 1 2 2
1006620109 42 1 2 1
1006620328 36 1 2 2
1006620593 41 1 7 3
1006621001 38 1 1 1
1006621001 41 1 1 3
1006621118 43 1 2 1
1006621443 18 0 1 1
1006621458 16 0 1 1
1006621627 38 1 1 0
1006621703 41 1 1 2
1006622035 42 1 2 0
1006622570 35 1 5 2
1006622737 42 1 2 1
1006622833 41 1 8 3
1006622845 37 1 1 2
1006623056 36 1 3 2
1006623402 37 1 3 2
1006623604 15 0 1 1
1006623725 41 1 2 3
1006623767 37 1 3 3
1006623864 35 1 5 3
1006623923 41 1 6 1
1006624090 17 0 1 1
1006624187 41 1 1 3
1006624207 39 1 1 0
1006624745 21 0 1 1
1006624759 43 1 2 0
1006624898 15 0 1 0
1006624903 36 1 2 3
1006625221 42 1 2 0
1006625552 35 1 4 3
1006625623 21 0 1 0
1006626396 35 1 3 3
1006626409 37 1 5 2
1006626553 37 1 5 3
1006626586 14 0 1 0
1006626654 41 1 2 2
1006626748 16 0 1 0
1006627430 13 0 1 0
1006627481 37 1 3 2
1006627579 36 1 3 3
1006627688 43 1 2 1
1006627909 41 1 1 2
1006627939 37 1 2 2
1006628023 23 0 1 1
1006628057 23 0 1 0
1006628091 37 1 4 2
1006628613 17 0 1 0
1006628679 41 1 7 2
1006628727 41 1 8 2
1006628841 37 1 1 3
1006628943 42 1 2 1
1006628973 20 0 1 1
1006629071 37 1 3 3
1006629225 21 0 1 1
1006629787 38 1 1 1
1006629817 22 0 1 1
1006629915 37 1 2 3
1006630023 41 1 6 0
1006630118 35 1 5 2
1006630199 21 0 1 0
1006630557 39 1 1 1
1006630616 35 1 5 3
1006630915 41 1 5 3
1006631010 35 1 3 2
1006631011 20 0 1 0
1006631152 15 0 1 1
1006631259 41 1 7 3
1006631433 41 1 8 3
1006631650 15 0 1 0
1006631806 35 1 5 2
1006631949 36 1 1 0
1006631949 36 1 4 3
1006632449 38 1 1 0
1006632840 15 0 1 1
1006632840 13 0 1 1
1006632949 37 1 3 2
1006633137 39 1 1 0
1006633773 18 0 1 0
1006634435 41 1 1 3
1006634597 21 0 1 1
1006635469 42 1 2 0
1006636173 37 1 3 3
1006636279 37 1 1 2
1006637247 37 1 4 3
1006637259 21 0 1 0
1006638099 41 1 6 1
1006638212 35 1 3 3
1006639001 22 0 1 0
1006639592 13 0 1 0
1006641237 41 1 7 2
1006642271 38 1 1 1
1006642377 41 1 5 2
1006642432 35 1 5 3
1006643411 36 1 1 1
1006643466 15 0 1 0
1006644923 37 1 1 3
1006644978 36 1 2 2
1006645625 36 1 2 3
1006646203 41 1 6 0
1006646429 16 0 1 1
1006646762 36 1 2 2
1006647095 41 1 7 3
1006647307 16 0 1 0
1006647481 36 1 3 2
1006647661 41 1 8 2
1006647842 35 1 4 2
1006647987 41 1 8 3
1006648233 16 0 1 1
1006648340 35 1 4 3
1006648383 37 1 2 2
1006648513 37 1 2 3
1006648515 17 0 1 1
1006648695 37 1 4 2
1006648695 39 1 1 1
1006648876 14 0 1 1
1006648879 41 1 2 3
1006648997 38 1 1 0
1006649021 39 1 1 0
1006649374 14 0 1 0
1006649695 20 0 1 1
1006649729 20 0 1 0
1006649821 37 1 3 2
1006649903 36 1 4 2
1006649913 43 1 2 0
1006650145 35 1 1 2
1006650261 22 0 1 1
1006650507 37 1 3 3
1006651119 18 0 1 1
1006651179 40 1 8 1
1006651261 21 0 1 1
1006651605 37 1 3 2
1006652187 21 0 1 0
1006653065 21 0 1 1
1006653639 37 1 2 2
1006653735 36 1 2 3
1006653849 37 1 4 3
1006653961 37 1 3 3
1006654451 36 1 4 3
1006654805 37 1 2 3
1006654805 36 1 3 3
1006655160 35 1 1 3
1006655277 20 0 1 1
1006655423 37 1 2 2
1006655451 16 0 1 0
1006655517 22 0 1 0
1006655727 21 0 1 0
1006655757 18 0 1 0
1006655839 17 0 1 0
1006656194 40 1 8 0
1006656203 20 0 1 0
1006656315 37 1 2 3
1006656811 41 1 5 3
1006657129 20 0 1 1
1006657849 36 1 1 0
1006658007 20 0 1 0
1006658891 37 1 2 2
1006659217 37 1 2 3
1006659865 37 1 2 2
1006659907 37 1 4 2
1006659945 35 1 1 2
1006660157 37 1 4 3
1006660391 37 1 1 2
1006660399 20 0 1 1
1006660433 20 0 1 0
1006660502 35 1 4 2
1006660742 35 1 5 2
1006660799 37 1 4 2
1006660899 20 0 1 1
1006660941 22 0 1 1
1006661068 35 1 1 3
1006661139 37 1 4 3
1006661191 22 0 1 0
1006661536 14 0 1 1
1006661632 40 1 8 1
1006661776 15 0 1 1
1006661912 35 1 4 3
1006662045 37 1 3 2
1006662091 41 1 6 1
1006662487 37 1 4 2
1006662510 40 1 8 0
1006662587 22 0 1 1
1006662621 22 0 1 0
1006662946 14 0 1 0
1006663693 21 0 1 1
1006663825 37 1 4 3
1006664223 37 1 4 2
1006664343 22 0 1 1
1006664717 37 1 4 3
1006664737 36 1 4 2
1006664745 36 1 4 3
1006665269 22 0 1 0
1006665351 22 0 1 1
1006665751 22 0 1 0
1006665960 41 1 8 2
1006666007 37 1 4 2
1006666164 41 1 2 2
1006666255 18 0 1 1
1006666289 18 0 1 0
1006666401 37 1 2 3
1006666589 41 1 5 2
1006666723 41 1 1 2
1006667041 22 0 1 1
1006667198 43 1 2 1
1006667341 37 1 3 3
1006667435 20 0 1 0
1006667547 39 1 1 1
1006667623 36 1 1 1
1006667820 35 1 5 3
1006668237 37 1 4 3
1006668483 42 1 2 1
1006668854 15 0 1 0
1006669031 21 0 1 0
1006669077 37 1 1 3
1006669271 22 0 1 0
1006669881 40 1 5 2
1006670115 41 1 6 0
1006670497 36 1 2 2
1006670959 41 1 8 3
1006670981 36 1 4 2
1006671183 32 1 1 1
1006671967 16 0 1 1
1006672423 18 0 1 1
1006672799 39 1 1 0
1006673019 36 1 3 2
1006673683 41 1 1 3
1006674101 40 1 5 3
1006674252 17 0 1 1
1006675427 42 1 2 0
1006675467 41 1 2 3
1006675527 37 1 1 2
1006675581 32 1 1 0
1006675702 36 1 5 2
1006676175 37 1 2 2
1006676213 37 1 2 3
1006676501 43 1 2 0
1006676736 19 0 1 1
1006677133 37 1 3 2
1006677179 41 1 6 1
1006677209 20 0 1 1
1006677247 20 0 1 0
1006677961 41 1 7 2
1006678211 41 1 8 2
1006678559 36 1 2 3
1006678685 21 0 1 1
1006678803 37 1 2 2
1006678855 37 1 4 2
1006678937 37 1 1 3
1006678959 41 1 1 2
1006679175 40 1 3 2
1006679189 41 1 2 2
1006679197 38 1 1 1
1006679245 39 1 1 1
1006679453 40 1 5 2
1006679469 37 1 4 3
1006679699 37 1 4 2
1006679781 37 1 2 3
1006679873 36 1 5 3
1006679981 16 0 1 0
1006679993 42 1 2 1
1006680081 20 0 1 1
1006680209 44 1 1 1
1006680223 43 1 2 1
1006680681 22 0 1 1
1006680733 41 1 6 0
1006680743 41 1 1 3
1006680763 22 0 1 0
1006680797 22 0 1 1
1006680851 32 1 1 1
1006680907 19 0 1 0
1006681007 20 0 1 0
1006681139 36 1 3 3
1006681205 37 1 4 3
1006681431 37 1 2 2
1006681777 42 1 2 0
1006681793 40 1 3 3
1006682173 17 0 1 0
1006682239 22 0 1 0
1006682327 37 1 4 2
1006682421 41 1 8 3
1006682465 20 0 1 1
1006682827 44 1 1 0
1006682941 37 1 4 3
1006683313 41 1 7 3
1006683349 37 1 2 3
1006683349 37 1 3 3
1006683361 22 0 1 1
1006683455 39 1 1 0
1006683695 37 1 2 2
1006683719 36 1 1 2
1006684189 36 1 1 3
1006684205 41 1 5 3
1006684241 37 1 2 3
1006684347 38 1 1 0
1006684435 20 0 1 0
1006684455 22 0 1 0
1006684515 36 1 2 2
1006684729 20 0 1 1
1006684753 41 1 5 1
1006684819 21 0 1 0
1006685031 34 1 5 2
1006685223 41 1 5 0
1006685239 36 1 1 0
1006685275 20 0 1 0
1006685836 34 1 4 2
1006686065 11 0 1 1
1006686067 16 0 1 1
1006686083 36 1 4 3
1006686870 10 0 1 1
1006687333 18 0 1 0
1006687819 36 1 2 3
1006688029 37 1 2 2
1006688653 37 1 2 3
1006688845 37 1 4 2
1006688873 37 1 2 2
1006689437 40 1 5 3
1006689461 41 1 2 3
1006689551 36 1 5 2
1006689573 16 0 1 0
1006689787 20 0 1 1
1006689821 20 0 1 0
1006689879 22 0 1 1
1006689951 20 0 1 1
1006690228 34 1 5 3
1006690495 43 1 2 0
1006690585 19 0 1 1
1006691137 37 1 3 2
1006691233 37 1 4 3
1006691269 32 1 1 0
1006691305 37 1 1 2
1006691429 37 1 1 3
1006691471 11 0 1 0
1006691867 36 1 4 2
1006692387 41 1 5 2
1006692583 22 0 1 0
1006692737 21 0 1 1
1006692760 34 1 4 3
1006693111 41 1 6 1
1006693145 41 1 6 0
1006693323 18 0 1 1
1006693794 10 0 1 0
1006693925 36 1 5 3
1006694111 36 1 1 1
1006694825 37 1 1 2
1006694903 37 1 3 3
1006694993 37 1 2 3
1006695037 36 1 3 2
1006695227 19 0 1 0
1006695747 36 1 3 3
1006695811 41 1 8 2
1006695891 36 1 2 2
1006695903 41 1 6 1
1006696003 41 1 8 3
1006696027 20 0 1 0
1006696071 17 0 1 1
1006696243 21 0 1 0
1006696739 34 1 5 2
1006696781 17 0 1 0
1006696845 39 1 1 1
1006696847 41 1 5 3
1006697539 16 0 1 1
1006697723 39 1 1 0
1006697881 36 1 1 0
1006698218 34 1 4 2
1006698319 11 0 1 1
1006698465 40 1 5 2
1006698513 37 1 1 3
1006698625 36 1 3 2
1006698725 36 1 2 3
1006699235 41 1 7 2
1006699252 10 0 1 1
1006699659 17 0 1 1
1006699709 32 1 1 1
1006699725 41 1 5 2
1006699783 41 1 1 2
1006699885 37 1 3 2
1006700043 41 1 8 2
1006700201 16 0 1 0
1006700253 41 1 6 0
1006700269 38 1 1 1
1006700413 36 1 3 3
1006700759 36 1 1 1
1006700817 42 1 2 1
1006700937 36 1 4 3
1006701305 39 1 1 1
1006701353 36 1 5 2
1006701413 41 1 7 3
1006701447 17 0 1 0
1006701533 21 0 1 1
1006702033 37 1 3 3
1006702085 41 1 1 3
1006702241 40 1 5 3
1006702387 19 0 1 1
1006702447 38 1 1 0
1006702561 37 1 3 2
1006702689 18 0 1 0
1006702963 37 1 4 2
1006703255 21 0 1 0
1006703291 36 1 3 2
1006703291 42 1 2 0
1006703713 37 1 4 3
1006703732 34 1 5 3
1006703821 41 1 5 3
1006703997 22 0 1 1
1006704059 32 1 1 0
1006704133 21 0 1 1
1006704325 17 0 1 1
1006704576 34 1 4 3
1006704735 36 1 2 2
1006704903 36 1 1 0
1006704957 22 0 1 0
1006705119 11 0 1 0
1006705610 10 0 1 0
1006705659 37 1 2 2
1006706331 36 1 4 2
1006706335 16 0 1 1
1006706389 37 1 2 3
1006706545 41 1 8 3
1006706693 20 0 1 1
1006707423 20 0 1 0
1006707579 39 1 1 0
1006708011 36 1 5 3
1006708027 18 0 1 1
1006708335 37 1 2 2
1006708373 37 1 3 3
1006708763 36 1 3 3
1006709045 19 0 1 0
1006709369 20 0 1 1
1006709443 37 1 4 2
1006709471 21 0 1 0
1006709509 34 1 5 2
1006709607 36 1 2 3
1006709797 17 0 1 0
1006709986 34 1 4 2
1006710477 22 0 1 1
1006710543 11 0 1 1
1006710733 16 0 1 0
1006711020 10 0 1 1
1006712835 37 1 4 3
1006713583 36 1 4 3
1006713677 37 1 2 3
1006713691 41 1 5 2
1006713869 22 0 1 0
1006714704 34 1 5 3
1006714763 20 0 1 0
1006714773 36 1 1 1
1006714957 18 0 1 0
1006716146 11 0 1 0
1006716392 34 1 4 3
1006716845 36 1 5 2
1006717426 10 0 1 0
1006717879 19 0 1 1
1006718465 37 1 3 2
1006718901 36 1 1 2
1006719727 36 1 2 2
1006719935 41 1 5 1
1006720017 21 0 1 1
1006720129 36 1 3 2
1006720383 36 1 4 2
1006720632 34 1 5 2
1006720958 34 1 4 2
1006720961 41 1 5 3
1006721163 17 0 1 1
1006721375 16 0 1 1
1006721935 18 0 1 1
1006721992 10 0 1 1
1006721995 36 1 1 0
1006722095 11 0 1 1
1006723003 36 1 1 3
1006723611 36 1 3 3
1006723613 37 1 2 2
1006723649 37 1 1 2
1006723895 36 1 5 3
1006724333 37 1 1 3
1006724395 41 1 8 2
1006724433 41 1 8 3
1006724455 36 1 2 3
1006724645 17 0 1 0
1006724647 20 0 1 1
1006724717 41 1 5 0
1006724929 19 0 1 0
1006725093 37 1 2 3
1006725116 40 1 5 2
1006725119 41 1 6 1
1006725397 37 1 2 2
1006725433 37 1 1 2
1006725869 16 0 1 0
1006725997 41 1 6 0
1006726049 40 1 3 2
1006726071 39 1 1 1
1006726105 39 1 1 0
1006726117 37 1 3 3
1006726127 20 0 1 0
1006726257 32 1 1 1
1006726568 34 1 5 3
1006726957 40 1 5 3
1006726971 41 1 6 1
1006727027 40 1 3 3
1006727083 44 1 1 1
1006727251 20 0 1 1
1006727412 34 1 4 3
1006727683 37 1 1 3
1006727791 21 0 1 0
1006727817 37 1 4 2
1006727837 37 1 2 3
1006727949 41 1 8 2
1006728027 32 1 1 0
1006728061 44 1 1 0
1006728083 40 1 3 2
1006728147 11 0 1 0
1006728237 41 1 5 2
1006728446 10 0 1 0
1006728611 40 1 8 2
1006728719 41 1 1 2
1006728733 37 1 1 2
1006728815 37 1 2 2
1006728837 41 1 6 0
1006728851 22 0 1 1
1006728871 20 0 1 0
1006729117 44 1 1 1
1006729223 39 1 1 1
1006729271 36 1 1 1
1006729455 40 1 8 3
1006729599 41 1 8 3
1006729681 41 1 5 3
1006729753 42 1 2 1
1006729973 41 1 5 2
1006729975 20 0 1 1
1006730009 35 1 1 1
1006730329 41 1 1 3
1006730559 41 1 6 1
1006730633 39 1 1 0
1006730715 36 1 1 0
1006730721 41 1 7 2
1006730763 40 1 5 2
1006730935 35 1 1 0
1006730969 36 1 4 3
1006731007 36 1 1 1
1006731173 41 1 1 2
1006731363 42 1 2 0
1006731755 38 1 1 1
1006731797 32 1 1 1
1006731925 40 1 2 2
1006732069 40 1 2 3
1006732204 18 0 1 0
1006732299 41 1 2 2
1006732325 37 1 3 2
1006732409 37 1 3 3
1006732743 42 1 2 1
1006732959 43 1 1 1
1006732961 40 1 3 3
1006733055 37 1 4 3
1006733103 43 1 1 0
1006733253 37 1 2 3
1006733333 43 1 2 1
1006733369 41 1 8 2
1006733573 36 1 5 2
1006733666 34 1 4 2
1006733973 21 0 1 1
1006733995 44 1 1 0
1006734007 21 0 1 0
1006734133 36 1 3 2
1006734203 22 0 1 0
1006734273 34 1 5 2
1006734287 20 0 1 0
1006734479 39 1 1 1
1006734607 19 0 1 1
1006734676 36 1 3 3
1006734700 10 0 1 1
1006734743 37 1 1 3
1006735192 17 0 1 1
1006735213 36 1 1 2
1006735710 17 0 1 0
1006735791 11 0 1 1
1006735821 36 1 3 2
1006735897 41 1 6 0
1006736247 41 1 5 1
1006736633 36 1 2 2
1006736855 17 0 1 1
1006737588 34 1 4 3
1006737630 36 1 4 2
1006738151 16 0 1 1
1006738432 34 1 5 3
1006738622 10 0 1 0
1006739230 18 0 1 1
1006739466 11 0 1 0
1006739713 40 1 5 3
1006740353 37 1 3 2
1006740357 41 1 1 3
1006740747 32 1 1 0
1006741201 41 1 7 3
1006741347 39 1 4 2
1006741391 42 1 2 0
1006741877 21 0 1 1
1006742141 41 1 2 3
1006742235 38 1 1 0
1006742339 39 1 4 3
1006742381 30 0 1 1
1006742594 36 1 3 3
1006742985 41 1 5 3
1006743175 43 1 2 0
1006743438 36 1 2 3
1006743477 36 1 5 3
1006743539 30 0 1 0
1006743628 17 0 1 0
1006743842 34 1 4 2
1006743877 41 1 8 3
1006743890 34 1 5 2
1006743919 37 1 2 2
1006744019 36 1 1 0
1006744057 39 1 4 2
1006744321 36 1 1 3
1006744477 16 0 1 0
1006744511 19 0 1 0
1006744911 39 1 1 0
1006744924 11 0 1 1
1006744953 20 0 1 1
1006744967 39 1 4 3
1006745091 30 0 1 1
1006745123 10 0 1 1
1006745457 37 1 2 3
1006745897 41 1 5 0
1006746563 30 0 1 0
1006746803 20 0 1 0
1006747525 37 1 3 3
1006748560 34 1 4 3
1006748647 37 1 2 2
1006748903 21 0 1 0
1006749239 41 1 1 2
1006749404 34 1 5 3
1006749594 10 0 1 0
1006749681 20 0 1 1
1006750249 37 1 2 3
1006750261 41 1 1 3
1006750273 42 1 2 1
1006750383 37 1 2 2
1006750469 36 1 4 3
1006751031 11 0 1 0
1006751121 37 1 1 2
1006751383 20 0 1 0
1006751417 20 0 1 1
1006751589 37 1 4 2
1006752091 42 1 2 0
1006752116 18 0 1 0
1006752497 37 1 3 2
1006752639 41 1 6 1
1006752925 37 1 4 3
1006753153 22 0 1 1
1006753325 37 1 4 2
1006753797 37 1 1 3
1006753959 22 0 1 0
1006753999 36 1 5 2
1006754241 21 0 1 1
1006754253 37 1 2 3
1006754359 22 0 1 1
1006754814 34 1 4 2
1006755033 19 0 1 1
1006755193 37 1 3 3
1006755253 41 1 6 0
1006755771 20 0 1 0
1006755848 10 0 1 1
1006756339 36 1 1 2
1006756361 34 1 5 2
1006756710 41 1 5 2
1006756903 21 0 1 0
1006757025 36 1 2 2
1006757636 41 1 5 1
1006757879 11 0 1 1
1006758155 41 1 1 2
1006758157 36 1 1 1
1006758229 37 1 4 3
1006758434 36 1 4 2
1006758543 16 0 1 1
1006758688 34 1 4 3
1006758869 41 1 5 3
1006759012 40 1 5 2
1006759095 41 1 1 3
1006759120 36 1 3 2
1006759189 42 1 2 1
1006759324 41 1 5 2
1006759607 41 1 7 2
1006759722 10 0 1 0
1006759799 41 1 8 2
1006759903 36 1 1 0
1006759963 22 0 1 0
1006760034 18 0 1 1
1006760065 40 1 5 3
1006760143 32 1 1 1
1006760154 17 0 1 1
1006760358 36 1 1 1
1006760358 42 1 2 0
1006760973 38 1 1 1
1006761220 34 1 5 3
1006761533 39 1 1 1
1006761535 41 1 7 3
1006761662 36 1 2 3
1006761913 32 1 1 0
1006762037 36 1 5 3
1006762254 11 0 1 0
1006762506 36 1 3 3
1006762579 38 1 1 0
1006762881 36 1 1 3
1006762989 16 0 1 0
1006763540 17 0 1 0
1006763578 19 0 1 0
1006763915 41 1 5 0
1006764990 34 1 4 2
1006765747 41 1 8 3
1006765786 34 1 5 2
1006765849 37 1 3 2
1006766024 10 0 1 1
1006766053 41 1 5 3
1006766059 40 1 8 2
1006766069 40 1 8 3
1006766663 40 1 5 2
1006766781 39 1 1 0
1006766820 11 0 1 1
1006767171 21 0 1 1
1006767197 35 1 1 1
1006767231 35 1 1 0
1006767625 36 1 1 0
1006767972 34 1 4 3
1006768095 32 1 1 1
1006768127 37 1 2 2
1006768813 37 1 4 2
1006769006 10 0 1 0
1006769161 20 0 1 1
1006769847 22 0 1 1
1006770500 36 1 5 2
1006770504 34 1 5 3
1006771427 37 1 4 3
1006771538 11 0 1 0
1006771561 37 1 1 2
1006771705 36 1 4 3
1006771709 37 1 1 3
1006772374 19 0 1 1
1006772461 22 0 1 0
1006772597 37 1 3 3
1006772920 18 0 1 0
1006773079 41 1 6 1
1006773161 41 1 6 0
1006773441 37 1 2 3
1006773809 40 1 5 3
1006774149 21 0 1 0
1006774475 20 0 1 0
1006775025 32 1 1 0
1006775444 34 1 4 2
1006776478 10 0 1 1
1006776857 34 1 5 2
1006777902 11 0 1 1
1006778148 34 1 4 3
1006778305 36 1 1 2
1006779032 36 1 3 2
1006779202 41 1 5 2
1006779219 10 0 1 0
1006779852 36 1 3 3
1006780066 17 0 1 1
1006780080 41 1 5 1
1006780236 36 1 1 1
1006780768 36 1 3 2
1006780903 36 1 2 2
1006781045 17 0 1 0
1006781229 37 1 1 2
1006781329 40 1 5 2
1006781359 37 1 3 2
1006781623 37 1 2 2
1006781802 17 0 1 1
1006781914 36 1 4 2
1006782055 41 1 8 2
1006782251 36 1 5 3
1006782311 16 0 1 1
1006782368 34 1 5 3
1006782418 36 1 2 3
1006782863 21 0 1 1
1006782889 37 1 4 2
1006782959 41 1 6 1
1006782997 32 1 1 1
1006783196 41 1 1 2
1006783203 39 1 1 1
1006783253 37 1 1 3
1006783285 19 0 1 0
1006783418 18 0 1 1
1006783447 20 0 1 1
1006783487 11 0 1 0
1006783579 36 1 2 2
1006783923 22 0 1 1
1006784001 41 1 7 2
1006784129 16 0 1 0
1006784230 42 1 2 1
1006784729 41 1 6 0
1006784927 37 1 2 3
1006784950 36 1 2 3
1006785029 36 1 1 3
1006785055 16 0 1 1
1006785170 38 1 1 1
1006785620 34 1 4 2
1006785794 36 1 3 3
1006786029 16 0 1 0
1006786063 41 1 5 0
1006786171 20 0 1 0
1006786348 41 1 7 3
1006786636 34 1 4 3
1006786654 10 0 1 1
1006786821 37 1 4 3
1006786828 17 0 1 0
1006786955 41 1 1 3
1006787308 34 1 4 2
1006787345 37 1 3 3
1006787357 41 1 5 3
1006787382 38 1 1 0
1006787457 40 1 5 3
1006787670 10 0 1 0
1006787855 22 0 1 0
1006787929 41 1 8 3
1006787959 34 1 5 2
1006787989 42 1 2 0
1006788342 10 0 1 1
1006788765 36 1 2 2
1006788881 36 1 1 0
1006788993 11 0 1 1
1006789118 39 1 1 0
1006789131 32 1 1 0
1006789141 21 0 1 0
1006789168 34 1 4 3
1006790241 36 1 5 2
1006790335 10 0 1 0
1006790427 16 0 1 1
1006790617 36 1 1 2
1006791211 36 1 4 3
1006791275 19 0 1 1
1006792495 41 1 5 1
1006792784 18 0 1 0
1006793023 34 1 4 2
1006793327 36 1 2 3
1006793388 34 1 5 3
1006794057 10 0 1 1
1006794115 37 1 2 2
1006794422 11 0 1 0
1006794567 37 1 3 2
1006794921 16 0 1 0
1006795400 36 1 1 3
1006795539 20 0 1 1
1006795645 37 1 2 3
1006795851 37 1 2 2
1006796071 21 0 1 1
1006796074 41 1 7 2
1006796205 41 1 8 2
1006796265 37 1 3 3
1006796595 37 1 4 2
1006796764 34 1 4 3
1006796875 20 0 1 0
1006796893 41 1 5 0
1006796909 20 0 1 1
1006797108 38 1 1 1
1006797121 41 1 8 3
1006797489 36 1 5 3
1006797629 22 0 1 1
1006797737 41 1 5 2
1006797798 10 0 1 0
1006797889 21 0 1 0
1006797952 39 1 1 1
1006798001 37 1 2 3
1006798155 39 1 1 0
1006798260 40 1 5 2
1006798771 36 1 1 1
1006798965 37 1 1 2
1006799086 19 0 1 0
1006799261 37 1 1 3
1006799503 20 0 1 0
1006799690 41 1 5 3
1006799973 32 1 1 1
1006800457 37 1 4 3
1006800632 36 1 3 2
1006800639 37 1 3 2
1006800819 41 1 6 1
1006800853 41 1 6 0
1006801303 36 1 1 2
1006801337 36 1 1 0
1006801666 17 0 1 1
1006801687 22 0 1 0
1006801778 36 1 4 2
1006801788 36 1 5 2
1006801901 40 1 5 3
1006802335 21 0 1 1
1006802337 41 1 5 1
1006802486 40 1 4 2
1006802745 36 1 5 3
1006802822 19 0 1 1
1006803097 37 1 3 3
1006803330 40 1 4 3
1006803378 18 0 1 1
1006803520 45 1 1 1
1006803675 32 1 1 0
1006803779 19 0 1 0
1006804066 36 1 3 3
1006804272 41 1 2 2
1006804364 45 1 1 0
1006804901 21 0 1 0
1006805100 17 0 1 0
1006805306 43 1 2 1
1006806089 41 1 7 3
1006806187 41 1 8 2
1006806313 36 1 4 3
1006806701 41 1 5 2
1006807057 41 1 1 2
1006807123 38 1 1 0
1006807145 41 1 6 2
1006807221 39 1 1 1
1006807359 36 1 5 2
1006807469 36 1 2 2
1006807651 37 1 3 2
1006807680 18 0 1 0
1006807735 36 1 1 1
1006807861 37 1 4 2
1006807907 41 1 1 3
1006807989 41 1 6 3
1006808091 42 1 2 1
1006808368 36 1 1 3
1006808393 19 0 1 1
1006808859 37 1 1 1
1006808941 42 1 2 0
1006808991 40 1 5 2
1006809035 16 0 1 1
1006809299 21 0 1 1
1006809339 22 0 1 1
1006809402 41 1 5 0
1006809725 41 1 5 3
1006809785 37 1 1 0
1006810293 32 1 1 1
1006810328 41 1 8 3
1006810368 36 1 3 2
1006810437 40 1 5 3
1006811044 36 1 3 3
1006811322 36 1 4 2
1006811328 36 1 1 0
1006811402 17 0 1 1
1006811651 39 1 1 0
1006811825 37 1 2 2
1006811867 37 1 4 3
1006812015 32 1 1 0
1006812078 17 0 1 0
1006812413 37 1 1 2
1006812641 37 1 3 3
1006812711 41 1 2 3
1006812814 36 1 2 3
1006812883 20 0 1 1
1006812922 18 0 1 1
1006812948 36 1 3 2
1006813112 36 1 3 3
1006813533 37 1 1 3
1006813543 41 1 6 1
1006813703 22 0 1 0
1006813745 43 1 2 0
1006813793 21 0 1 0
1006813982 17 0 1 1
1006814146 17 0 1 0
1006814325 16 0 1 0
1006814425 37 1 2 3
1006814956 41 1 5 2
1006815361 41 1 6 0
1006815740 36 1 1 2
1006815990 36 1 1 1
1006816027 20 0 1 0
1006816100 40 1 5 2
1006816433 41 1 2 2
1006817570 41 1 5 1
1006817678 43 1 2 1
1006817785 36 1 4 3
1006817841 32 1 1 1
1006818142 36 1 3 2
1006819152 18 0 1 0
1006819176 17 0 1 1
1006819335 41 1 7 2
1006819335 41 1 7 3
1006819547 41 1 8 2
1006819621 37 1 2 2
1006819651 41 1 1 2
1006819777 37 1 2 3
1006820097 37 1 3 2
1006820369 38 1 1 1
1006820403 38 1 1 0
1006820581 39 1 1 1
1006820643 36 1 2 2
1006820669 37 1 3 3
1006820915 20 0 1 1
1006820949 20 0 1 0
1006821010 36 1 4 2
1006821070 40 1 8 2
1006821071 41 1 7 2
1006821213 42 1 2 1
1006821287 40 1 4 2
1006821339 36 1 5 3
1006821357 37 1 2 2
1006821553 40 1 8 3
1006821663 21 0 1 1
1006821881 37 1 3 2
1006822104 35 1 1 1
1006822243 16 0 1 1
1006822361 37 1 4 2
1006822367 45 1 1 1
1006822541 21 0 1 0
1006822552 19 0 1 0
1006822565 38 1 1 1
1006822587 35 1 1 0
1006822598 36 1 3 3
1006822671 20 0 1 1
1006822754 18 0 1 1
1006823319 36 1 2 3
1006823442 36 1 1 3
1006823467 21 0 1 1
1006823632 17 0 1 0
1006824079 40 1 3 2
1006824079 22 0 1 1
1006824185 41 1 1 3
1006824189 37 1 2 3
1006824476 41 1 5 0
1006824494 40 1 8 2
1006824905 16 0 1 0
1006824929 40 1 8 3
1006825113 44 1 1 1
1006825125 41 1 7 3
1006825219 42 1 2 0
1006825320 41 1 8 3
1006825381 20 0 1 0
1006825773 40 1 5 3
1006825957 35 1 1 1
1006825991 35 1 1 0
1006826159 38 1 1 0
1006826233 39 1 4 2
1006826379 37 1 3 3
1006826510 39 1 1 0
1006826665 40 1 4 3
1006826807 32 1 1 0
1006826849 37 1 4 3
1006826957 41 1 5 3
1006827031 40 1 3 3
1006827175 39 1 4 3
1006827239 37 1 2 2
1006827319 37 1 2 3
1006827607 36 1 2 2
1006827699 45 1 1 0
1006827865 21 0 1 0
1006827943 30 0 1 1
1006828008 36 1 1 2
1006828042 36 1 1 0
1006828056 36 1 3 2
1006828065 44 1 1 0
1006828109 22 0 1 0
1006828273 20 0 1 1
1006828353 20 0 1 0
1006828630 36 1 5 2
1006828869 30 0 1 0
1006829042 41 1 5 1
1006829104 17 0 1 1
1006829303 16 0 1 1
1006829664 19 0 1 1
1006829681 41 1 2 3
1006829778 36 1 4 3
1006830715 43 1 2 0
1006830931 36 1 1 3
1006831312 36 1 2 3
1006831372 18 0 1 0
1006831703 37 1 4 2
1006832548 41 1 5 0
1006832737 22 0 1 1
1006832809 16 0 1 0
1006833000 36 1 3 3
1006833015 40 1 5 2
1006833815 41 1 1 2
1006834007 41 1 7 2
1006834034 17 0 1 0
1006834135 37 1 3 2
1006834596 40 1 8 2
1006834693 41 1 1 3
1006834781 37 1 3 3
1006834817 32 1 1 1
1006834841 41 1 7 3
1006834849 42 1 2 1
1006835425 36 1 5 3
1006835693 38 1 1 1
1006835721 37 1 4 3
1006835783 21 0 1 1
1006835791 41 1 7 2
1006835817 21 0 1 0
1006835947 35 1 1 1
1006835967 37 1 3 2
1006836162 42 1 2 0
1006836459 19 0 1 0
1006836571 38 1 1 0
1006836841 40 1 8 3
1006836863 38 1 1 1
1006836905 22 0 1 0
1006836926 41 1 7 3
1006837006 41 1 2 2
1006837587 21 0 1 1
1006837960 38 1 1 0
1006838040 43 1 2 1
1006838513 35 1 1 0
1006840614 40 1 4 2
1006840770 40 1 1 2
1006841271 37 1 2 2
1006841648 45 1 1 1
1006842305 20 0 1 1
1006842461 42 1 1 1
1006842483 37 1 3 3
1006842695 36 1 2 2
1006842905 37 1 2 3
1006843028 36 1 4 2
1006843079 37 1 4 2
1006843306 36 1 2 3
1006843377 36 1 4 3
1006843587 36 1 2 2
1006843689 40 1 5 3
1006843769 21 0 1 0
1006843920 36 1 4 2
1006844151 20 0 1 0
1006844155 22 0 1 1
1006844218 36 1 2 3
1006844295 16 0 1 1
1006844306 18 0 1 1
1006844307 36 1 5 2
1006844377 16 0 1 0
1006844414 36 1 3 2
1006844641 37 1 4 3
1006844949 37 1 5 2
1006845026 36 1 1 2
1006845041 32 1 1 0
1006845062 36 1 3 3
1006845134 40 1 3 2
1006845184 18 0 1 0
1006845218 18 0 1 1
1006845229 36 1 1 3
1006845255 16 0 1 1
1006845337 16 0 1 0
1006845341 19 0 1 1
1006845397 37 1 5 3
1006845448 17 0 1 1
1006845544 41 1 5 2
1006845820 41 1 2 3
1006845825 22 0 1 0
1006846009 37 1 2 2
1006846096 17 0 1 0
1006846168 44 1 1 1
1006846193 23 0 1 1
1006846269 40 1 3 3
1006846518 41 1 5 1
1006846552 41 1 5 0
1006846578 36 1 1 1
1006846885 40 1 5 2
1006847119 23 0 1 0
1006847195 39 1 4 2
1006847303 44 1 1 0
1006847307 39 1 4 3
1006847365 37 1 2 3
1006847471 43 1 2 0
1006847669 37 1 4 2
1006847675 20 0 1 1
1006847745 37 1 2 2
1006847940 36 1 3 2
1006847957 40 1 4 3
1006848073 36 1 2 2
1006848087 39 1 4 2
1006848199 39 1 4 3
1006848417 32 1 1 1
1006848697 20 0 1 0
1006848699 37 1 2 3
1006848703 22 0 1 1
1006848782 30 0 1 1
1006848862 20 0 1 1
1006848864 30 0 1 0
1006848974 17 0 1 1
1006848991 45 1 1 0
1006849101 37 1 4 3
1006849133 30 0 1 1
1006849233 30 0 1 0
1006849405 37 1 4 2
1006849433 37 1 2 2
1006849740 20 0 1 0
1006849831 16 0 1 1
1006850017 36 1 1 2
1006850135 22 0 1 0
1006850376 41 1 5 3
1006850439 22 0 1 1
1006850585 40 1 1 3
1006850618 20 0 1 1
1006850933 37 1 2 3
1006851051 41 1 5 1
1006851453 36 1 1 0
1006851857 37 1 3 2
1006852147 42 1 1 0
1006852484 20 0 1 0
1006853141 36 1 2 3
1006853295 39 1 4 2
1006853519 21 0 1 1
1006853609 37 1 3 3
1006853934 36 1 3 3
1006854051 37 1 4 3
1006854169 36 1 5 3
1006854325 16 0 1 0
1006854329 30 0 1 1
1006854391 39 1 4 3
1006854533 37 1 3 2
1006854538 41 1 8 2
1006854968 17 0 1 0
1006854985 41 1 5 2
1006855013 36 1 4 3
1006855085 22 0 1 0
1006855203 19 0 1 0
1006855289 21 0 1 0
1006855572 39 1 1 1
1006855835 37 1 3 3
1006856019 36 1 1 1
1006856215 21 0 1 1
1006856221 30 0 1 0
1006856320 41 1 7 2
1006856704 18 0 1 0
1006857093 21 0 1 0
1006857118 41 1 7 3
1006857605 38 1 1 1
1006857815 39 1 2 2
1006858039 37 1 3 2
1006858164 41 1 5 3
1006858789 37 1 5 2
1006858815 40 1 4 2
1006858901 28 0 1 1
1006858953 38 1 1 0
1006859164 37 1 1 2
1006859198 36 1 1 0
1006859377 36 1 1 3
1006859584 37 1 2 2
1006859599 37 1 5 3
1006859707 21 0 1 1
1006859839 37 1 3 3
1006859849 45 1 1 1
1006859899 40 1 1 2
1006860353 37 1 4 2
1006860389 23 0 1 1
1006860573 37 1 5 2
1006860618 20 0 1 1
1006860683 37 1 2 3
1006860735 37 1 3 2
1006860761 40 1 5 3
1006860839 41 1 6 1
1006860933 42 1 1 1
1006861042 41 1 5 2
1006861076 41 1 5 0
1006861315 23 0 1 0
1006861391 41 1 1 2
1006861403 37 1 5 3
1006861462 22 0 1 1
1006861525 21 0 1 0
1006861968 41 1 1 3
1006862076 36 1 1 1
1006862285 32 1 1 0
1006862289 23 0 1 1
1006862403 21 0 1 1
1006862425 42 1 2 1
1006862499 20 0 1 0
1006862812 41 1 8 3
1006863003 36 1 5 2
1006863107 37 1 3 3
1006863167 23 0 1 0
1006863221 37 1 1 3
1006863239 39 1 4 2
1006863305 36 1 2 2
1006863540 36 1 2 3
1006863798 42 1 2 0
1006863846 39 1 1 0
1006864097 39 1 4 3
1006864197 36 1 2 2
1006864221 21 0 1 0
1006864273 30 0 1 1
1006864345 41 1 6 0
1006864646 19 0 1 1
1006864656 36 1 1 2
1006864792 36 1 4 2
1006864823 16 0 1 1
1006864857 16 0 1 0
1006865348 36 1 3 2
1006865459 30 0 1 0
1006865534 39 1 2 3
1006865690 41 1 5 1
1006865735 16 0 1 1
1006865825 40 1 4 3
1006866021 37 1 4 3
1006866154 36 1 3 3
1006866310 18 0 1 1
1006866382 17 0 1 1
1006866859 45 1 1 0
1006866867 28 0 1 0
1006867055 22 0 1 0
1006867084 36 1 3 2
1006867859 17 0 1 0
1006868118 17 0 1 1
1006868623 41 1 2 2
1006869081 41 1 7 2
1006869433 40 1 5 2
1006869649 41 1 6 2
1006869657 43 1 2 1
1006870006 41 1 8 2
1006870467 32 1 1 1
1006870504 41 1 1 2
1006870518 36 1 3 3
1006870827 37 1 1 1
1006870865 38 1 1 1
1006870985 40 1 1 3
1006871410 36 1 2 3
1006871527 39 1 1 1
1006871552 17 0 1 0
1006871671 37 1 1 2
1006871857 36 1 5 3
1006871884 42 1 2 1
1006872161 37 1 5 2
1006872309 37 1 3 2
1006872433 42 1 1 0
1006872705 41 1 6 1
1006872857 16 0 1 0
1006872891 19 0 1 0
1006872975 37 1 2 2
1006873153 37 1 1 3
1006873551 37 1 1 2
1006873815 37 1 5 3
1006873857 23 0 1 1
1006873875 21 0 1 1
1006874009 20 0 1 1
1006874061 41 1 3 2
1006874107 37 1 4 2
1006874187 41 1 6 0
1006874187 41 1 1 3
1006874585 41 1 6 1
1006874834 36 1 1 3
1006875095 44 1 2 1
1006875221 42 1 2 0
1006875627 23 0 1 0
1006875765 39 1 2 2
1006875852 32 1 5 2
1006875868 41 1 5 0
1006875868 41 1 6 3
1006875923 22 0 1 1
1006876902 37 1 1 0
1006877177 3 0 1 1
1006877495 37 1 1 3
1006877527 40 1 4 2
1006877607 28 0 1 1
1006877653 40 1 4 3
1006877828 37 1 2 3
1006878111 36 1 5 2
1006878400 41 1 8 3
1006878561 45 1 1 1
1006878672 37 1 3 3
1006878687 45 1 1 0
1006878828 41 1 6 0
1006878828 41 1 5 3
1006878862 20 0 1 0
1006879145 19 0 1 1
1006879175 36 1 2 2
1006879304 36 1 3 2
1006879374 41 1 3 3
1006879400 36 1 1 2
1006879434 39 1 1 0
1006879720 41 1 7 3
1006879946 36 1 3 3
1006880057 21 0 1 0
1006880278 36 1 1 0
1006880278 36 1 4 3
1006880338 17 0 1 1
1006880365 40 1 5 3
1006880408 44 1 2 0
1006880434 41 1 5 1
1006880775 16 0 1 1
1006880980 17 0 1 0
1006881040 36 1 3 2
1006881399 32 1 1 0
1006881408 41 1 2 3
1006881475 38 1 1 0
1006881685 37 1 4 3
1006881872 18 0 1 0
1006882442 43 1 2 0
1006882608 36 1 3 3
1006882719 22 0 1 0
1006882837 17 0 1 1
1006883135 32 1 5 3
1006883500 36 1 1 3
1006883642 17 0 1 0
1006883983 41 1 1 2
1006884512 36 1 3 2
1006884642 39 1 2 3
1006884736 41 1 5 0
1006884951 3 0 1 0
1006885188 36 1 2 3
1006885274 41 1 2 2
1006885546 17 0 1 1
1006885671 41 1 1 3
1006885676 28 0 1 0
1006885736 42 1 2 1
1006885957 36 1 5 3
1006886032 36 1 3 3
1006886308 43 1 2 1
1006886705 42 1 2 0
1006886957 16 0 1 0
1006887066 17 0 1 0
1006887364 19 0 1 0
1006889484 41 1 2 3
1006889960 36 1 4 2
1006890518 43 1 2 0
1006890711 37 1 4 2
1006890800 36 1 1 2
1006891328 37 1 1 2
1006891334 18 0 1 1
1006891449 37 1 1 3
1006891727 37 1 3 2
1006891728 41 1 5 2
1006891745 22 0 1 1
1006892286 36 1 3 2
1006892362 41 1 2 2
1006892598 36 1 5 2
1006892606 41 1 5 1
1006892942 41 1 6 1
1006892976 41 1 6 0
1006893004 41 1 2 3
1006893007 40 1 5 2
1006893275 36 1 2 2
1006893320 17 0 1 1
1006893327 21 0 1 1
1006893407 37 1 3 3
1006893414 36 1 1 1
1006893750 37 1 2 2
1006893846 43 1 2 1
1006894038 43 1 2 0
1006894164 19 0 1 1
1006894181 32 1 1 1
1006894226 41 1 8 2
1006894347 37 1 2 3
1006894403 37 1 3 2
1006894731 16 0 1 1
1006894784 20 0 1 1
1006894848 37 1 1 2
1006894955 41 1 1 2
1006895049 21 0 1 0
1006895191 37 1 4 3
1006895381 20 0 1 0
1006895467 36 1 1 3
1006895519 41 1 7 2
1006895663 41 1 7 3
1006895692 37 1 1 3
1006895709 39 1 1 1
1006895989 42 1 2 1
1006896023 21 0 1 1
1006896083 37 1 3 3
1006896225 22 0 1 0
1006896359 36 1 4 3
1006896468 36 1 3 3
1006896501 41 1 5 0
1006896553 38 1 1 1
1006896578 41 1 6 1
1006896734 38 1 1 0
1006897389 40 1 5 3
1006897468 18 0 1 0
1006897502 17 0 1 0
1006897552 41 1 6 0
1006897745 21 0 1 0
1006898080 39 1 2 2
1006898396 41 1 5 3
1006898483 32 1 1 0
1006899163 41 1 1 3
1006899489 28 0 1 1
1006899940 36 1 2 3
1006900067 36 1 1 0
1006900197 42 1 2 0
1006900745 37 1 2 2
1006900851 41 1 8 3
1006901569 37 1 2 3
1006901709 16 0 1 0
1006901779 20 0 1 1
1006901885 39 1 1 0
1006902433 37 1 4 2
1006902445 36 1 5 3
1006902529 37 1 2 2
1006902695 36 1 1 2
1006902880 36 1 4 2
1006903003 40 1 5 2
1006903399 20 0 1 0
1006903495 22 0 1 1
1006903563 20 0 1 1
1006903573 36 1 4 3
1006903711 39 1 4 2
1006903729 41 1 5 1
1006903756 19 0 1 0
1006904037 32 1 1 1
1006904439 39 1 4 3
1006904484 37 1 2 3
1006904494 18 0 1 1
1006904842 30 0 1 1
1006904955 37 1 3 2
1006905372 18 0 1 0
1006905473 30 0 1 0
1006905734 20 0 1 0
1006906098 36 1 3 2
1006906201 39 1 2 3
1006906316 37 1 3 3
1006906603 21 0 1 1
1006907132 17 0 1 1
1006907201 41 1 5 2
1006907230 36 1 4 2
1006907325 28 0 1 0
1006907421 37 1 4 3
1006907577 21 0 1 0
1006907631 37 1 3 2
1006908235 36 1 1 1
1006908261 40 1 1 2
1006908268 37 1 1 2
1006908455 22 0 1 0
1006908866 40 1 8 2
1006908878 18 0 1 1
1006908919 36 1 2 2
1006909038 36 1 5 2
1006909299 21 0 1 1
1006909319 42 1 1 1
1006909349 40 1 1 3
1006909471 36 1 1 3
1006909671 40 1 4 2
1006909781 41 1 8 2
1006909870 37 1 3 3
1006909896 41 1 6 2
1006909923 41 1 1 2
1006909930 41 1 6 1
1006910072 19 0 1 1
1006910139 35 1 1 1
1006910193 40 1 8 3
1006910203 41 1 7 2
1006910383 42 1 1 0
1006910471 16 0 1 1
1006910505 41 1 5 0
1006910705 45 1 1 1
1006910868 41 1 2 2
1006910957 42 1 2 1
1006911026 37 1 1 1
1006911117 21 0 1 0
1006911227 35 1 1 0
1006911237 39 1 1 1
1006911398 36 1 3 3
1006911801 38 1 1 1
1006911902 43 1 2 1
1006911987 41 1 7 3
1006912099 36 1 4 3
1006912432 17 0 1 0
1006912525 39 1 4 2
1006912738 37 1 2 2
1006912745 37 1 1 3
1006912939 39 1 1 2
1006912961 37 1 3 2
1006913021 38 1 1 0
1006913037 41 1 1 3
1006913071 40 1 8 2
1006913324 18 0 1 0
1006913469 40 1 3 2
1006913772 20 0 1 1
1006913779 41 1 6 0
1006913819 37 1 4 2
1006913973 41 1 8 1
1006914071 42 1 2 0
1006914105 35 1 1 1
1006914227 30 0 1 1
1006914391 39 1 2 2
1006914503 44 1 1 1
1006914605 40 1 5 3
1006914623 21 0 1 1
1006914719 41 1 5 3
1006914807 41 1 6 3
1006915449 40 1 3 3
1006915508 22 0 1 1
1006915639 32 1 1 0
1006915807 36 1 1 0
1006916060 36 1 4 2
1006916091 28 0 1 1
1006916293 40 1 8 3
1006916483 44 1 1 0
1006916597 37 1 1 0
1006916651 36 1 1 2
1006916685 36 1 4 3
1006916937 41 1 7 2
1006917259 36 1 5 3
1006917327 35 1 1 0
1006917429 41 1 8 3
1006917539 37 1 3 3
1006917648 36 1 2 3
1006917674 18 0 1 1
1006917685 41 1 5 1
1006917971 38 1 1 1
1006918273 41 1 2 3
1006918293 19 0 1 0
1006918463 39 1 1 0
1006918552 18 0 1 0
1006918663 39 1 1 3
1006919069 21 0 1 0
1006919137 16 0 1 0
1006919165 41 1 7 3
1006919307 43 1 2 0
1006919323 37 1 2 3
1006919555 39 1 4 3
1006919669 40 1 4 3
1006920341 41 1 8 0
1006920373 38 1 1 0
1006920589 30 0 1 0
1006920703 45 1 1 0
1006921057 37 1 4 3
1006921151 20 0 1 0
1006921185 41 1 8 2
1006921353 41 1 1 2
1006921841 41 1 1 3
1006922091 41 1 2 2
1006922091 22 0 1 0
1006922219 39 1 1 1
1006922903 41 1 1 2
1006922987 42 1 2 1
1006923021 42 1 2 0
1006923109 41 1 7 2
1006923125 43 1 2 1
1006923529 41 1 7 3
1006923937 42 1 2 1
1006923978 36 1 4 2
1006924404 36 1 3 2
1006924781 38 1 1 1
1006924815 38 1 1 0
1006925297 36 1 5 2
1006925329 41 1 5 2
1006925438 17 0 1 1
1006925481 41 1 6 2
1006925481 41 1 6 3
1006925626 18 0 1 1
1006925737 41 1 7 2
1006925751 39 1 2 3
1006925840 41 1 3 2
1006926363 36 1 1 1
1006926771 38 1 1 1
1006927174 19 0 1 1
1006927191 37 1 1 1
1006927225 37 1 1 0
1006927254 36 1 1 3
1006927265 41 1 7 3
1006927359 44 1 2 1
1006927511 28 0 1 0
1006928109 41 1 6 2
1006928109 41 1 6 3
1006928288 41 1 5 0
1006928299 38 1 1 0
1006928365 41 1 7 2
1006928649 36 1 4 3
1006929023 36 1 2 2
1006929132 41 1 1 3
1006929399 38 1 1 1
1006929765 41 1 2 3
1006929839 37 1 1 1
1006929873 37 1 1 0
1006930024 41 1 8 3
1006930072 18 0 1 0
1006930143 41 1 7 3
1006930166 42 1 2 0
1006930527 16 0 1 1
1006930725 37 1 3 2
1006930799 43 1 2 0
1006930927 37 1 4 2
1006931058 39 1 1 0
1006931177 38 1 1 0
1006931700 36 1 3 3
1006931861 39 1 4 2
1006931947 39 1 4 3
1006932291 21 0 1 1
1006932629 37 1 2 2
1006932711 37 1 3 3
1006932771 22 0 1 1
1006932889 39 1 2 2
1006932959 30 0 1 1
1006932993 30 0 1 0
1006933555 37 1 2 3
1006933577 17 0 1 0
1006933663 20 0 1 1
1006933693 39 1 4 2
1006933731 39 1 4 3
1006933796 36 1 1 2
1006933939 36 1 5 3
1006933961 28 0 1 1
1006934157 21 0 1 0
1006934715 20 0 1 0
1006934727 30 0 1 1
1006934765 30 0 1 0
1006934830 41 1 5 1
1006934973 19 0 1 0
1006935165 41 1 5 3
1006936173 37 1 4 3
1006936376 36 1 4 2
1006936506 36 1 1 0
1006937314 41 1 8 2
1006937343 22 0 1 0
1006937350 36 1 2 3
1006938085 41 1 7 2
1006938134 18 0 1 1
1006938241 36 1 1 3
1006938371 39 1 1 1
1006938397 16 0 1 0
1006938691 37 1 3 2
1006938781 41 1 7 3
1006938859 36 1 3 2
1006939083 39 1 2 3
1006939168 36 1 4 3
1006939187 37 1 2 2
1006939192 38 1 1 1
1006939276 41 1 5 0
1006939606 41 1 1 2
1006939733 37 1 1 2
1006939801 41 1 6 2
1006939893 17 0 1 1
1006940118 38 1 1 0
1006940168 41 1 1 3
1006940221 20 0 1 1
1006940241 36 1 5 2
1006940291 21 0 1 1
1006940640 42 1 2 1
1006940693 41 1 6 3
1006940721 37 1 2 3
1006940779 28 0 1 0
1006940844 18 0 1 0
1006940875 37 1 2 2
1006941060 41 1 3 3
1006941147 36 1 2 2
1006941202 42 1 2 0
1006941503 37 1 1 1
1006941571 41 1 6 1
1006941623 37 1 3 3
1006941677 19 0 1 1
1006941755 20 0 1 0
1006941796 36 1 3 3
1006941909 20 0 1 1
1006942094 44 1 2 0
1006942429 37 1 1 0
1006942699 16 0 1 1
1006942830 17 0 1 0
1006942904 36 1 1 2
1006942953 21 0 1 0
1006943307 41 1 6 2
1006943417 41 1 6 3
1006943483 36 1 5 3
1006943737 37 1 1 3
1006944151 37 1 2 3
1006944273 41 1 6 2
1006944341 37 1 1 1
1006944421 39 1 2 2
1006944436 41 1 6 3
1006944451 37 1 1 0
1006944517 19 0 1 0
1006944518 41 1 5 1
1006944560 41 1 2 2
1006944590 41 1 7 2
1006945151 41 1 6 0
1006945201 41 1 7 3
1006945239 37 1 4 2
1006945307 37 1 1 1
1006945323 20 0 1 0
1006945470 37 1 1 0
1006945569 37 1 4 3
1006945816 38 1 1 1
1006945987 28 0 1 1
1006945992 36 1 2 3
1006945995 41 1 6 2
1006946151 43 1 2 1
1006946235 38 1 1 0
1006946254 41 1 5 2
1006946321 22 0 1 1
1006946518 41 1 3 2
1006946603 22 0 1 0
1006946985 41 1 6 3
1006947029 37 1 1 1
1006947049 16 0 1 0
1006947206 36 1 3 2
1006947288 36 1 1 1
1006947487 37 1 3 2
1006947552 44 1 2 1
1006947731 41 1 6 2
1006947915 37 1 4 2
1006948049 36 1 5 2
1006948127 41 1 1 2
1006948240 17 0 1 1
1006948847 37 1 1 0
1006948949 22 0 1 1
1006948977 37 1 1 1
1006949084 19 0 1 1
1006949161 42 1 2 1
1006949183 21 0 1 1
1006949838 36 1 4 2
1006949838 36 1 4 3
1006950377 41 1 7 2
1006950581 37 1 5 2
1006950591 37 1 2 2
1006950595 36 1 2 2
1006950665 37 1 1 2
1006950811 37 1 5 3
1006951390 18 0 1 1
1006951411 38 1 1 1
1006951424 18 0 1 0
1006951497 41 1 7 3
1006951503 37 1 1 3
1006951699 41 1 6 1
1006951716 16 0 1 1
1006951897 39 1 4 2
1006952365 37 1 5 2
1006952401 37 1 1 2
1006952421 23 0 1 1
1006952459 20 0 1 1
1006952503 23 0 1 0
1006952531 38 1 1 0
1006952565 41 1 6 0
1006952565 41 1 2 3
1006952595 37 1 1 3
1006952931 30 0 1 1
1006953113 39 1 1 2
1006953333 39 1 3 2
1006953406 36 1 4 2
1006953435 41 1 6 1
1006953477 23 0 1 1
1006953599 43 1 2 0
1006953629 41 1 6 0
1006954147 41 1 8 1
1006954437 29 0 1 1
1006955014 36 1 5 3
1006955074 18 0 1 1
1006955105 37 1 4 3
1006955190 36 1 4 3
1006955413 41 1 5 3
1006955997 37 1 3 3
1006956048 19 0 1 0
1006956139 22 0 1 0
1006956447 36 1 1 0
1006956784 36 1 3 3
1006956892 18 0 1 0
1006956955 41 1 7 2
1006957005 39 1 4 3
1006957149 21 0 1 0
1006957897 39 1 1 3
1006957960 17 0 1 0
1006957989 38 1 1 1
1006958039 30 0 1 0
1006958664 36 1 1 3
1006958931 41 1 8 0
1006959598 41 1 2 2
1006959669 37 1 5 3
1006959777 41 1 1 3
1006959823 41 1 7 3
1006960013 41 1 5 0
1006960013 41 1 8 3
1006960395 37 1 2 3
1006960400 36 1 2 3
1006960515 37 1 4 2
1006960632 43 1 2 1
1006960811 42 1 2 0
1006960857 38 1 1 0
1006960857 41 1 6 3
1006961347 23 0 1 0
1006961429 20 0 1 0
1006961499 41 1 2 3
1006961520 16 0 1 0
1006961549 22 0 1 1
1006961701 39 1 1 0
1006962499 37 1 1 0
1006962533 43 1 2 0
1006963467 37 1 3 2
1006964281 39 1 3 3
1006964692 36 1 5 2
1006964911 37 1 4 3
1006965019 21 0 1 1
1006965173 39 1 2 3
1006965731 29 0 1 0
1006965774 36 1 3 2
1006965945 22 0 1 0
1006965964 19 0 1 1
1006966054 36 1 2 2
1006966207 28 0 1 0
1006967040 17 0 1 1
1006967510 36 1 3 3
1006967541 37 1 2 2
1006967606 16 0 1 1
1006967849 41 1 3 3
1006967899 37 1 2 3
1006968135 37 1 3 3
1006968354 36 1 3 2
1006968575 20 0 1 1
1006968704 17 0 1 0
1006968883 44 1 2 0
1006969388 17 0 1 1
1006969465 21 0 1 0
1006969573 36 1 5 3
1006969585 20 0 1 0
1006970585 36 1 1 2
1006970607 19 0 1 0
1006970912 36 1 2 3
1006971333 41 1 8 2
1006971987 41 1 1 2
1006972215 37 1 3 2
1006972335 37 1 2 2
1006972343 41 1 5 1
1006972503 37 1 3 3
1006972515 41 1 6 2
1006972745 41 1 1 3
1006972752 16 0 1 0
1006972997 37 1 4 2
1006973067 39 1 1 1
1006973295 42 1 2 1
1006973345 41 1 6 3
1006973369 20 0 1 1
1006973636 36 1 3 3
1006973699 33 1 5 2
1006973745 37 1 1 1
1006973863 21 0 1 1
1006973897 21 0 1 0
1006973909 37 1 5 2
1006973999 37 1 3 2
1006974031 22 0 1 1
1006974173 42 1 2 0
1006974405 41 1 3 2
1006974670 17 0 1 0
1006974671 37 1 1 0
1006974671 37 1 3 3
1006974709 41 1 7 2
1006974733 7 0 1 1
1006975269 23 0 1 1
1006975601 41 1 7 3
1006975667 21 0 1 1
1006975745 38 1 1 1
1006975751 33 1 3 2
1006975783 37 1 3 2
1006975856 41 1 2 2
1006976017 41 1 1 2
1006976129 44 1 2 1
1006976515 41 1 6 2
1006976545 21 0 1 0
1006976635 38 1 1 0
1006976779 39 1 2 2
1006976890 43 1 2 1
1006976981 5 0 1 1
1006977051 42 1 2 1
1006977081 41 1 8 3
1006977127 33 1 4 2
1006977203 37 1 1 2
1006977363 37 1 1 3
1006977471 21 0 1 1
1006977753 41 1 1 3
1006977941 28 0 1 1
1006978081 37 1 1 1
1006978115 39 1 1 0
1006978161 6 0 1 1
1006978333 41 1 6 1
1006978597 41 1 1 2
1006978645 41 1 1 3
1006978657 33 1 4 3
1006978787 42 1 2 0
1006978887 33 1 5 3
1006979034 41 1 5 2
1006979099 37 1 4 3
1006979211 41 1 6 0
1006979631 42 1 2 1
1006979669 37 1 2 3
1006979679 42 1 2 0
1006979691 6 0 1 0
1006979921 7 0 1 0
1006979943 37 1 5 3
1006980091 36 1 1 1
1006980133 22 0 1 0
1006980151 41 1 2 3
1006980803 41 1 8 2
1006980803 20 0 1 0
1006980891 36 1 5 2
1006981391 37 1 3 3
1006981419 33 1 3 3
1006981547 23 0 1 0
1006981756 43 1 2 0
1006981936 19 0 1 1
1006982093 39 1 1 1
1006982590 36 1 2 2
1006982614 36 1 3 2
1006982665 21 0 1 0
1006983163 5 0 1 0
1006983676 16 0 1 1
1006983735 41 1 7 2
1006983820 17 0 1 1
1006983911 41 1 1 2
1006984444 41 1 2 2
1006984570 36 1 4 2
1006984945 38 1 1 1
1006985261 42 1 2 1
1006985353 37 1 4 2
1006985478 43 1 2 1
1006985851 39 1 2 3
1006986085 37 1 2 2
1006986362 18 0 1 1
1006986829 33 1 5 2
1006986963 37 1 2 3
1006986973 37 1 5 2
1006987071 22 0 1 1
1006987119 20 0 1 1
1006987151 37 1 3 2
1006987191 41 1 7 3
1006987465 28 0 1 0
1006987821 37 1 2 2
1006987863 7 0 1 1
1006988083 41 1 5 3
1006988225 38 1 1 0
1006988237 21 0 1 1
1006988285 20 0 1 0
1006988429 23 0 1 1
1006988834 36 1 1 3
1006988855 20 0 1 1
1006988975 41 1 1 3
1006989117 36 1 1 0
1006989117 36 1 5 3
1006989868 41 1 5 0
1006989868 41 1 6 3
1006990009 42 1 2 0
1006990057 36 1 4 3
1006990151 19 0 1 0
1006991059 39 1 2 2
1006991604 18 0 1 0
1006991697 37 1 1 0
1006992391 33 1 5 3
1006992637 37 1 1 2
1006992685 36 1 3 3
1006992707 28 0 1 1
1006993425 7 0 1 0
1006993481 37 1 1 3
1006993719 17 0 1 0
1006994217 41 1 2 3
1006994268 36 1 2 3
1006994280 41 1 8 3
1006994441 37 1 2 3
1006994467 41 1 6 1
1006995172 41 1 3 3
1006995251 43 1 2 0
1006995285 37 1 5 3
1006995314 39 1 1 0
1006995345 41 1 6 0
1006995475 20 0 1 0
1006995561 16 0 1 0
1006996177 37 1 4 3
1006996311 44 1 2 0
1006996347 23 0 1 0
1006997211 22 0 1 0
1006998009 37 1 3 3
1006998339 39 1 2 3
1006998939 36 1 3 2
1006999163 21 0 1 0
1006999373 28 0 1 0
1006999425 41 1 1 2
1006999548 36 1 1 2
1006999661 41 1 1 3
1006999973 17 0 1 1
1007000064 41 1 2 2
1007000095 36 1 2 2
1007000245 41 1 7 2
1007000389 41 1 7 3
1007000459 42 1 2 1
1007000695 42 1 2 0
1007000711 41 1 5 1
1007001303 38 1 1 1
1007001423 38 1 1 0
1007001695 16 0 1 1
1007001731 43 1 2 1
1007002021 33 1 5 2
1007002053 41 1 1 2
1007002171 36 1 5 2
1007002243 36 1 2 3
1007002771 36 1 2 2
1007002948 36 1 3 3
1007003055 7 0 1 1
1007003162 41 1 8 2
1007003397 19 0 1 1
1007003433 42 1 2 1
1007003447 37 1 5 2
1007003465 16 0 1 0
1007003469 41 1 6 2
1007003931 36 1 2 3
1007003982 17 0 1 0
1007004037 37 1 5 3
1007004087 41 1 5 2
1007004167 37 1 4 2
1007004343 16 0 1 1
1007004503 39 1 1 1
1007004621 23 0 1 1
1007004733 41 1 3 2
1007004963 37 1 1 1
1007005121 36 1 1 1
1007005183 37 1 5 2
1007005201 22 0 1 1
1007005269 16 0 1 0
1007005501 41 1 7 2
1007005547 23 0 1 0
1007006239 44 1 2 1
1007006263 37 1 3 2
1007006521 23 0 1 1
1007006751 38 1 1 1
1007006843 37 1 2 2
1007007365 39 1 2 2
1007007387 41 1 2 3
1007007514 36 1 3 2
1007007699 21 0 1 1
1007008129 41 1 7 3
1007008204 36 1 5 3
1007008421 43 1 2 0
1007008427 33 1 5 3
1007008529 20 0 1 1
1007008720 17 0 1 1
1007008997 28 0 1 1
1007009096 36 1 1 3
1007009163 38 1 1 0
1007009461 7 0 1 0
1007009612 19 0 1 0
1007010130 41 1 5 0
1007010130 41 1 1 3
1007010695 36 1 2 2
1007011164 42 1 2 0
1007011729 16 0 1 1
1007011847 41 1 8 3
1007011962 41 1 6 3
1007012561 37 1 3 3
1007012725 41 1 5 3
1007012769 32 1 1 2
1007012881 39 1 1 0
1007013033 33 1 4 2
1007013086 36 1 4 2
1007013453 37 1 2 3
1007013725 37 1 1 0
1007013737 21 0 1 0
1007013829 32 1 3 2
1007013888 36 1 1 0
1007014002 36 1 4 3
1007014050 36 1 5 2
1007014067 6 0 1 1
1007014459 40 1 5 1
1007014487 20 0 1 0
1007014569 37 1 4 3
1007014569 39 1 2 3
1007014576 41 1 3 3
1007014681 33 1 5 2
1007014734 18 0 1 1
1007014863 1 0 1 1
1007014894 36 1 5 3
1007015084 19 0 1 1
1007015349 33 1 3 2
1007015509 37 1 5 3
1007015603 22 0 1 0
1007015610 44 1 2 0
1007015660 18 0 1 0
1007015715 7 0 1 1
1007015786 36 1 5 2
1007015941 28 0 1 0
1007016748 19 0 1 0
1007016830 19 0 1 1
1007016841 33 1 4 3
1007016867 33 1 3 3
1007016949 5 0 1 1
1007017067 23 0 1 0
1007017336 36 1 3 3
1007017655 32 1 3 3
1007017875 6 0 1 0
1007018108 36 1 1 2
1007018370 17 0 1 0
1007018499 32 1 1 3
1007018689 1 0 1 0
1007018719 5 0 1 0
1007019334 41 1 5 1
1007019533 40 1 5 0
1007019916 36 1 5 3
1007019979 37 1 4 2
1007020287 37 1 4 3
1007020681 41 1 8 2
1007020760 36 1 2 3
1007020823 37 1 4 2
1007020950 19 0 1 0
1007021013 22 0 1 1
1007021118 41 1 5 2
1007021321 22 0 1 0
1007021587 37 1 5 2
1007021811 37 1 5 3
1007021931 33 1 5 3
1007022152 36 1 1 1
1007022172 16 0 1 0
1007022313 39 1 1 1
1007022525 22 0 1 1
1007022539 37 1 3 2
1007022801 41 1 6 2
1007022965 7 0 1 0
1007023009 23 0 1 1
1007023015 41 1 7 2
1007023043 23 0 1 0
1007023232 41 1 1 2
1007023737 21 0 1 1
1007023909 32 1 3 2
1007024049 38 1 1 1
1007024263 37 1 5 2
1007024271 37 1 1 1
1007024295 42 1 2 1
1007024521 37 1 5 3
1007024849 32 1 1 2
1007024915 37 1 2 2
1007024943 1 0 1 1
1007025155 37 1 5 2
1007025657 23 0 1 1
1007025739 23 0 1 0
1007025759 41 1 2 2
1007025851 41 1 8 3
1007025883 40 1 5 1
1007026109 41 1 1 3
1007026170 36 1 3 2
1007026189 20 0 1 1
1007026424 36 1 4 2
1007026617 23 0 1 1
1007026695 41 1 5 3
1007026767 32 1 1 3
1007026793 43 1 2 1
1007027204 17 0 1 1
1007027467 39 1 2 2
1007027473 39 1 1 0
1007027502 36 1 2 2
1007027539 41 1 7 3
1007027705 42 1 2 0
1007027729 36 1 1 0
1007027729 36 1 4 3
1007027801 40 1 5 0
1007027954 36 1 5 2
1007027964 36 1 2 3
1007028038 18 0 1 1
1007028317 39 1 2 3
1007028573 38 1 1 0
1007028841 28 0 1 1
1007028964 18 0 1 0
1007028988 19 0 1 1
1007028988 16 0 1 1
1007029070 16 0 1 0
1007029238 36 1 2 2
1007029767 28 0 1 0
1007030287 32 1 3 3
1007030840 16 0 1 1
1007031321 1 0 1 0
1007031580 36 1 1 3
1007032031 36 1 5 3
1007032699 41 1 2 3
1007032983 41 1 5 0
1007032983 41 1 6 3
1007033065 19 0 1 0
1007033633 41 1 8 2
1007033719 36 1 3 3
1007033733 43 1 2 0
1007034577 37 1 1 0
1007034577 37 1 2 3
1007034753 17 0 1 0
1007034971 39 1 1 1
1007035975 39 1 2 2
1007036033 34 1 3 2
1007036421 20 0 1 0
1007036803 34 1 4 2
1007037067 9 0 1 1
1007037287 36 1 2 3
1007037301 37 1 4 3
1007037491 41 1 8 3
1007037569 28 0 1 1
1007037837 10 0 1 1
1007038193 37 1 3 3
1007038335 22 0 1 0
1007038525 39 1 1 0
1007038571 16 0 1 0
1007039085 37 1 5 3
1007039177 36 1 5 2
1007039227 21 0 1 0
1007040021 36 1 3 2
1007040103 36 1 5 3
1007040205 23 0 1 0
1007040211 19 0 1 1
1007040238 34 1 1 2
1007040755 39 1 4 2
1007041137 19 0 1 0
1007041272 40 1 7 1
1007041395 39 1 4 3
1007041606 17 0 1 1
1007041789 30 0 1 1
1007041805 36 1 5 2
1007041807 41 1 5 2
1007041915 36 1 1 2
1007042057 38 1 3 2
1007042239 39 1 2 3
1007042429 30 0 1 0
1007042569 41 1 5 3
1007042841 36 1 1 1
1007043091 36 1 2 2
1007043107 25 0 1 1
1007043390 19 0 1 1
1007043525 28 0 1 0
1007043529 41 1 5 1
1007043837 36 1 1 0
1007044068 36 1 3 3
1007044609 16 0 1 1
1007045102 17 0 1 0
1007045521 37 1 5 2
1007045573 36 1 2 3
1007045981 37 1 5 3
1007046019 37 1 2 2
1007046227 39 1 2 2
1007046519 34 1 4 3
1007046747 39 1 2 3
1007046853 39 1 4 2
1007047027 37 1 4 2
1007047053 20 0 1 1
1007047119 39 1 2 2
1007047121 23 0 1 1
1007047155 23 0 1 0
1007047261 28 0 1 1
1007047271 16 0 1 0
1007047309 36 1 5 3
1007047411 34 1 3 3
1007047553 10 0 1 0
1007047687 39 1 2 3
1007047781 28 0 1 0
1007047887 30 0 1 1
1007048245 37 1 5 2
1007048253 22 0 1 1
1007048309 41 1 5 2
1007048343 19 0 1 0
1007048445 9 0 1 0
1007048480 36 1 1 3
1007048609 38 1 3 3
1007048779 28 0 1 1
1007048813 28 0 1 0
1007049003 37 1 3 2
1007049343 36 1 1 1
1007049465 41 1 5 3
1007049643 25 0 1 0
1007049817 23 0 1 1
1007050045 41 1 5 2
1007050079 41 1 5 0
1007050418 36 1 3 2
1007050487 21 0 1 1
1007050499 36 1 1 0
1007051027 34 1 1 3
1007051079 36 1 1 1
1007051271 37 1 4 3
1007051452 17 0 1 1
1007051541 37 1 2 3
1007051923 36 1 1 2
1007051952 36 1 1 3
1007052115 37 1 5 3
1007052167 40 1 7 0
1007052441 39 1 2 2
1007052575 20 0 1 0
1007052649 36 1 2 2
1007052773 34 1 4 2
1007052799 22 0 1 0
1007052957 41 1 5 1
1007052991 41 1 5 0
1007053467 23 0 1 0
1007053475 28 0 1 1
1007053665 34 1 3 2
1007053709 41 1 5 3
1007053801 16 0 1 1
1007053807 10 0 1 1
1007054699 9 0 1 1
1007055273 40 1 4 2
1007055395 36 1 5 2
1007055543 36 1 1 2
1007055577 36 1 1 0
1007055841 37 1 3 3
1007055869 40 1 8 2
1007056307 45 1 1 1
1007056429 19 0 1 1
1007056469 36 1 5 3
1007056577 40 1 1 2
1007056577 41 1 5 1
1007056607 39 1 2 3
1007057465 21 0 1 0
1007057503 19 0 1 0
1007057707 35 1 1 1
1007057823 28 0 1 0
1007057941 42 1 1 1
1007057975 36 1 5 2
1007059009 19 0 1 1
1007059015 40 1 1 3
1007059171 34 1 1 2
1007059184 36 1 3 3
1007059331 39 1 4 3
1007059711 36 1 5 3
1007059859 40 1 4 3
1007060028 36 1 1 3
1007060205 40 1 7 1
1007060386 17 0 1 0
1007060507 42 1 1 0
1007060893 45 1 1 0
1007060920 36 1 2 3
1007061055 30 0 1 0
1007061062 41 1 5 0
1007061278 19 0 1 0
1007062529 16 0 1 0
1007062671 34 1 1 3
1007063705 40 1 7 0
1007063935 39 1 2 2
1007064377 37 1 1 2
1007064445 37 1 1 3
1007064549 40 1 8 3
1007064787 37 1 2 2
1007064969 28 0 1 1
1007065251 34 1 4 3
1007065365 40 1 4 2
1007065567 37 1 3 2
1007065630 36 1 1 2
1007065654 36 1 5 2
1007065795 41 1 6 1
1007065809 40 1 4 3
1007065829 41 1 6 0
1007065965 35 1 1 0
1007066075 36 1 2 2
1007066285 10 0 1 0
1007066303 20 0 1 1
1007066399 45 1 1 1
1007066688 19 0 1 1
1007066688 41 1 5 1
1007066843 45 1 1 0
1007067002 39 1 5 2
1007067167 21 0 1 1
1007067294 36 1 3 2
1007067376 36 1 3 3
1007067466 39 1 1 2
1007067532 16 0 1 1
1007067879 34 1 3 3
1007068036 31 0 1 1
1007068268 36 1 2 3
1007068328 17 0 1 1
1007068880 41 1 8 1
1007068913 9 0 1 0
1007069210 17 0 1 0
1007069337 37 1 2 3
1007069350 16 0 1 0
1007069922 36 1 3 2
1007069936 36 1 1 3
1007070423 20 0 1 0
1007070831 39 1 2 3
1007070876 36 1 3 3
1007070956 17 0 1 1
1007071007 37 1 3 3
1007071038 41 1 5 0
1007071505 34 1 4 2
1007071770 41 1 7 2
1007071910 17 0 1 0
1007072023 28 0 1 0
1007072153 41 1 7 3
1007072361 21 0 1 0
1007072399 39 1 5 3
1007072445 34 1 3 2
1007072539 10 0 1 1
1007072612 36 1 5 3
1007072662 41 1 7 2
1007072726 41 1 5 2
1007072756 36 1 3 2
1007072804 38 1 1 1
1007073145 34 1 1 2
1007073187 38 1 1 0
1007073291 39 1 1 3
1007073433 31 0 1 0
1007073456 36 1 3 3
1007073479 9 0 1 1
1007073646 19 0 1 0
1007073696 38 1 1 1
1007073760 36 1 1 1
1007073790 17 0 1 1
1007073822 36 1 2 2
1007074179 40 1 7 1
1007074325 41 1 8 0
1007074414 41 1 5 3
1007074420 36 1 2 3
1007074490 17 0 1 0
1007074598 36 1 3 2
1007075169 41 1 7 3
1007075510 36 1 2 2
1007075578 36 1 1 0
1007075604 16 0 1 1
1007075638 16 0 1 0
1007076334 36 1 5 2
1007076346 17 0 1 1
1007076422 36 1 1 2
1007076457 38 1 1 0
1007076612 16 0 1 1
1007076881 37 1 3 2
1007076976 36 1 5 3
1007077185 39 1 4 2
1007077382 19 0 1 1
1007077447 34 1 2 2
1007077456 41 1 5 1
1007077868 36 1 1 3
1007078010 19 0 1 0
1007078069 37 1 4 2
1007078495 21 0 1 1
1007078505 37 1 1 2
1007078641 30 0 1 1
1007078677 8 0 1 1
1007078701 39 1 1 2
1007079103 22 0 1 1
1007079226 41 1 5 0
1007079527 34 1 2 3
1007079879 37 1 1 3
1007080027 41 1 8 1
1007080289 37 1 1 2
1007080341 41 1 6 1
1007080371 34 1 1 3
1007080771 37 1 3 3
1007081219 41 1 6 0
1007081339 8 0 1 0
1007081854 41 1 5 2
1007081935 37 1 2 2
1007082001 40 1 7 0
1007082035 39 1 2 2
1007082097 21 0 1 0
1007082097 41 1 6 1
1007082125 39 1 5 2
1007082171 34 1 4 3
1007082376 36 1 3 3
1007082555 37 1 4 3
1007082617 41 1 7 2
1007082856 33 1 2 2
1007082888 36 1 1 1
1007083069 28 0 1 1
1007083159 31 0 1 1
1007083205 10 0 1 0
1007083364 36 1 2 3
1007083410 17 0 1 0
1007083447 37 1 2 3
1007083467 20 0 1 1
1007083589 22 0 1 0
1007083889 37 1 1 3
1007083890 4 0 1 1
1007084091 33 1 4 2
1007084103 41 1 1 2
1007084245 38 1 1 1
1007084530 16 0 1 0
1007084681 39 1 1 3
1007084847 37 1 3 2
1007084889 20 0 1 0
1007085103 39 1 4 3
1007085125 6 0 1 1
1007085387 42 1 2 1
1007085615 41 1 8 2
1007085715 41 1 8 0
1007085733 41 1 6 0
1007086191 33 1 2 3
1007086495 21 0 1 1
1007086559 30 0 1 0
1007086649 39 1 1 1
1007086733 37 1 2 2
1007086942 36 1 3 2
1007087225 4 0 1 0
1007087475 34 1 3 3
1007087499 41 1 7 3
1007087594 36 1 5 2
1007087613 41 1 1 3
1007087767 20 0 1 1
1007087976 17 0 1 1
1007088172 36 1 2 2
1007088509 9 0 1 0
1007088533 38 1 1 0
1007088723 33 1 4 3
1007088820 19 0 1 1
1007089079 39 1 5 3
1007089155 42 1 2 0
1007089643 37 1 3 3
1007089726 16 0 1 1
1007089757 6 0 1 0
1007090289 41 1 5 3
1007090779 31 0 1 0
1007090893 21 0 1 0
1007091005 34 1 4 2
1007091323 36 1 1 0
1007091523 37 1 2 3
1007092039 10 0 1 1
1007092445 33 1 2 2
1007092729 20 0 1 0
1007093128 36 1 3 3
1007093479 4 0 1 1
1007093566 34 1 1 2
1007093608 33 1 4 2
1007093972 36 1 2 3
1007094113 37 1 4 2
1007094162 17 0 1 0
1007094211 39 1 2 3
1007094247 37 1 4 3
1007094573 37 1 2 2
1007094600 40 1 7 1
1007094642 6 0 1 1
1007094797 41 1 8 3
1007094816 36 1 5 3
1007094849 39 1 1 2
1007095006 16 0 1 0
1007095147 22 0 1 1
1007095281 22 0 1 0
1007095287 28 0 1 0
1007095465 34 1 3 2
1007095653 37 1 1 2
1007095831 39 1 1 0
1007095883 41 1 8 1
1007095970 19 0 1 0
1007096039 20 0 1 1
1007096203 37 1 2 3
1007096319 37 1 3 2
1007096499 9 0 1 1
1007096655 33 1 2 3
1007097153 37 1 2 2
1007097237 20 0 1 0
1007097237 41 1 6 1
1007097547 33 1 4 3
1007097689 4 0 1 0
1007097863 37 1 2 3
1007097919 21 0 1 1
1007098519 20 0 1 1
1007098581 6 0 1 0
1007098593 39 1 5 2
1007098747 39 1 1 3
1007099081 37 1 2 2
1007099121 39 1 4 2
1007099273 37 1 4 2
1007099397 20 0 1 0
1007099515 39 1 4 3
1007099627 31 0 1 1
1007099661 37 1 2 3
1007099783 34 1 1 3
1007099915 34 1 4 3
1007100207 41 1 8 2
1007100241 41 1 8 0
1007100274 36 1 3 2
1007100343 37 1 1 3
1007100371 20 0 1 1
1007100635 37 1 4 3
1007100673 30 0 1 1
1007100695 20 0 1 0
1007100707 30 0 1 0
1007100817 40 1 7 0
1007100873 22 0 1 1
1007100949 10 0 1 0
1007101091 41 1 2 2
1007101241 39 1 1 1
1007101308 17 0 1 1
1007101383 37 1 3 3
1007101635 41 1 6 0
1007101635 41 1 8 3
1007101751 22 0 1 0
1007101929 41 1 8 2
1007102539 43 1 2 1
1007102773 41 1 8 3
1007102796 36 1 3 3
1007102902 36 1 2 2
1007102909 33 1 2 2
1007103011 39 1 1 0
1007103045 39 1 1 1
1007103065 21 0 1 0
1007103830 17 0 1 0
1007103923 39 1 1 0
1007103943 4 0 1 1
1007104166 16 0 1 1
1007104473 39 1 4 2
1007104767 39 1 1 2
1007105019 33 1 4 2
1007105175 41 1 5 2
1007105345 37 1 4 2
1007105619 37 1 2 2
1007105674 36 1 3 2
1007105767 37 1 3 2
1007105849 41 1 8 1
1007105907 39 1 2 2
1007105997 30 0 1 1
1007106037 34 1 1 2
1007106047 41 1 2 3
1007106053 6 0 1 1
1007106169 34 1 4 2
1007106209 36 1 1 1
1007106412 36 1 3 3
1007106511 37 1 4 3
1007106518 36 1 3 2
1007106653 22 0 1 1
1007106708 17 0 1 1
1007106775 39 1 4 3
1007107071 40 1 7 1
1007107081 43 1 2 0
1007107203 10 0 1 1
1007107223 20 0 1 1
1007107256 36 1 2 3
1007107511 21 0 1 1
1007107662 17 0 1 0
1007107696 17 0 1 1
1007107727 28 0 1 1
1007107803 39 1 5 3
1007107815 30 0 1 0
1007107915 33 1 2 3
1007107985 22 0 1 0
1007108173 34 1 2 2
1007108468 16 0 1 0
1007108949 4 0 1 0
1007109511 31 0 1 0
1007109521 41 1 7 2
1007109555 37 1 3 3
1007109821 8 0 1 1
1007109836 36 1 5 2
1007110219 39 1 1 3
1007110543 33 1 4 3
1007110555 38 1 1 1
1007110755 34 1 2 3
1007110870 19 0 1 1
1007110921 21 0 1 0
1007111170 36 1 2 2
1007111253 41 1 8 0
1007111577 6 0 1 0
1007112001 40 1 8 2
1007112327 34 1 1 3
1007112435 8 0 1 0
1007112866 16 0 1 1
1007112895 39 1 2 3
1007113027 37 1 2 3
1007113219 34 1 3 3
1007113303 35 1 1 1
1007113361 40 1 7 0
1007113787 41 1 5 3
1007113881 41 1 7 3
1007114061 20 0 1 0
1007114165 28 0 1 0
1007114253 9 0 1 0
1007114923 36 1 1 0
1007115049 40 1 8 3
1007115109 33 1 4 2
1007115435 33 1 2 2
1007115589 38 1 1 0
1007115725 39 1 1 2
1007115855 39 1 4 2
1007116083 35 1 1 0
1007116143 6 0 1 1
1007116320 36 1 5 3
1007116347 37 1 3 2
1007116469 4 0 1 1
1007116791 41 1 8 1
1007117212 36 1 3 3
1007117307 39 1 4 3
1007117325 39 1 5 2
1007117354 19 0 1 0
1007117455 36 1 2 3
1007117613 30 0 1 1
1007117947 21 0 1 1
1007118246 17 0 1 0
1007118479 31 0 1 1
1007118531 39 1 4 2
1007118587 30 0 1 0
1007119000 16 0 1 0
1007119139 39 1 1 3
1007119367 37 1 4 2
1007119415 34 1 4 3
1007119995 37 1 1 2
1007120079 39 1 4 3
1007120163 33 1 2 3
1007120309 30 0 1 1
1007120317 37 1 2 2
1007120429 22 0 1 1
1007120445 39 1 4 2
1007120449 10 0 1 0
1007120577 41 1 8 0
1007121007 33 1 4 3
1007121029 41 1 6 1
1007121197 4 0 1 0
1007121209 34 1 1 2
1007121235 30 0 1 0
1007121351 20 0 1 1
1007122005 34 1 3 2
1007122041 6 0 1 0
1007122209 30 0 1 1
1007122243 40 1 7 1
1007122887 37 1 2 3
1007123039 9 0 1 1
1007123213 34 1 2 2
1007123265 39 1 1 2
1007123415 34 1 2 3
1007123683 37 1 4 3
1007123837 39 1 5 3
1007123921 20 0 1 0
1007124299 41 1 8 1
1007124675 40 1 1 2
1007124871 31 0 1 0
1007124909 8 0 1 1
1007124943 8 0 1 0
1007124949 34 1 2 2
1007125323 41 1 2 2
1007125351 41 1 5 2
1007125489 22 0 1 0
1007125515 37 1 1 3
1007125533 41 1 8 2
1007125573 33 1 2 2
1007125669 34 1 4 2
1007125741 42 1 1 1
1007125815 41 1 1 2
1007126161 41 1 7 2
1007126323 39 1 4 3
1007126357 43 1 2 1
1007126385 36 1 1 1
1007126535 39 1 2 2
1007126567 39 1 1 1
1007126605 34 1 1 3
1007126607 4 0 1 1
1007126673 41 1 6 0
1007126703 10 0 1 1
1007126713 8 0 1 1
1007127099 42 1 2 1
1007127261 33 1 4 2
1007127299 37 1 3 3
1007127451 30 0 1 0
1007127569 28 0 1 1
1007127639 40 1 7 0
1007127693 38 1 1 1
1007127884 36 1 2 2
1007128295 6 0 1 1
1007128445 21 0 1 0
1007128483 40 1 1 3
1007128674 36 1 3 2
1007128843 33 1 2 3
1007129255 16 0 1 1
1007129323 34 1 2 3
1007129518 36 1 5 2
1007129708 17 0 1 1
1007129735 33 1 4 3
1007129877 4 0 1 0
1007130139 39 1 5 2
1007130153 42 1 1 0
1007130433 41 1 8 3
1007130552 19 0 1 1
1007130769 6 0 1 0
1007131099 34 1 3 3
1007131159 8 0 1 0
1007131173 31 0 1 1
1007131467 39 1 1 0
1007131937 39 1 4 2
1007132133 9 0 1 0
1007132471 39 1 4 3
1007132715 39 1 1 3
1007133109 41 1 5 3
1007133172 36 1 5 3
1007133189 39 1 2 3
1007133633 30 0 1 1
1007133667 30 0 1 0
1007134143 36 1 1 0
1007134189 41 1 8 0
1007134206 19 0 1 0
1007134223 28 0 1 0
1007134397 37 1 2 2
1007134845 41 1 2 3
1007135033 41 1 7 3
1007135097 33 1 2 2
1007135135 37 1 4 2
1007135135 37 1 4 3
1007135879 43 1 2 0
1007135879 36 1 2 3
1007135939 20 0 1 1
1007136067 38 1 1 0
1007136131 4 0 1 1
1007136169 22 0 1 1
1007136203 22 0 1 0
1007136533 41 1 1 3
1007136547 37 1 3 2
1007136689 37 1 1 2
1007136913 16 0 1 0
1007137159 37 1 1 3
1007137255 33 1 4 2
1007137401 34 1 3 2
1007137567 42 1 2 0
1007137953 41 1 6 1
1007137971 39 1 5 3
1007138019 34 1 1 2
1007138147 21 0 1 1
1007138289 6 0 1 1
1007138435 9 0 1 1
1007138524 36 1 3 3
1007138559 37 1 4 2
1007138879 41 1 6 0
1007138983 34 1 4 3
1007139005 31 0 1 0
1007139053 40 1 7 1
1007139355 33 1 2 3
1007139558 17 0 1 0
1007139835 37 1 2 3
1007139939 22 0 1 1
1007140017 10 0 1 0
1007140389 4 0 1 0
1007140905 39 1 4 2
1007141045 34 1 2 2
1007141099 20 0 1 0
1007141193 39 1 1 2
1007141887 33 1 4 3
1007141983 34 1 3 3
1007142215 39 1 2 2
1007142227 41 1 8 1
1007142283 39 1 4 3
1007142387 37 1 4 3
1007142477 30 0 1 1
1007142549 8 0 1 1
1007142921 6 0 1 0
1007143017 9 0 1 0
1007143217 36 1 2 2
1007143249 28 0 1 1
1007143451 30 0 1 0
1007143601 22 0 1 0
1007144131 40 1 1 2
1007144247 37 1 3 3
1007144586 36 1 5 2
1007144764 36 1 5 3
1007144872 16 0 1 1
1007144936 36 1 2 3
1007145139 33 1 2 2
1007145620 19 0 1 1
1007145798 19 0 1 0
1007145865 34 1 1 3
1007145921 42 1 1 1
1007145921 21 0 1 0
1007146009 39 1 5 2
1007146173 4 0 1 1
1007146322 36 1 5 2
1007146453 33 1 4 2
1007146549 34 1 3 2
1007146642 16 0 1 0
1007146899 40 1 7 0
1007146925 34 1 4 2
1007147043 31 0 1 1
1007147583 9 0 1 1
1007147706 19 0 1 1
1007147713 6 0 1 1
1007147803 39 1 1 3
1007147823 40 1 1 3
1007147959 10 0 1 1
1007148346 36 1 3 2
1007148639 33 1 2 3
1007148735 34 1 2 3
1007148837 41 1 8 0
1007148857 42 1 1 0
1007149380 17 0 1 1
1007149515 39 1 2 3
1007149673 4 0 1 0
1007150120 36 1 5 3
1007150311 34 1 3 3
1007150323 8 0 1 0
1007150741 28 0 1 0
1007151171 33 1 4 3
1007151345 9 0 1 0
1007151685 37 1 2 2
1007151960 19 0 1 0
1007152485 39 1 4 2
1007152719 20 0 1 1
1007152873 6 0 1 0
1007153035 39 1 4 3
1007153261 39 1 1 2
1007153377 39 1 4 2
1007154023 37 1 3 2
1007154029 37 1 4 2
1007154033 34 1 3 2
1007154141 30 0 1 1
1007154149 39 1 1 3
1007154175 30 0 1 0
1007154477 41 1 8 1
1007154527 37 1 4 3
1007154580 36 1 3 3
1007154747 34 1 1 2
1007155053 30 0 1 1
1007155067 9 0 1 1
1007155093 39 1 1 2
1007155127 41 1 7 2
1007155209 39 1 4 3
1007155355 41 1 8 0
1007155355 41 1 7 3
1007155527 21 0 1 1
1007155614 17 0 1 0
1007155781 40 1 7 1
1007155853 22 0 1 1
1007155887 22 0 1 0
1007156053 39 1 4 2
1007156111 33 1 2 2
1007156161 38 1 1 1
1007156281 41 1 8 1
1007156311 37 1 2 3
1007156389 38 1 1 0
1007156657 37 1 4 2
1007156845 39 1 5 3
1007156849 37 1 4 3
1007156871 30 0 1 0
1007157145 4 0 1 1
1007157495 39 1 4 3
1007157549 37 1 4 2
1007157556 20 0 1 0
1007157758 37 1 4 3
1007157797 30 0 1 1
1007157879 31 0 1 0
1007158107 33 1 4 2
1007158291 34 1 4 3
1007158377 34 1 2 2
1007158496 22 0 1 1
1007158578 22 0 1 0
1007158603 41 1 5 2
1007158660 22 0 1 1
1007158771 30 0 1 0
1007158792 22 0 1 0
1007159285 37 1 4 2
1007159325 10 0 1 0
1007159637 36 1 1 1
1007159817 6 0 1 1
1007159947 33 1 2 3
1007160169 8 0 1 1
1007160244 37 1 2 2
1007160290 37 1 4 3
1007160319 22 0 1 1
1007160351 37 1 2 3
1007160383 41 1 7 2
1007160903 41 1 7 3
1007160981 4 0 1 0
1007161011 37 1 1 2
1007161227 41 1 7 2
1007161278 20 0 1 1
1007161385 20 0 1 0
1007161417 38 1 1 1
1007161443 40 1 1 2
1007161749 34 1 3 3
1007161861 41 1 2 2
1007161880 36 1 2 2
1007161913 37 1 4 2
1007161932 37 1 2 2
1007161971 38 1 1 0
1007162016 22 0 1 0
1007162021 41 1 6 2
1007162055 41 1 6 1
1007162135 37 1 2 3
1007162783 9 0 1 0
1007162895 43 1 2 1
1007162945 42 1 1 1
1007162947 22 0 1 1
1007162985 20 0 1 1
1007163063 38 1 1 1
1007163171 39 1 1 3
1007163219 41 1 8 2
1007163246 36 1 5 2
1007163484 16 0 1 1
1007163515 33 1 4 3
1007163558 36 1 3 2
1007163625 37 1 1 1
1007163669 33 1 2 2
1007163716 37 1 2 2
1007163863 20 0 1 0
1007163897 36 1 1 2
1007163927 34 1 1 3
1007164205 41 1 8 0
1007164205 41 1 6 3
1007164253 39 1 1 1
1007164280 19 0 1 1
1007164549 6 0 1 0
1007164550 37 1 2 3
1007164702 17 0 1 1
1007164703 4 0 1 1
1007164715 37 1 3 3
1007164755 20 0 1 1
1007164789 36 1 1 3
1007164931 41 1 5 1
1007164961 40 1 7 0
1007165239 37 1 1 0
1007165584 20 0 1 0
1007165633 36 1 1 2
1007165727 39 1 5 2
1007165823 41 1 5 0
1007165893 41 1 5 3
1007165931 39 1 2 2
1007166484 21 0 1 0
1007166499 37 1 1 3
1007166565 37 1 2 2
1007166667 41 1 5 1
1007166761 31 0 1 1
1007166896 36 1 1 3
1007166927 36 1 1 0
1007167083 41 1 6 2
1007167220 37 1 4 3
1007167303 34 1 2 3
1007167581 41 1 6 3
1007167599 20 0 1 1
1007167647 28 0 1 1
1007167921 34 1 4 2
1007167930 41 1 5 0
1007168009 41 1 6 0
1007168009 41 1 8 3
1007168081 33 1 4 2
1007168112 37 1 2 3
1007168117 37 1 1 1
1007168337 40 1 1 3
1007168459 41 1 7 3
1007168532 22 0 1 0
1007168615 37 1 1 0
1007168675 33 1 2 3
1007168883 8 0 1 0
1007168948 36 1 2 3
1007168949 41 1 2 3
1007168955 10 0 1 1
1007169115 6 0 1 1
1007169146 20 0 1 0
1007169229 39 1 3 2
1007169459 39 1 1 0
1007169493 38 1 1 0
1007169709 4 0 1 0
1007169982 16 0 1 0
1007170033 42 1 1 0
1007170303 39 1 1 2
1007170385 39 1 2 3
1007170652 43 1 2 0
1007170684 36 1 5 3
1007170975 29 0 1 1
1007171045 39 1 3 3
1007171379 34 1 3 2
1007171385 41 1 8 1
1007172045 28 0 1 0
1007172462 19 0 1 0
1007172793 29 0 1 0
1007172903 9 0 1 1
1007173217 41 1 6 2
1007173522 37 1 2 2
1007173857 39 1 5 3
1007173883 33 1 4 3
1007173965 41 1 6 3
1007174109 41 1 6 2
1007174184 41 1 2 2
1007174347 37 1 1 1
1007174348 36 1 3 3
1007174449 34 1 1 2
1007174572 37 1 3 2
1007174754 37 1 4 2
1007174857 41 1 7 2
1007174891 31 0 1 0
1007174917 6 0 1 0
1007175218 43 1 2 1
1007175239 37 1 1 2
1007175273 37 1 1 0
1007175299 20 0 1 1
1007175307 37 1 1 1
1007175371 37 1 1 3
1007175409 39 1 1 3
1007175483 40 1 7 1
1007175790 22 0 1 1
1007175814 41 1 5 2
1007176030 17 0 1 0
1007176090 21 0 1 1
1007176151 37 1 1 2
1007176273 41 1 6 1
1007176349 38 1 1 1
1007176443 41 1 8 0
1007176985 34 1 2 2
1007177039 33 1 2 2
1007177151 41 1 6 0
1007177233 41 1 6 1
1007177244 36 1 1 1
1007177248 37 1 1 3
1007177339 41 1 8 2
1007177437 41 1 6 3
1007177785 40 1 1 2
1007178073 4 0 1 1
1007178282 41 1 6 0
1007178282 41 1 8 3
1007178394 41 1 5 3
1007178429 34 1 4 3
1007178585 8 0 1 1
1007179029 37 1 1 0
1007179165 39 1 1 1
1007179463 10 0 1 0
1007179470 36 1 2 2
1007179605 42 1 1 1
1007179873 37 1 2 3
1007179963 34 1 1 3
1007179983 41 1 7 3
1007180043 39 1 1 0
1007180061 36 1 1 0
1007180117 34 1 3 3
1007180298 37 1 4 3
1007180559 33 1 4 2
1007180907 20 0 1 0
1007180935 39 1 1 2
1007180997 40 1 7 0
1007181017 38 1 1 0
1007181131 39 1 4 2
1007181151 9 0 1 0
1007181168 36 1 5 2
1007181262 16 0 1 1
1007181332 22 0 1 0
1007181408 36 1 3 2
1007181754 41 1 2 3
1007181787 39 1 3 2
1007181815 33 1 2 3
1007181847 39 1 5 2
1007181889 39 1 3 3
1007181928 38 1 3 2
1007181969 41 1 8 1
1007182046 36 1 5 3
1007182332 6 0 1 1
1007182370 19 0 1 1
1007182507 37 1 3 3
1007182788 43 1 2 0
1007182821 29 0 1 1
1007182849 4 0 1 0
1007182889 30 0 1 1
1007182962 25 0 1 1
1007183080 19 0 1 0
1007183190 17 0 1 1
1007183571 39 1 3 2
1007183665 31 0 1 1
1007183753 29 0 1 0
1007183912 21 0 1 0
1007184183 34 1 2 3
1007184395 33 1 4 3
1007184489 38 1 3 3
1007184679 29 0 1 1
1007185361 39 1 1 3
1007185365 39 1 3 3
1007185419 8 0 1 0
1007185429 6 0 1 0
1007185523 25 0 1 0
1007186157 40 1 1 3
1007186209 39 1 4 3
1007186209 36 1 2 3
1007186313 34 1 1 2
1007186333 41 1 7 2
1007186395 41 1 8 0
1007186545 29 0 1 0
1007187010 41 1 7 3
1007187047 34 1 1 3
1007187215 34 1 4 2
1007187287 30 0 1 0
1007187347 40 1 7 1
1007187441 42 1 1 0
1007187554 37 1 3 2
1007187646 16 0 1 0
1007187657 38 1 1 1
1007187897 36 1 3 3
1007188001 34 1 1 2
1007188059 34 1 3 2
1007188249 10 0 1 1
1007188249 40 1 7 0
1007188395 33 1 2 2
1007188535 38 1 1 0
1007188931 17 0 1 0
1007189035 40 1 7 1
1007189093 9 0 1 1
1007189154 21 0 1 1
1007189429 4 0 1 1
1007190179 33 1 4 2
1007190587 37 1 2 2
1007190716 37 1 3 3
1007190868 37 1 4 2
1007191213 6 0 1 1
1007191291 33 1 2 3
1007191660 37 1 4 3
1007191672 20 0 1 1
1007191768 21 0 1 0
1007192325 4 0 1 0
1007192594 22 0 1 1
1007192661 40 1 1 2
1007193399 39 1 1 2
1007193467 34 1 1 3
1007193472 22 0 1 0
1007193695 42 1 1 1
1007193741 39 1 3 2
1007194057 41 1 5 2
1007194098 41 1 5 3
1007194219 39 1 3 3
1007194340 37 1 4 2
1007194413 34 1 2 2
1007194433 41 1 8 1
1007194501 40 1 7 0
1007194947 37 1 2 3
1007195180 37 1 4 3
1007195239 36 1 1 1
1007195273 36 1 1 0
1007195343 29 0 1 1
1007195374 22 0 1 1
1007195377 29 0 1 0
1007195410 37 1 3 2
1007195857 34 1 4 3
1007195988 20 0 1 0
1007196003 39 1 5 3
1007196013 8 0 1 1
1007196174 37 1 4 2
1007196214 22 0 1 0
1007196869 37 1 4 3
1007196891 10 0 1 0
1007197037 31 0 1 0
1007197106 21 0 1 1
1007197208 22 0 1 1
1007197529 41 1 5 2
1007197545 33 1 2 2
1007197545 34 1 3 3
1007197903 22 0 1 0
1007197920 36 1 5 2
1007198069 36 1 2 2
1007198153 39 1 3 2
1007198215 41 1 7 2
1007198331 33 1 4 3
1007198579 4 0 1 1
1007198579 9 0 1 0
1007198611 36 1 3 2
1007198769 40 1 1 3
1007198902 37 1 4 2
1007198954 19 0 1 1
1007199045 39 1 3 3
1007199107 41 1 5 3
1007199249 38 1 1 1
1007199299 36 1 1 1
1007199365 6 0 1 0
1007199645 17 0 1 1
1007199823 29 0 1 1
1007199894 16 0 1 1
1007199936 22 0 1 1
1007200120 36 1 5 3
1007200141 36 1 1 0
1007200426 37 1 2 2
1007200437 42 1 1 0
1007200701 29 0 1 0
1007200953 41 1 5 2
1007200959 33 1 2 3
1007201063 34 1 2 3
1007201294 37 1 1 2
1007201314 37 1 1 3
1007201381 19 0 1 0
1007201457 34 1 1 2
1007201460 20 0 1 1
1007201993 4 0 1 0
1007202482 41 1 6 2
1007202491 40 1 7 1
1007202516 41 1 6 1
1007202550 41 1 6 0
1007202629 36 1 1 1
1007202895 8 0 1 0
1007203043 39 1 1 3
1007203050 37 1 4 3
1007203773 38 1 5 2
1007203799 34 1 4 2
1007203922 37 1 1 2
1007203956 37 1 1 1
1007204084 22 0 1 0
1007204313 41 1 8 2
1007204347 41 1 8 0
1007204681 33 1 2 2
1007204759 37 1 2 3
1007204781 38 1 3 2
1007204833 10 0 1 1
1007204837 39 1 5 2
1007204911 33 1 4 2
1007204946 41 1 6 3
1007204980 41 1 6 1
1007205157 41 1 8 3
1007205206 27 0 1 1
1007205347 39 1 1 1
1007205715 4 0 1 1
1007205793 20 0 1 0
1007205815 25 0 1 1
1007205945 6 0 1 1
1007206165 41 1 7 3
1007206221 31 0 1 1
1007206273 39 1 1 0
1007206331 34 1 3 2
1007206543 37 1 3 3
1007206632 37 1 1 3
1007206666 37 1 1 0
1007207345 40 1 1 2
1007207365 9 0 1 1
1007207535 38 1 1 0
1007207603 36 1 5 2
1007207666 41 1 6 0
1007207666 41 1 5 3
1007207815 34 1 1 3
1007208052 36 1 3 3
1007208400 21 0 1 0
1007208543 36 1 5 3
1007208637 19 0 1 1
1007208689 40 1 8 2
1007208700 36 1 1 0
1007208845 40 1 3 2
1007208849 40 1 7 0
1007208849 40 1 8 3
1007209086 17 0 1 0
1007209213 42 1 1 1
1007209594 40 1 3 3
1007209639 33 1 4 3
1007209640 36 1 2 3
1007209879 44 1 1 1
1007209926 19 0 1 0
1007210163 38 1 5 3
1007210560 35 1 1 1
1007210594 35 1 1 0
1007210628 44 1 1 0
1007210673 6 0 1 0
1007210674 16 0 1 0
1007210997 34 1 2 2
1007211007 38 1 3 3
1007211381 40 1 1 3
1007211436 27 0 1 0
1007212041 25 0 1 0
1007212267 33 1 2 3
1007212282 37 1 1 2
1007212537 34 1 4 3
1007212693 8 0 1 1
1007212733 42 1 1 0
1007212759 39 1 5 3
1007212845 37 1 2 2
1007213301 4 0 1 0
1007213571 10 0 1 0
1007213927 41 1 6 1
1007214098 20 0 1 1
1007214153 31 0 1 0
1007214273 34 1 3 3
1007214567 34 1 2 3
1007214608 37 1 4 2
1007215246 36 1 3 2
1007215307 9 0 1 0
1007215375 33 1 4 2
1007215380 36 1 3 3
1007215489 41 1 2 2
1007215559 37 1 2 3
1007215642 22 0 1 1
1007216151 8 0 1 0
1007216280 17 0 1 1
1007216409 6 0 1 1
1007216414 17 0 1 0
1007216523 43 1 2 1
1007216548 41 1 5 2
1007216593 20 0 1 0
1007216697 34 1 1 2
1007216992 36 1 5 2
1007217295 37 1 1 3
1007217332 36 1 5 3
1007217726 36 1 2 2
1007217731 40 1 7 1
1007217799 36 1 1 1
1007217836 36 1 5 2
1007217967 41 1 1 2
1007218026 19 0 1 1
1007218251 41 1 7 2
1007218270 41 1 5 3
1007218366 19 0 1 0
1007218373 41 1 6 0
1007218752 36 1 4 2
1007218870 16 0 1 1
1007219270 42 1 2 1
1007219304 36 1 1 0
1007219304 36 1 4 3
1007219441 41 1 8 2
1007219562 36 1 3 2
1007219613 38 1 1 1
1007219635 34 1 4 2
1007219704 19 0 1 1
1007219787 33 1 2 2
1007219812 36 1 5 3
1007219934 18 0 1 1
1007219971 37 1 4 3
1007220285 41 1 8 3
1007220285 41 1 7 3
1007220485 40 1 1 2
1007220527 34 1 3 2
1007220547 41 1 1 3
1007220669 10 0 1 1
1007220726 17 0 1 1
1007220812 18 0 1 0
1007220821 4 0 1 1
1007220962 37 1 3 2
1007221005 22 0 1 0
1007221245 39 1 1 2
1007221279 39 1 1 1
1007221519 42 1 1 1
1007221522 19 0 1 0
1007221533 38 1 1 0
1007221561 9 0 1 1
1007221836 42 1 2 0
1007222157 39 1 1 0
1007222322 21 0 1 1
1007222392 36 1 2 3
1007222779 33 1 4 3
1007222811 39 1 5 2
1007222995 41 1 8 1
1007223097 39 1 5 3
1007223581 41 1 2 3
1007223655 39 1 5 2
1007223813 6 0 1 0
1007223845 31 0 1 1
1007223851 34 1 1 3
1007224131 31 0 1 0
1007224160 16 0 1 0
1007224615 43 1 2 0
1007224689 31 0 1 1
1007224781 39 1 1 3
1007224885 40 1 7 0
1007225359 33 1 2 3
1007226037 34 1 2 2
1007226269 40 1 8 2
1007226273 37 1 2 2
1007226393 4 0 1 0
1007226589 34 1 4 3
1007226593 41 1 8 0
1007226900 36 1 3 3
1007227011 37 1 2 3
1007227165 37 1 2 2
1007227303 35 1 1 1
1007227351 20 0 1 1
1007227417 40 1 8 3
1007227589 8 0 1 1
1007227623 10 0 1 0
1007227903 37 1 3 3
1007227934 17 0 1 0
1007228057 37 1 2 3
1007228322 20 0 1 0
1007228356 20 0 1 1
1007228564 35 1 1 0
1007229081 33 1 2 2
1007229121 34 1 3 3
1007229153 40 1 1 3
1007229204 21 0 1 0
1007229931 20 0 1 0
1007230115 4 0 1 1
1007230155 9 0 1 0
1007230187 42 1 1 0
1007230311 34 1 4 2
1007230382 36 1 2 2
1007231345 10 0 1 1
1007231504 36 1 2 3
1007231791 16 0 1 1
1007231841 34 1 1 2
1007231954 37 1 3 2
1007232166 36 1 2 2
1007232633 37 1 2 2
1007232717 16 0 1 0
1007232875 40 1 7 1
1007232897 39 1 1 2
1007233135 34 1 2 3
1007233207 39 1 5 3
1007233650 21 0 1 1
1007233667 20 0 1 1
1007233691 16 0 1 1
1007234063 41 1 8 1
1007234241 31 0 1 0
1007234411 34 1 4 3
1007234519 8 0 1 0
1007234615 33 1 4 2
1007235001 37 1 4 2
1007235381 37 1 1 2
1007235445 10 0 1 0
1007235649 6 0 1 1
1007235739 39 1 1 3
1007236035 22 0 1 1
1007236619 33 1 2 3
1007237015 37 1 2 3
1007237071 41 1 6 1
1007237439 41 1 8 0
1007237653 4 0 1 0
1007237859 37 1 3 3
1007237987 40 1 1 2
1007238133 34 1 4 2
1007238199 20 0 1 0
1007238496 36 1 2 3
1007238751 34 1 3 2
1007238988 21 0 1 0
1007239021 42 1 1 1
1007239167 10 0 1 1
1007239198 41 1 7 2
1007239302 36 1 3 2
1007239448 41 1 5 2
1007239530 16 0 1 0
1007239691 37 1 1 3
1007239724 37 1 4 3
1007239785 9 0 1 1
1007240232 38 1 1 1
1007240336 17 0 1 1
1007240482 36 1 1 1
1007240731 34 1 1 3
1007240758 22 0 1 0
1007240810 41 1 6 0
1007240854 35 1 4 2
1007240911 41 1 7 3
1007241632 36 1 5 2
1007241823 40 1 7 0
1007241874 41 1 7 2
1007241875 33 1 4 3
1007241945 38 1 1 0
1007242041 39 1 5 2
1007242085 14 0 1 1
1007242487 34 1 4 3
1007242666 19 0 1 1
1007242908 38 1 1 1
1007242909 6 0 1 0
1007243089 31 0 1 1
1007243110 36 1 2 2
1007243521 10 0 1 0
1007243587 41 1 7 3
1007243647 39 1 1 2
1007244030 36 1 4 2
1007244144 16 0 1 1
1007244357 34 1 2 2
1007244533 35 1 4 3
1007244621 38 1 1 0
1007244681 41 1 8 1
1007244983 33 1 2 2
1007245247 40 1 1 3
1007245508 36 1 1 2
1007245726 18 0 1 1
1007245814 36 1 1 3
1007246017 4 0 1 1
1007246095 37 1 2 2
1007246101 8 0 1 1
1007246114 41 1 5 3
1007246184 37 1 3 2
1007246209 34 1 4 2
1007246281 41 1 7 2
1007246401 14 0 1 0
1007246510 36 1 5 3
1007246542 41 1 5 1
1007246657 42 1 1 0
1007246731 37 1 2 3
1007246837 34 1 3 3
1007246848 41 1 5 0
1007246966 41 1 2 2
1007247129 20 0 1 1
1007247271 10 0 1 1
1007247315 38 1 1 1
1007247422 36 1 1 0
1007247654 21 0 1 1
1007247788 19 0 1 0
1007247831 37 1 2 2
1007247871 9 0 1 0
1007247935 34 1 1 2
1007248000 43 1 2 1
1007248100 20 0 1 0
1007248266 36 1 4 3
1007248837 33 1 4 2
1007248865 20 0 1 1
1007248969 40 1 7 1
1007249243 39 1 1 3
1007249266 41 1 5 2
1007249328 18 0 1 0
1007249546 37 1 4 2
1007249694 37 1 1 2
1007249703 41 1 8 2
1007249871 6 0 1 1
1007250015 34 1 2 3
1007250087 39 1 5 3
1007250300 36 1 1 1
1007250685 41 1 8 0
1007250685 41 1 7 3
1007250737 39 1 1 1
1007250738 22 0 1 1
1007250834 41 1 6 1
1007251004 36 1 3 3
1007251095 41 1 1 2
1007251121 31 0 1 0
1007251139 34 1 4 3
1007251247 8 0 1 0
1007251862 37 1 4 3
1007251877 40 1 1 2
1007252038 17 0 1 0
1007252129 42 1 2 1
1007252129 38 1 1 0
1007252173 10 0 1 0
1007252339 33 1 4 3
1007252896 22 0 1 0
1007252905 41 1 1 3
1007253373 6 0 1 0
1007253745 42 1 1 1
1007253939 42 1 2 0
1007253963 37 1 3 3
1007254653 39 1 5 2
1007254903 37 1 2 3
1007255416 37 1 1 3
1007255572 21 0 1 0
1007255687 31 0 1 1
1007255783 41 1 1 2
1007255811 33 1 2 3
1007255935 39 1 3 2
1007255937 20 0 1 0
1007256049 39 1 1 2
1007256467 34 1 3 2
1007256488 41 1 6 0
1007256488 41 1 8 3
1007256524 36 1 4 2
1007256673 34 1 2 2
1007256675 41 1 1 3
1007256817 42 1 2 1
1007256845 4 0 1 0
1007257083 41 1 8 1
1007257179 29 0 1 1
1007257276 36 1 5 2
1007257332 41 1 5 3
1007257393 34 1 4 2
1007257501 9 0 1 1
1007257709 42 1 2 0
1007257819 39 1 1 0
1007258042 18 0 1 1
1007258310 19 0 1 1
1007258321 8 0 1 1
1007258366 36 1 1 0
1007258385 41 1 7 2
1007258427 10 0 1 1
1007258455 34 1 1 3
1007258922 36 1 5 3
1007259068 41 1 2 3
1007259299 34 1 2 3
1007259306 36 1 2 3
1007259437 33 1 4 2
1007259489 40 1 7 0
1007259493 38 1 1 1
1007259555 39 1 3 3
1007260102 43 1 2 0
1007260215 39 1 5 3
1007260234 19 0 1 0
1007260397 41 1 1 2
1007260471 6 0 1 1
1007260733 29 0 1 0
1007260890 16 0 1 0
1007260983 8 0 1 0
1007260994 36 1 4 3
1007261059 39 1 1 3
1007261249 31 0 1 0
1007261399 41 1 8 2
1007261696 41 1 8 3
1007261838 42 1 2 1
1007261890 37 1 3 2
1007261994 41 1 5 2
1007262318 40 1 1 3
1007262325 41 1 8 0
1007262433 39 1 1 1
1007262480 37 1 4 2
1007262584 18 0 1 0
1007262748 39 1 1 0
1007262838 41 1 2 2
1007263325 36 1 1 1
1007263352 42 1 1 0
1007263358 36 1 3 2
1007263394 21 0 1 1
1007263514 22 0 1 1
1007263528 41 1 6 2
1007263833 37 1 2 2
1007263872 43 1 2 1
1007264109 41 1 6 3
1007264363 34 1 3 3
1007264372 41 1 5 3
1007264384 37 1 1 2
1007264392 17 0 1 1
1007264392 41 1 1 3
1007264526 41 1 5 2
1007264619 37 1 2 3
1007264625 34 1 2 2
1007264867 20 0 1 1
1007265236 41 1 2 3
1007265324 37 1 1 3
1007265358 37 1 1 1
1007265392 37 1 1 0
1007265397 9 0 1 0
1007265550 36 1 5 2
1007265759 41 1 6 1
1007265797 41 1 7 3
1007265914 37 1 4 3
1007265939 36 1 1 0
1007265973 36 1 1 1
1007266172 36 1 2 2
1007266178 36 1 4 2
1007266225 8 0 1 1
1007266250 42 1 2 0
1007266262 20 0 1 0
1007266404 43 1 2 0
1007266584 19 0 1 1
1007266637 41 1 6 0
1007266742 34 1 1 2
1007266755 33 1 2 2
1007266831 38 1 1 0
1007266961 34 1 4 3
1007267215 33 1 4 3
1007267295 37 1 3 3
1007267313 39 1 5 2
1007267447 22 0 1 0
1007267476 16 0 1 1
1007267529 41 1 5 3
1007267776 40 1 7 1
1007267789 4 0 1 1
1007267874 18 0 1 1
1007267995 10 0 1 0
1007268249 6 0 1 0
1007268347 31 0 1 1
1007268562 36 1 5 3
1007268732 21 0 1 0
1007269037 36 1 1 0
1007269596 19 0 1 0
1007269929 36 1 4 3
1007270271 34 1 2 3
1007270380 36 1 3 3
1007270748 37 1 2 2
1007270863 37 1 2 3
1007271113 39 1 1 2
1007271187 39 1 1 3
1007271332 18 0 1 0
1007271414 17 0 1 0
1007271467 8 0 1 0
1007271640 37 1 2 2
1007271782 20 0 1 1
1007271897 20 0 1 0
1007271957 39 1 1 2
1007272147 41 1 8 1
1007272221 41 1 8 0
1007272360 37 1 3 2
1007272608 40 1 1 2
1007272674 20 0 1 1
1007272695 37 1 3 3
1007273223 41 1 8 1
1007273252 37 1 3 2
1007273685 42 1 1 1
1007273878 21 0 1 1
1007273912 21 0 1 0
1007274035 34 1 1 3
1007274041 34 1 3 2
1007274513 37 1 4 2
1007274629 37 1 1 2
1007274838 21 0 1 1
1007274903 34 1 4 2
1007275075 9 0 1 1
1007275251 40 1 7 0
1007275407 39 1 5 3
1007275547 22 0 1 1
1007275937 10 0 1 1
1007276242 41 1 6 1
1007276415 41 1 7 2
1007276441 31 0 1 0
1007276466 37 1 1 3
1007276969 36 1 2 3
1007277155 37 1 2 3
1007277487 33 1 2 3
1007277939 39 1 1 3
1007278000 38 1 1 1
1007278047 37 1 4 3
1007278060 41 1 6 0
1007278339 20 0 1 0
1007278382 16 0 1 0
1007278521 4 0 1 0
1007278629 34 1 2 2
1007278723 40 1 1 3
1007278939 37 1 3 3
1007278973 41 1 8 0
1007279051 33 1 4 2
1007279081 22 0 1 0
1007279627 34 1 1 2
1007279757 42 1 1 0
1007280085 6 0 1 1
1007280128 21 0 1 0
1007280325 8 0 1 1
1007281345 41 1 5 2
1007281447 40 1 7 1
1007281504 38 1 2 2
1007281697 41 1 5 3
1007281757 39 1 1 2
1007281889 39 1 1 3
1007282384 34 1 3 3
1007282538 24 0 1 1
1007282637 41 1 7 3
1007282791 41 1 8 1
1007282851 36 1 1 1
1007282893 34 1 4 3
1007282933 36 1 1 0
1007283305 39 1 2 2
1007283418 9 0 1 0
1007283541 39 1 1 2
1007283669 41 1 8 0
1007283671 38 1 1 0
1007283927 10 0 1 0
1007284072 34 1 2 3
1007284181 40 1 1 2
1007284241 39 1 5 2
1007284339 28 0 1 1
1007284565 39 1 2 3
1007284691 39 1 1 3
1007284993 39 1 2 2
1007285033 41 1 8 1
1007285124 38 1 2 3
1007285289 31 0 1 1
1007285513 39 1 1 2
1007285663 8 0 1 0
1007285871 42 1 1 1
1007285925 28 0 1 0
1007286004 37 1 1 2
1007286027 28 0 1 1
1007286027 41 1 8 0
1007286158 24 0 1 0
1007286251 37 1 3 2
1007286301 39 1 2 3
1007286547 41 1 8 1
1007286919 37 1 1 3
1007287050 36 1 3 2
1007287194 41 1 6 1
1007287335 28 0 1 0
1007287376 36 1 2 2
1007287788 37 1 1 2
1007287821 37 1 4 2
1007287902 21 0 1 1
1007288084 17 0 1 1
1007288115 37 1 2 2
1007288168 41 1 6 0
1007288337 41 1 5 2
1007288527 33 1 2 2
1007288559 41 1 1 2
1007288843 33 1 4 3
1007288894 16 0 1 1
1007288978 22 0 1 1
1007289012 41 1 6 2
1007289046 41 1 6 1
1007289083 41 1 7 2
1007289149 20 0 1 1
1007289411 41 1 8 2
1007289451 41 1 1 3
1007289561 4 0 1 1
1007289578 37 1 1 3
1007289877 6 0 1 0
1007289916 36 1 1 1
1007290017 40 1 5 2
1007290094 37 1 1 1
1007290215 42 1 2 1
1007290445 39 1 1 1
1007290451 38 1 1 1
1007290734 41 1 6 3
1007290809 39 1 1 3
1007290816 41 1 6 0
1007290816 41 1 8 3
1007291051 32 1 1 1
1007291093 42 1 2 0
1007291443 39 1 5 3
1007291475 37 1 3 3
1007291644 36 1 3 3
1007291668 34 1 1 3
1007291679 34 1 4 2
1007291768 37 1 1 0
1007291850 39 1 1 0
1007291867 41 1 8 2
1007291901 41 1 8 0
1007292367 37 1 2 3
1007292482 41 1 2 2
1007292678 17 0 1 0
1007292702 40 1 7 0
1007292713 10 0 1 1
1007292916 39 1 1 1
1007293013 31 0 1 0
1007293116 36 1 5 2
1007293192 21 0 1 0
1007293259 37 1 4 3
1007293396 41 1 8 3
1007293401 20 0 1 0
1007293476 36 1 5 3
1007293516 43 1 2 1
1007294150 19 0 1 1
1007294293 22 0 1 0
1007294510 19 0 1 0
1007294638 39 1 1 0
1007295180 41 1 5 3
1007295366 36 1 3 2
1007295696 36 1 5 2
1007296056 36 1 5 3
1007296362 41 1 7 3
1007296416 36 1 1 0
1007296441 34 1 2 2
1007296524 17 0 1 1
1007296540 36 1 5 2
1007296732 34 1 2 3
1007296948 36 1 3 3
1007297018 40 1 5 3
1007297078 34 1 3 2
1007297244 19 0 1 1
1007297326 19 0 1 0
1007297333 34 1 2 2
1007297478 38 1 2 2
1007297862 40 1 1 3
1007297897 8 0 1 1
1007297931 8 0 1 0
1007297946 36 1 3 2
1007297952 41 1 2 3
1007297982 17 0 1 0
1007298052 32 1 1 0
1007298112 9 0 1 1
1007298214 38 1 1 0
1007298252 19 0 1 1
1007298512 24 0 1 1
1007298717 37 1 2 2
1007298732 36 1 2 3
1007298857 8 0 1 1
1007298862 34 1 1 2
1007298980 17 0 1 1
1007298986 43 1 2 0
1007299098 39 1 1 2
1007299341 33 1 4 2
1007299355 33 1 2 3
1007299444 38 1 2 3
1007299677 42 1 1 0
1007299751 20 0 1 1
1007299796 37 1 1 2
1007299840 36 1 3 3
1007299896 40 1 7 1
1007300076 37 1 1 3
1007300132 41 1 8 1
1007300154 16 0 1 0
1007300375 6 0 1 1
1007300389 4 0 1 0
1007300533 34 1 4 3
1007300852 24 0 1 0
1007300952 34 1 3 3
1007301294 37 1 3 2
1007301535 41 1 6 1
1007301567 10 0 1 0
1007301569 41 1 6 0
1007301655 17 0 1 0
1007301671 39 1 5 2
1007301796 34 1 2 3
1007301986 9 0 1 0
1007302189 37 1 4 2
1007302204 36 1 5 3
1007302376 37 1 1 2
1007302518 41 1 2 2
1007302528 41 1 5 2
1007302695 41 1 8 2
1007302705 31 0 1 1
1007302894 21 0 1 1
1007303223 22 0 1 1
1007303257 41 1 1 2
1007303303 8 0 1 0
1007303552 43 1 2 1
1007303562 36 1 1 1
1007303612 19 0 1 0
1007303729 39 1 1 1
1007304052 41 1 1 3
1007304103 39 1 1 3
1007304183 41 1 6 1
1007304470 41 1 7 2
1007304564 42 1 2 1
1007304674 37 1 2 3
1007304897 40 1 1 2
1007305171 41 1 6 2
1007305490 42 1 2 0
1007305504 38 1 1 1
1007305593 41 1 8 0
1007305593 41 1 6 3
1007305708 20 0 1 0
1007305931 42 1 1 1
1007305947 41 1 1 2
1007306093 36 1 3 2
1007306205 37 1 1 1
1007306328 36 1 2 2
1007306627 37 1 1 0
1007306981 42 1 2 1
1007307198 37 1 1 3
1007307228 17 0 1 1
1007307559 34 1 1 3
1007307588 40 1 5 2
1007307939 39 1 2 2
1007307978 36 1 4 2
1007308050 34 1 3 2
1007308192 16 0 1 1
1007308194 37 1 3 3
1007308226 41 1 1 3
1007308593 40 1 7 0
1007308650 41 1 6 0
1007308942 36 1 5 2
1007308973 28 0 1 1
1007308975 39 1 3 2
1007308986 32 1 1 1
1007309084 9 0 1 1
1007309167 39 1 3 3
1007309260 42 1 2 0
1007309295 34 1 3 3
1007309319 34 1 4 2
1007309434 18 0 1 1
1007309764 37 1 4 3
1007309909 41 1 5 3
1007309920 21 0 1 0
1007310065 39 1 1 2
1007310314 36 1 5 3
1007310329 9 0 1 0
1007310353 10 0 1 1
1007310513 34 1 2 2
1007310575 29 0 1 1
1007310599 19 0 1 1
1007310609 29 0 1 0
1007310759 39 1 3 2
1007310798 22 0 1 0
1007310855 39 1 5 3
1007310943 36 1 1 0
1007311095 33 1 2 2
1007311099 41 1 8 1
1007311206 36 1 3 3
1007311374 41 1 8 3
1007311555 33 1 4 3
1007311573 19 0 1 0
1007311787 36 1 4 3
1007311889 31 0 1 0
1007312017 8 0 1 1
1007312065 40 1 5 3
1007312129 4 0 1 1
1007312240 17 0 1 0
1007312379 29 0 1 1
1007312589 6 0 1 0
1007312823 39 1 1 0
1007312823 39 1 2 3
1007312909 40 1 1 3
1007313084 18 0 1 0
1007313099 32 1 1 0
1007313667 39 1 3 3
1007313871 28 0 1 0
1007314505 42 1 1 0
1007315185 29 0 1 0
1007315549 34 1 3 2
1007315596 38 1 2 2
1007315597 34 1 1 2
1007315738 41 1 2 3
1007316144 34 1 3 3
1007316583 9 0 1 1
1007316630 24 0 1 1
1007316988 34 1 2 3
1007317124 37 1 2 2
1007317130 37 1 3 2
1007317178 9 0 1 0
1007317197 43 1 2 0
1007317199 34 1 4 3
1007317427 40 1 7 1
1007317657 39 1 1 3
1007317791 36 1 2 3
1007317850 37 1 4 2
1007318158 20 0 1 1
1007318199 8 0 1 0
1007318233 10 0 1 0
1007318634 21 0 1 1
1007318825 16 0 1 0
1007318974 41 1 6 2
1007319017 41 1 8 0
1007319017 41 1 6 3
1007319258 22 0 1 1
1007319325 35 1 4 2
1007320025 35 1 4 3
1007320359 14 0 1 1
1007320388 37 1 1 1
1007320422 37 1 1 0
1007320479 41 1 5 2
1007320729 41 1 2 2
1007320753 41 1 7 3
1007320758 41 1 6 2
1007320804 38 1 2 3
1007321226 38 1 5 2
1007321329 14 0 1 0
1007321645 41 1 6 3
1007321763 43 1 2 1
1007321838 24 0 1 0
1007321971 33 1 2 3
1007321998 37 1 4 3
1007322144 37 1 1 1
1007322197 36 1 1 1
1007322466 37 1 2 3
1007322605 38 1 1 0
1007322668 36 1 3 2
1007322730 27 0 1 1
1007323005 4 0 1 0
1007323118 37 1 1 0
1007323192 22 0 1 0
1007323223 38 1 5 3
1007323290 34 1 3 2
1007323500 20 0 1 0
1007323702 17 0 1 1
1007323737 36 1 5 2
1007323909 39 1 5 2
1007324031 35 1 4 2
1007324289 34 1 1 3
1007324297 34 1 4 2
1007324324 9 0 1 1
1007324332 36 1 5 3
1007324548 27 0 1 0
1007324771 19 0 1 1
1007324794 41 1 5 3
1007324943 31 0 1 1
1007325065 14 0 1 1
1007325127 33 1 4 2
1007325142 37 1 3 3
1007325323 40 1 7 0
1007325331 10 0 1 1
1007325521 36 1 5 2
1007325740 19 0 1 0
1007325828 36 1 1 0
1007325973 36 1 2 2
1007326047 39 1 5 3
1007326161 6 0 1 1
1007326167 35 1 1 2
1007326456 21 0 1 0
1007326555 19 0 1 1
1007327081 31 0 1 0
1007327201 40 1 8 1
1007327351 16 0 1 1
1007327564 36 1 5 3
1007328005 35 1 4 3
1007328598 19 0 1 0
1007329039 14 0 1 0
1007330373 35 1 1 3
1007331038 41 1 2 3
1007331327 34 1 3 3
1007331407 40 1 8 0
1007331976 36 1 3 3
1007332072 43 1 2 0
1007332217 39 1 1 2
1007332361 9 0 1 0
1007332820 36 1 2 3
1007332963 33 1 2 2
1007332968 37 1 4 2
1007333084 37 1 2 2
1007333193 39 1 5 2
1007333279 33 1 4 3
1007333315 34 1 1 2
1007333423 34 1 2 2
1007333436 37 1 4 3
1007333816 17 0 1 0
1007333997 4 0 1 1
1007334023 41 1 8 1
1007334104 16 0 1 0
1007334118 20 0 1 1
1007334313 6 0 1 0
1007334349 40 1 7 1
1007334417 34 1 2 3
1007334518 22 0 1 1
1007334552 22 0 1 0
1007334963 31 0 1 1
1007334963 34 1 4 3
1007335037 8 0 1 1
1007335105 41 1 7 2
1007335596 37 1 4 2
1007335963 8 0 1 0
1007335997 10 0 1 0
1007336112 37 1 2 3
1007336342 37 1 3 2
1007336351 41 1 1 2
1007336352 41 1 5 2
1007336496 41 1 2 2
1007336711 38 1 1 1
1007337004 37 1 3 3
1007337146 20 0 1 0
1007337358 22 0 1 1
1007337386 42 1 2 1
1007337530 43 1 2 1
1007337557 41 1 8 2
1007337673 36 1 1 1
1007337894 21 0 1 1
1007337956 41 1 6 2
1007338126 37 1 3 2
1007338571 39 1 1 3
1007338591 39 1 1 1
1007338772 21 0 1 0
1007338788 37 1 4 3
1007338990 37 1 2 2
1007339004 41 1 8 3
1007339064 37 1 1 1
1007339116 37 1 4 2
1007339468 36 1 2 2
1007339698 21 0 1 1
1007339788 41 1 6 3
1007339822 22 0 1 0
1007339918 36 1 4 2
1007340024 20 0 1 1
1007340062 39 1 1 0
1007340150 22 0 1 1
1007340267 41 1 8 0
1007340460 35 1 1 2
1007340482 37 1 4 3
1007340774 41 1 1 3
1007340820 36 1 3 2
1007340930 37 1 1 0
1007341230 16 0 1 1
1007341494 40 1 8 1
1007341518 18 0 1 1
1007341666 41 1 7 3
1007341702 22 0 1 0
1007341808 42 1 2 0
1007341994 37 1 2 3
1007342227 17 0 1 1
1007342498 36 1 5 2
1007342558 41 1 5 3
1007342700 38 1 1 0
1007342905 34 1 4 2
1007343028 20 0 1 0
1007343194 36 1 5 3
1007343580 19 0 1 1
1007343592 36 1 1 0
1007343939 10 0 1 1
1007344079 33 1 4 2
1007344333 34 1 3 2
1007344602 19 0 1 0
1007344615 39 1 5 3
1007344721 35 1 1 3
1007345137 6 0 1 1
1007345367 9 0 1 1
1007345527 33 1 2 3
1007345649 31 0 1 0
1007345755 40 1 8 0
1007346220 36 1 4 3
1007346559 34 1 1 3
1007346560 37 1 2 2
1007346561 4 0 1 0
1007347066 37 1 4 2
1007347126 37 1 1 2
1007347442 37 1 3 3
1007347593 40 1 7 0
1007347594 20 0 1 1
1007347700 18 0 1 0
1007348134 36 1 5 2
1007348352 37 1 1 3
1007348742 22 0 1 1
1007348742 41 1 6 1
1007348958 37 1 1 2
1007349074 36 1 5 3
1007349151 39 1 1 2
1007349168 19 0 1 1
1007349196 37 1 1 3
1007349274 37 1 4 3
1007349304 21 0 1 0
1007349596 36 1 3 3
1007349779 35 1 2 2
1007349785 35 1 2 3
1007349836 41 1 6 0
1007349992 41 1 6 1
1007350108 19 0 1 0
1007350166 37 1 2 3
1007350185 41 1 8 1
1007350488 36 1 2 3
1007350490 37 1 4 2
1007350630 17 0 1 0
1007350836 22 0 1 0
1007351018 41 1 6 0
1007351195 12 0 1 1
1007351200 20 0 1 0
1007351229 12 0 1 0
1007351563 35 1 2 2
1007351761 39 1 5 2
1007351819 35 1 1 2
1007351844 16 0 1 0
1007351862 41 1 2 3
1007351872 37 1 4 3
1007352310 22 0 1 1
1007352317 35 1 2 3
1007352332 41 1 7 2
1007352803 31 0 1 1
1007352853 40 1 8 1
1007352896 43 1 2 0
1007352951 12 0 1 1
1007353347 35 1 2 2
1007353558 22 0 1 0
1007353877 12 0 1 0
1007354005 35 1 2 3
1007354114 38 1 1 1
1007354337 39 1 2 2
1007354683 34 1 4 3
1007354803 12 0 1 1
1007354864 41 1 5 2
1007355371 28 0 1 1
1007355575 34 1 3 3
1007355587 39 1 1 3
1007355717 10 0 1 0
1007355729 12 0 1 0
1007356341 36 1 1 1
1007356363 39 1 2 3
1007356537 35 1 1 3
1007356609 9 0 1 0
1007356845 33 1 2 2
1007357059 41 1 8 0
1007357152 37 1 4 2
1007357312 37 1 2 2
1007357320 41 1 2 2
1007357397 28 0 1 0
1007357487 33 1 4 3
1007357571 40 1 8 0
1007357587 35 1 2 2
1007357879 4 0 1 1
1007358225 35 1 2 3
1007358346 20 0 1 1
1007358354 43 1 2 1
1007358394 22 0 1 1
1007358521 6 0 1 0
1007358865 34 1 1 2
1007358990 37 1 2 3
1007359006 36 1 2 2
1007359331 12 0 1 1
1007359365 12 0 1 0
1007359418 36 1 3 2
1007359735 41 1 5 3
1007360082 37 1 3 2
1007360141 34 1 3 2
1007360259 35 1 1 2
1007360308 16 0 1 1
1007360331 40 1 7 1
1007360579 41 1 7 3
1007360646 38 1 2 2
1007360744 20 0 1 0
1007360879 34 1 3 3
1007361033 34 1 3 2
1007361107 35 1 2 2
1007361175 9 0 1 1
1007361178 36 1 1 0
1007361248 17 0 1 1
1007361293 40 1 8 1
1007361495 39 1 5 3
1007361586 21 0 1 1
1007361613 38 1 1 0
1007361680 24 0 1 1
1007361913 9 0 1 0
1007362067 9 0 1 1
1007362225 12 0 1 1
1007362529 31 0 1 0
1007362602 37 1 2 2
1007363469 34 1 4 2
1007363498 37 1 4 3
1007363584 37 1 1 2
1007363640 38 1 2 3
1007364002 20 0 1 1
1007364476 37 1 1 3
1007364503 10 0 1 1
1007364532 22 0 1 0
1007364587 34 1 4 3
1007364674 24 0 1 0
1007364732 41 1 6 1
1007364977 35 1 1 3
1007365240 36 1 3 3
1007365621 10 0 1 0
1007365645 34 1 1 3
1007365658 41 1 6 0
1007366011 40 1 8 0
1007366183 34 1 3 3
1007366222 37 1 3 3
1007366434 36 1 2 3
1007366648 17 0 1 0
1007366665 35 1 2 3
1007367217 9 0 1 0
1007367357 40 1 7 0
1007367394 41 1 2 3
1007367679 39 1 1 2
1007367699 12 0 1 0
1007367814 16 0 1 0
1007367930 21 0 1 0
1007368428 43 1 2 0
1007368859 41 1 8 1
1007368891 33 1 2 3
1007368946 37 1 2 3
1007369925 4 0 1 0
1007369980 20 0 1 0
1007369997 34 1 4 2
1007370014 41 1 5 2
1007370215 33 1 4 2
1007370497 41 1 7 2
1007370667 35 1 4 2
1007371031 10 0 1 1
1007371048 36 1 1 1
1007371057 41 1 1 2
1007371173 39 1 5 2
1007371231 35 1 1 2
1007371249 6 0 1 1
1007371279 35 1 2 2
1007371313 35 1 4 3
1007371593 34 1 3 2
1007371701 14 0 1 1
1007371729 35 1 2 3
1007371936 41 1 6 2
1007372008 41 1 2 2
1007372045 39 1 2 2
1007372045 38 1 1 1
1007372207 31 0 1 1
1007372265 40 1 8 1
1007372313 12 0 1 1
1007372355 35 1 4 2
1007372627 9 0 1 1
1007372721 34 1 1 2
1007372732 41 1 1 3
1007372826 42 1 2 1
1007372861 41 1 6 3
1007373015 35 1 2 2
1007373042 43 1 2 1
1007373079 28 0 1 1
1007373157 14 0 1 0
1007373191 12 0 1 0
1007373311 39 1 1 3
1007373359 39 1 2 3
1007373389 14 0 1 1
1007373501 34 1 2 2
1007373636 37 1 1 1
1007373652 36 1 3 2
1007373676 36 1 5 2
1007373733 39 1 2 2
1007373755 40 1 7 1
1007374009 35 1 4 3
1007374084 36 1 2 2
1007374085 34 1 2 3
1007374117 12 0 1 1
1007374261 35 1 2 3
1007374308 41 1 6 2
1007374308 41 1 6 3
1007374393 28 0 1 0
1007374472 42 1 2 0
1007374591 41 1 1 2
1007374610 37 1 1 0
1007374686 17 0 1 1
1007374767 28 0 1 1
1007374929 34 1 1 3
1007374973 41 1 8 2
1007375043 14 0 1 0
1007375049 35 1 2 2
1007375055 41 1 8 0
1007375105 35 1 2 3
1007375140 37 1 3 2
1007375245 8 0 1 1
1007375327 8 0 1 0
1007375520 19 0 1 1
1007375529 41 1 4 2
1007375536 37 1 1 1
1007375570 37 1 1 0
1007375625 42 1 2 1
1007375691 16 0 1 1
1007375935 12 0 1 0
1007376007 39 1 1 1
1007376083 12 0 1 1
1007376139 12 0 1 0
1007376319 40 1 7 0
1007376354 41 1 5 3
1007376563 45 1 2 1
1007376692 21 0 1 1
1007376840 37 1 4 2
1007376955 34 1 4 3
1007377032 37 1 2 2
1007377193 41 1 4 3
1007377198 41 1 1 3
1007377210 36 1 4 2
1007377388 36 1 1 0
1007377531 39 1 5 3
1007377682 38 1 2 2
1007377867 39 1 2 3
1007377874 22 0 1 1
1007377989 10 0 1 0
1007378037 41 1 8 3
1007378066 20 0 1 1
1007378227 45 1 2 0
1007378232 42 1 2 0
1007378481 35 1 1 3
1007378609 41 1 7 3
1007378714 18 0 1 1
1007378921 28 0 1 0
1007379124 36 1 4 3
1007379157 31 0 1 0
1007379162 24 0 1 1
1007379515 40 1 8 0
1007379554 37 1 2 3
1007379561 39 1 1 0
1007379883 33 1 2 2
1007379963 38 1 1 0
1007380016 36 1 3 3
1007380151 33 1 4 3
1007380520 36 1 5 3
1007380571 34 1 3 3
1007380588 20 0 1 0
1007380628 18 0 1 0
1007380778 37 1 1 2
1007380840 37 1 4 3
1007380917 4 0 1 1
1007381044 37 1 1 3
1007381050 17 0 1 0
1007381185 6 0 1 0
1007381583 19 0 1 0
1007381605 9 0 1 0
1007381840 41 1 6 1
1007381874 22 0 1 0
1007382203 35 1 1 2
1007382230 37 1 3 3
1007382718 41 1 6 0
1007383237 40 1 8 1
1007383610 41 1 2 3
1007383766 21 0 1 0
1007383992 36 1 2 3
1007384204 38 1 2 3
1007384293 34 1 3 2
1007384644 43 1 2 0
1007384723 35 1 2 2
1007385238 24 0 1 0
1007385305 16 0 1 0
1007385327 9 0 1 1
1007385757 12 0 1 1
1007386585 34 1 4 2
1007386767 34 1 4 3
1007387210 36 1 3 2
1007387216 39 1 1 2
1007387290 34 1 1 2
1007387619 10 0 1 1
1007387765 35 1 1 3
1007387801 10 0 1 0
1007387815 39 1 5 2
1007388273 34 1 4 2
1007388431 41 1 8 1
1007388433 34 1 1 3
1007388511 40 1 7 1
1007388603 34 1 4 3
1007388799 40 1 8 0
1007388824 17 0 1 1
1007388849 31 0 1 1
1007388926 36 1 1 2
1007389117 34 1 4 2
1007389307 10 0 1 1
1007389419 41 1 1 2
1007389552 41 1 5 2
1007389603 40 1 7 0
1007389637 10 0 1 0
1007389710 41 1 5 3
1007389864 41 1 2 2
1007390124 37 1 2 2
1007390151 10 0 1 1
1007390297 35 1 2 3
1007390453 42 1 2 1
1007390478 41 1 5 1
1007390554 41 1 1 3
1007390586 36 1 1 1
1007390673 33 1 4 2
1007390744 36 1 1 0
1007390898 43 1 2 1
1007390976 37 1 3 2
1007391158 20 0 1 1
1007391273 41 1 1 2
1007391447 34 1 1 2
1007391787 12 0 1 0
1007391865 6 0 1 1
1007391876 36 1 1 3
1007391879 39 1 1 3
1007392117 41 1 4 2
1007392255 33 1 2 3
1007392274 42 1 2 0
1007392308 42 1 2 1
1007392415 35 1 4 2
1007392481 40 1 7 1
1007392503 41 1 8 2
1007392508 41 1 7 2
1007392528 21 0 1 1
1007392542 37 1 4 2
1007392913 41 1 8 0
1007392963 34 1 3 3
1007393125 41 1 4 3
1007393140 41 1 5 0
1007393140 41 1 1 3
1007393289 4 0 1 0
1007393449 14 0 1 1
1007393516 45 1 2 1
1007393537 39 1 1 1
1007393673 35 1 4 3
1007393794 22 0 1 1
1007393969 41 1 8 3
1007393997 9 0 1 0
1007394077 38 1 1 1
1007394103 35 1 4 2
1007394174 42 1 2 0
1007394203 36 1 2 2
1007394206 37 1 4 3
1007394314 41 1 6 2
1007394326 37 1 4 2
1007394442 45 1 2 0
1007394461 39 1 2 2
1007394552 36 1 3 3
1007394795 34 1 4 3
1007394911 35 1 1 2
1007395050 37 1 2 3
1007395144 41 1 2 3
1007395206 41 1 6 3
1007395361 35 1 4 3
1007395495 28 0 1 1
1007395509 14 0 1 0
1007395564 22 0 1 0
1007395586 17 0 1 0
1007395591 14 0 1 1
1007395598 22 0 1 1
1007395623 41 1 7 3
1007395683 39 1 1 0
1007395687 34 1 1 3
1007395817 16 0 1 1
1007395829 10 0 1 0
1007395959 40 1 8 1
1007396048 37 1 1 1
1007396084 20 0 1 0
1007396178 43 1 2 0
1007396395 14 0 1 0
1007396721 40 1 7 0
1007396739 38 1 1 0
1007397022 37 1 1 0
1007397022 37 1 3 3
1007397402 38 1 2 2
1007398287 39 1 2 3
1007398436 24 0 1 1
1007398602 37 1 4 3
1007398631 39 1 5 3
1007398758 21 0 1 0
1007399084 36 1 2 3
1007399321 28 0 1 0
1007399636 22 0 1 0
1007399665 31 0 1 0
1007400061 34 1 3 2
1007400205 34 1 4 2
1007400349 34 1 1 2
1007400425 35 1 1 3
1007400631 41 1 1 2
1007400891 39 1 1 2
1007400929 16 0 1 0
1007401095 9 0 1 1
1007401151 38 1 1 2
1007401152 38 1 1 3
1007401239 10 0 1 1
1007401422 41 1 1 3
1007401459 40 1 8 0
1007401665 42 1 2 1
1007401925 41 1 8 1
1007402091 40 1 7 1
1007402092 38 1 2 3
1007402233 41 1 7 1
1007402267 41 1 7 0
1007402355 33 1 2 2
1007402543 42 1 2 0
1007403198 24 0 1 0
1007403389 4 0 1 1
1007403556 41 1 5 2
1007404003 41 1 7 2
1007404098 41 1 5 3
1007404147 35 1 1 2
1007404239 35 1 2 2
1007404291 35 1 4 2
1007404387 41 1 1 2
1007404645 35 1 4 3
1007404647 33 1 4 3
1007405181 40 1 8 1
1007405204 36 1 1 1
1007405273 12 0 1 1
1007405286 36 1 1 0
1007405421 42 1 2 1
1007405489 35 1 2 3
1007405501 38 1 1 1
1007405547 34 1 4 3
1007405681 6 0 1 0
1007406117 14 0 1 1
1007406151 14 0 1 0
1007406345 38 1 1 2
1007406439 34 1 1 3
1007406581 10 0 1 0
1007406704 37 1 2 2
1007406935 36 1 5 2
1007406954 36 1 3 2
1007407028 41 1 5 2
1007407109 12 0 1 0
1007407136 36 1 5 3
1007407159 39 1 1 3
1007407379 41 1 7 1
1007407473 40 1 7 0
1007407588 38 1 2 2
1007407752 37 1 3 2
1007407763 35 1 4 2
1007407770 20 0 1 1
1007407786 41 1 6 2
1007407988 17 0 1 1
1007408062 36 1 1 1
1007408084 19 0 1 1
1007408121 41 1 8 2
1007408251 41 1 8 0
1007408251 41 1 6 3
1007408269 41 1 4 2
1007408482 41 1 1 3
1007408583 38 1 3 2
1007408622 24 0 1 1
1007408797 14 0 1 1
1007408865 35 1 4 3
1007408962 19 0 1 0
1007408965 41 1 5 3
1007408967 35 1 2 2
1007409155 39 1 1 1
1007409303 45 1 2 1
1007409378 21 0 1 1
1007409448 37 1 1 1
1007409482 37 1 1 0
1007409563 36 1 5 2
1007409608 41 1 5 2
1007409617 25 0 1 1
1007409630 36 1 1 2
1007409709 35 1 1 3
1007409731 36 1 2 2
1007409750 42 1 2 0
1007409899 14 0 1 0
1007410093 39 1 5 2
1007410362 41 1 5 3
1007410652 36 1 1 0
1007410664 41 1 5 1
1007410686 36 1 1 1
1007410711 12 0 1 1
1007410732 19 0 1 1
1007410743 40 1 8 0
1007410783 41 1 7 3
1007410803 34 1 3 3
1007411100 37 1 4 2
1007411269 31 0 1 1
1007411396 36 1 1 0
1007411522 37 1 2 3
1007411537 16 0 1 1
1007411817 38 1 1 0
1007411837 9 0 1 0
1007411898 37 1 4 3
1007412146 41 1 8 3
1007412150 22 0 1 1
1007412281 39 1 2 2
1007412556 20 0 1 0
1007412836 37 1 4 2
1007412844 38 1 1 3
1007412932 22 0 1 0
1007413280 36 1 2 3
1007413282 41 1 1 2
1007413315 28 0 1 1
1007413519 39 1 1 2
1007413553 39 1 1 0
1007413553 39 1 2 3
1007413870 22 0 1 1
1007414198 37 1 4 3
1007414314 16 0 1 0
1007414316 42 1 2 1
1007414553 41 1 8 1
1007414587 28 0 1 0
1007414635 41 1 7 0
1007415215 35 1 4 2
1007415308 36 1 5 3
1007415527 41 1 4 3
1007415594 22 0 1 0
1007415617 35 1 2 3
1007415620 37 1 4 2
1007415982 37 1 3 3
1007416016 41 1 5 2
1007416021 34 1 4 2
1007416061 33 1 4 2
1007416152 36 1 3 3
1007416241 41 1 8 2
1007416249 14 0 1 1
1007416263 38 1 2 3
1007416329 34 1 1 2
1007416476 19 0 1 0
1007416654 22 0 1 1
1007416666 37 1 1 2
1007416706 41 1 6 2
1007416807 35 1 1 2
1007416860 41 1 8 3
1007416937 35 1 4 3
1007417045 12 0 1 0
1007417050 36 1 1 1
1007417055 10 0 1 1
1007417095 6 0 1 1
1007417135 33 1 2 3
1007417155 38 1 3 3
1007417186 17 0 1 0
1007417188 37 1 1 3
1007417215 41 1 7 2
1007417275 39 1 1 1
1007417275 45 1 2 0
1007417296 21 0 1 0
1007417297 24 0 1 0
1007417363 40 1 7 1
1007417484 41 1 5 3
1007417824 37 1 2 2
1007417841 40 1 8 1
1007417846 36 1 2 2
1007417894 39 1 1 0
1007417971 14 0 1 0
1007417973 34 1 1 3
1007417977 41 1 8 2
1007418032 37 1 4 3
1007418035 34 1 4 3
1007418043 39 1 5 3
1007418169 4 0 1 0
1007418189 25 0 1 0
1007418249 38 1 1 1
1007418450 37 1 1 2
1007418484 37 1 1 1
1007418518 36 1 1 0
1007418524 41 1 6 1
1007418558 41 1 6 0
1007418707 39 1 1 3
1007418858 20 0 1 1
1007418884 16 0 1 1
1007418924 37 1 1 3
1007419011 39 1 1 1
1007419058 36 1 2 3
1007419069 10 0 1 0
1007419077 31 0 1 0
1007419453 40 1 7 0
1007419484 22 0 1 0
1007419532 41 1 6 1
1007419720 36 1 1 3
1007419741 41 1 8 0
1007419958 41 1 6 0
1007420032 37 1 3 2
1007420065 41 1 2 2
1007420212 16 0 1 0
1007420769 41 1 8 3
1007420877 38 1 3 2
1007420896 38 1 5 2
1007421099 43 1 2 1
1007421240 41 1 5 0
1007421651 41 1 4 2
1007421694 21 0 1 1
1007421792 37 1 5 2
1007421848 41 1 2 3
1007421911 25 0 1 1
1007421956 37 1 1 2
1007422070 36 1 2 2
1007422186 37 1 4 2
1007422369 35 1 1 3
1007422435 39 1 2 2
1007422454 36 1 3 2
1007422463 39 1 1 0
1007422505 41 1 1 3
1007422565 38 1 2 2
1007422613 38 1 1 2
1007422685 45 1 2 1
1007422702 27 0 1 1
1007422882 43 1 2 0
1007422990 41 1 6 1
1007423240 36 1 3 3
1007423260 23 0 1 1
1007423307 39 1 1 2
1007423403 40 1 8 0
1007423445 34 1 4 2
1007423453 39 1 5 2
1007423469 28 0 1 1
1007423488 17 0 1 1
1007423539 42 1 2 0
1007423599 24 0 1 1
1007423636 16 0 1 1
1007423647 41 1 7 1
1007423670 22 0 1 1
1007423916 41 1 7 3
1007423928 36 1 1 2
1007424180 36 1 1 3
1007424185 39 1 2 3
1007424341 41 1 8 1
1007424479 39 1 2 2
1007424479 10 0 1 1
1007424487 31 0 1 1
1007424760 41 1 6 3
1007424962 17 0 1 0
1007424999 39 1 2 3
1007425193 38 1 1 3
1007425219 28 0 1 0
1007425323 38 1 1 0
1007425513 28 0 1 1
1007425542 41 1 5 1
1007425576 41 1 5 0
1007425794 37 1 1 0
1007425828 37 1 1 3
1007426091 35 1 1 2
1007426227 41 1 7 0
1007426325 39 1 5 3
1007426529 28 0 1 0
1007426672 37 1 3 3
1007426768 37 1 5 3
1007426869 35 1 2 2
1007426876 37 1 4 3
1007426966 36 1 5 2
1007427125 40 1 8 1
1007427264 41 1 5 2
1007427359 31 0 1 0
1007427433 35 1 2 3
1007427448 36 1 1 2
1007427627 39 1 1 3
1007427672 41 1 6 0
1007427810 36 1 5 3
1007427876 21 0 1 0
1007427910 22 0 1 0
1007427915 41 1 1 2
1007428017 12 0 1 1
1007428271 33 1 2 2
1007428374 36 1 1 1
1007428490 37 1 2 3
1007428550 23 0 1 0
1007428698 19 0 1 1
1007428838 38 1 2 3
1007428844 19 0 1 0
1007428943 12 0 1 0
1007428949 42 1 2 1
1007428951 41 1 7 2
1007429013 41 1 8 2
1007429047 41 1 8 0
1007429082 41 1 5 1
1007429479 33 1 4 3
1007429504 41 1 6 2
1007429524 20 0 1 0
1007429594 36 1 5 2
1007429627 34 1 4 3
1007429872 24 0 1 0
1007429981 4 0 1 1
1007430047 39 1 1 1
1007430217 41 1 3 2
1007430244 36 1 3 2
1007430513 6 0 1 0
1007430529 41 1 4 3
1007430654 36 1 4 2
1007430661 10 0 1 0
1007430675 38 1 3 3
1007430685 38 1 1 1
1007430748 19 0 1 1
1007430783 41 1 6 3
1007430809 35 1 1 3
1007431212 41 1 5 3
1007431278 17 0 1 1
1007431334 37 1 1 1
1007431382 44 1 2 1
1007431709 25 0 1 0
1007431783 39 1 5 2
1007431843 40 1 8 0
1007431871 35 1 4 2
1007431949 18 0 1 1
1007432212 37 1 1 0
1007432226 45 1 2 0
1007432246 36 1 1 0
1007432471 41 1 3 3
1007432497 35 1 4 3
1007432537 35 1 2 2
1007432817 31 0 1 1
1007432905 14 0 1 1
1007432948 41 1 8 3
1007433531 14 0 1 0
1007433553 38 1 3 2
1007433673 36 1 2 3
1007433797 12 0 1 1
1007434010 44 1 2 0
1007434030 36 1 4 3
1007434109 38 1 1 2
1007434248 38 1 2 2
1007434397 39 1 1 0
1007434587 25 0 1 1
1007434707 16 0 1 0
1007435143 41 1 7 1
1007435282 24 0 1 1
1007435551 18 0 1 0
1007435820 37 1 3 2
1007436219 35 1 1 2
1007436482 38 1 1 3
1007436611 39 1 5 3
1007436624 37 1 3 3
1007437111 35 1 4 2
1007437179 36 1 5 3
1007437253 40 1 8 1
1007437516 41 1 7 0
1007437556 37 1 3 2
1007437561 35 1 4 3
1007437562 21 0 1 1
1007437576 41 1 6 2
1007437645 31 0 1 0
1007438005 41 1 8 2
1007438159 14 0 1 1
1007438298 36 1 3 3
1007438429 19 0 1 0
1007438440 21 0 1 0
1007438456 41 1 1 3
1007438595 14 0 1 0
1007438687 41 1 6 3
1007438847 35 1 4 2
1007439108 37 1 2 2
1007439249 35 1 2 3
1007439300 41 1 8 3
1007439332 17 0 1 0
1007439334 37 1 1 1
1007439366 21 0 1 1
1007439422 41 1 3 2
1007439490 42 1 2 0
1007439687 39 1 1 1
1007439773 35 1 4 3
1007439881 14 0 1 1
1007440001 33 1 4 2
1007440122 37 1 4 2
1007440142 20 0 1 1
1007440212 37 1 1 0
1007440300 41 1 6 2
1007440456 44 1 2 1
1007440505 41 1 3 3
1007440613 39 1 1 0
1007440699 36 1 1 3
1007440773 12 0 1 0
1007440807 14 0 1 0
1007440946 37 1 4 3
1007441035 6 0 1 1
1007441075 33 1 2 3
1007441156 22 0 1 1
1007441539 44 1 2 0
1007441864 41 1 5 0
1007441906 37 1 4 2
1007442020 37 1 1 1
1007442146 22 0 1 0
1007442517 4 0 1 0
1007442756 41 1 7 3
1007443072 22 0 1 1
1007443178 37 1 1 2
1007443282 38 1 2 3
1007443788 37 1 5 2
1007444212 41 1 6 1
1007444313 35 1 1 3
1007444316 24 0 1 0
1007444602 38 1 1 0
1007444602 38 1 5 3
1007445340 23 0 1 1
1007445347 40 1 8 0
1007445492 36 1 1 2
1007445650 41 1 1 2
1007446004 27 0 1 0
1007446202 37 1 1 3
1007446339 36 1 5 2
1007446493 41 1 8 2
1007446684 42 1 2 1
1007446976 41 1 5 2
1007447058 41 1 5 1
1007447236 41 1 6 0
1007447236 41 1 5 3
1007447466 19 0 1 1
1007447520 36 1 3 2
1007447667 36 1 2 2
1007447735 39 1 1 1
1007447812 37 1 2 3
1007447894 41 1 4 2
1007448106 36 1 1 1
1007448123 36 1 5 3
1007448230 41 1 7 2
1007448270 36 1 1 0
1007448554 17 0 1 1
1007448746 41 1 5 2
1007448752 37 1 3 3
1007448807 39 1 5 2
1007448846 20 0 1 0
1007448928 45 1 2 1
1007448971 41 1 3 2
1007449109 16 0 1 1
1007449780 36 1 1 1
1007449786 21 0 1 0
1007449844 38 1 1 1
1007449991 19 0 1 0
1007450005 44 1 2 1
1007450380 38 1 2 2
1007450415 36 1 1 3
1007450517 31 0 1 1
1007450628 41 1 8 3
1007451319 33 1 2 2
1007451380 37 1 4 3
1007451414 24 0 1 1
1007451472 41 1 4 3
1007451504 41 1 5 0
1007451504 41 1 7 3
1007451892 39 1 1 0
1007451917 34 1 4 2
1007452199 36 1 3 3
1007452303 35 1 1 2
1007452350 41 1 1 3
1007452353 4 0 1 1
1007452414 22 0 1 0
1007452506 45 1 2 0
1007452627 34 1 4 3
1007452951 10 0 1 1
1007453288 41 1 6 3
1007453350 38 1 1 0
1007453381 40 1 8 1
1007453384 42 1 2 0
1007453559 17 0 1 0
1007453562 41 1 5 3
1007453585 36 1 5 2
1007453605 34 1 4 2
1007453661 10 0 1 0
1007453767 35 1 4 2
1007454066 37 1 2 2
1007454192 36 1 1 2
1007454210 37 1 3 2
1007454258 37 1 4 2
1007454263 33 1 4 3
1007454290 38 1 3 3
1007454441 35 1 4 3
1007454562 37 1 1 0
1007454619 19 0 1 1
1007454639 10 0 1 1
1007454801 14 0 1 1
1007455100 20 0 1 1
1007455166 36 1 1 0
1007455179 39 1 5 3
1007455226 41 1 5 1
1007455292 22 0 1 1
1007455297 6 0 1 0
1007455324 25 0 1 0
1007455417 36 1 3 2
1007455454 37 1 5 3
1007455503 35 1 4 2
1007455730 37 1 4 3
1007455913 14 0 1 0
1007455944 21 0 1 1
1007455945 34 1 5 2
1007456213 31 0 1 0
1007456216 38 1 2 3
1007456451 17 0 1 1
1007456537 14 0 1 1
1007456683 35 1 1 3
1007456730 23 0 1 0
1007456764 22 0 1 0
1007456838 37 1 4 2
1007456916 41 1 1 2
1007456979 11 0 1 1
1007457194 36 1 2 3
1007457599 36 1 5 3
1007457623 35 1 4 3
1007457745 40 1 8 0
1007457816 24 0 1 0
1007457826 37 1 4 3
1007457870 41 1 7 2
1007457872 22 0 1 1
1007458226 34 1 4 3
1007458262 37 1 2 3
1007458283 16 0 1 0
1007458284 42 1 2 1
1007458657 14 0 1 0
1007458911 19 0 1 0
1007459106 37 1 3 3
1007459260 10 0 1 0
1007459296 20 0 1 0
1007459388 38 1 1 1
1007459512 22 0 1 0
1007459700 38 1 3 2
1007459710 41 1 3 3
1007460596 21 0 1 0
1007460734 25 0 1 1
1007460912 44 1 2 0
1007461242 38 1 5 2
1007461348 38 1 2 2
1007461758 41 1 6 2
1007462021 34 1 2 2
1007462155 36 1 1 3
1007462388 36 1 3 3
1007462602 27 0 1 1
1007463168 24 0 1 1
1007463324 37 1 1 1
1007463329 8 0 1 1
1007463354 41 1 5 2
1007463388 41 1 5 0
1007463530 34 1 5 3
1007463648 41 1 3 2
1007464238 37 1 3 2
1007464263 17 0 1 0
1007464388 36 1 1 1
1007464516 37 1 2 2
1007464682 44 1 2 1
1007464809 11 0 1 0
1007464952 41 1 1 3
1007465467 37 1 4 2
1007465550 20 0 1 1
1007465629 33 1 4 2
1007465838 21 0 1 1
1007465986 42 1 2 0
1007466083 36 1 2 2
1007466319 33 1 2 3
1007466380 38 1 1 2
1007466640 41 1 5 3
1007466663 6 0 1 1
1007466694 41 1 7 3
1007466773 36 1 5 2
1007466938 22 0 1 1
1007466968 36 1 1 2
1007467012 34 1 4 2
1007467353 4 0 1 0
1007467411 36 1 5 3
1007467414 41 1 7 1
1007467494 37 1 5 2
1007467694 36 1 1 0
1007467728 38 1 1 0
1007467807 19 0 1 1
1007467831 16 0 1 1
1007467990 34 1 2 3
1007468002 41 1 5 1
1007468046 10 0 1 1
1007468557 36 1 5 2
1007468615 36 1 5 3
1007468771 19 0 1 0
1007468868 23 0 1 1
1007469328 37 1 1 2
1007469401 36 1 5 2
1007469463 8 0 1 0
1007469521 36 1 4 2
1007469697 19 0 1 1
1007469731 19 0 1 0
1007470046 37 1 1 3
1007470362 41 1 1 2
1007470378 38 1 1 3
1007470389 36 1 3 2
1007470408 41 1 6 1
1007470416 41 1 7 2
1007470430 41 1 5 2
1007470657 19 0 1 1
1007470846 41 1 4 2
1007470995 34 1 4 3
1007471025 18 0 1 1
1007471037 41 1 8 2
1007471080 41 1 6 0
1007471121 37 1 3 3
1007471222 38 1 2 3
1007471396 42 1 2 1
1007471447 17 0 1 1
1007471450 38 1 1 1
1007471464 36 1 1 1
1007471880 45 1 2 1
1007472013 37 1 2 3
1007472029 10 0 1 0
1007472186 41 1 7 0
1007472186 41 1 8 3
1007472256 24 0 1 0
1007472294 39 1 1 1
1007472701 36 1 1 3
1007472768 21 0 1 0
1007473220 39 1 1 0
1007473612 41 1 3 3
1007473735 41 1 5 0
1007473786 20 0 1 0
1007473922 41 1 4 3
1007474956 45 1 2 0
1007474984 44 1 2 0
1007475567 41 1 6 3
1007476322 41 1 5 3
1007476445 41 1 1 3
1007476793 33 1 2 2
1007477161 36 1 5 3
1007477226 37 1 1 0
1007477226 37 1 4 3
1007477337 41 1 7 3
1007477411 36 1 1 2
1007477445 36 1 1 0
1007477445 36 1 4 3
1007477479 42 1 2 0
1007477827 4 0 1 1
1007478166 37 1 5 3
1007478195 19 0 1 0
1007478279 33 1 4 3
1007478289 36 1 1 3
1007478380 38 1 1 0
1007478445 41 1 5 1
1007478931 36 1 2 3
1007479039 18 0 1 0
1007479070 22 0 1 0
1007479313 6 0 1 0
1007479323 41 1 5 0
1007479991 23 0 1 0
1007480011 36 1 3 3
1007480167 16 0 1 0
1007481045 17 0 1 0
1007481058 38 1 5 3
1007482414 37 1 3 2
1007482432 27 0 1 0
1007482482 37 1 3 3
1007482693 37 1 5 2
1007482951 36 1 1 2
1007483448 21 0 1 1
1007483939 36 1 1 3
1007484324 37 1 2 2
1007484341 23 0 1 1
1007484360 21 0 1 0
1007484387 41 1 1 2
1007484483 41 1 5 2
1007484565 41 1 5 1
1007485042 37 1 3 2
1007485196 37 1 4 2
1007485421 42 1 2 1
1007485443 41 1 5 0
1007485470 38 1 3 3
1007485508 41 1 3 2
1007485517 36 1 1 1
1007485921 37 1 3 3
1007486144 20 0 1 1
1007486218 37 1 3 2
1007486226 21 0 1 1
1007486242 37 1 5 3
1007486265 36 1 3 2
1007486389 36 1 2 2
1007486403 22 0 1 1
1007486504 25 0 1 0
1007486519 36 1 3 3
1007486799 37 1 2 3
1007487038 41 1 2 2
1007487104 21 0 1 0
1007487141 36 1 4 2
1007487173 44 1 2 1
1007487299 17 0 1 1
1007487374 36 1 1 2
1007487553 17 0 1 0
1007487748 37 1 2 2
1007487799 23 0 1 0
1007487825 16 0 1 1
1007488030 21 0 1 1
1007488072 43 1 2 1
1007488113 37 1 3 3
1007488187 20 0 1 0
1007488378 41 1 2 3
1007488408 41 1 5 1
1007488445 18 0 1 1
1007488448 38 1 2 2
1007488753 33 1 4 2
1007488896 37 1 4 3
1007489076 38 1 2 3
1007489097 41 1 8 2
1007489113 20 0 1 1
1007489292 38 1 2 2
1007489412 43 1 2 0
1007489453 36 1 3 2
1007489482 24 0 1 1
1007489657 37 1 5 2
1007489762 37 1 5 3
1007489787 6 0 1 1
1007489848 21 0 1 0
1007489870 41 1 6 2
1007489870 41 1 6 3
1007489930 22 0 1 0
1007489942 41 1 7 2
1007490311 36 1 5 2
1007490383 33 1 2 3
1007490606 37 1 2 3
1007490676 24 0 1 0
1007490710 24 0 1 1
1007490784 39 1 1 1
1007490916 17 0 1 1
1007491100 37 1 1 1
1007491134 37 1 1 0
1007491353 23 0 1 1
1007491362 38 1 1 1
1007491387 23 0 1 0
1007491417 4 0 1 0
1007491441 37 1 5 2
1007491475 19 0 1 1
1007491546 37 1 5 3
1007491606 41 1 6 2
1007491606 41 1 6 3
1007491713 36 1 1 3
1007491774 41 1 7 3
1007491890 41 1 5 3
1007492100 20 0 1 0
1007492450 41 1 8 3
1007492557 36 1 5 3
1007492568 38 1 3 2
1007492747 41 1 5 0
1007492856 37 1 1 1
1007492890 37 1 1 0
1007492924 36 1 1 0
1007493002 41 1 2 2
1007493109 23 0 1 1
1007493143 23 0 1 0
1007493180 38 1 1 0
1007493210 38 1 5 2
1007493484 39 1 1 0
1007493602 25 0 1 1
1007493816 36 1 4 3
1007493958 37 1 2 2
1007494036 43 1 2 1
1007494173 36 1 3 3
1007494233 19 0 1 0
1007494368 37 1 3 2
1007494614 41 1 3 3
1007494618 27 0 1 1
1007494916 38 1 1 2
1007494992 20 0 1 1
1007495015 37 1 5 2
1007495066 37 1 3 3
1007495160 37 1 2 3
1007495207 17 0 1 0
1007495327 18 0 1 0
1007495402 38 1 1 3
1007495552 36 1 2 3
1007495646 37 1 2 2
1007495648 44 1 2 0
1007495904 38 1 1 2
1007496006 37 1 2 3
1007496030 21 0 1 1
1007496094 41 1 7 1
1007496160 21 0 1 0
1007496294 23 0 1 1
1007496446 41 1 1 3
1007496586 16 0 1 0
1007496600 20 0 1 0
1007496898 38 1 2 3
1007497020 41 1 7 0
1007497054 41 1 7 1
1007497290 41 1 2 3
1007497478 20 0 1 1
1007497480 42 1 2 0
1007497512 20 0 1 0
1007497826 37 1 4 2
1007497932 24 0 1 0
1007498063 36 1 1 2
1007498324 43 1 2 0
1007498634 38 1 5 3
1007498682 37 1 4 3
1007498860 22 0 1 1
1007499180 41 1 5 2
1007499214 41 1 5 1
1007499294 41 1 4 2
1007499574 37 1 5 3
1007499586 41 1 7 2
1007499610 37 1 4 2
1007499682 41 1 6 2
1007499882 22 0 1 0
1007500004 27 0 1 0
1007500047 36 1 1 3
1007500072 41 1 3 2
1007500168 41 1 2 2
1007500214 36 1 1 1
1007500328 45 1 2 1
1007500357 41 1 8 2
1007500620 38 1 1 1
1007500644 22 0 1 1
1007500952 37 1 1 1
1007501012 41 1 1 2
1007501106 44 1 2 1
1007501108 23 0 1 0
1007501202 43 1 2 1
1007501279 33 1 2 2
1007501391 39 1 1 1
1007501572 37 1 3 2
1007501643 33 1 4 3
1007501780 41 1 5 0
1007501854 36 1 2 2
1007502032 37 1 2 2
1007502308 42 1 2 1
1007502313 4 0 1 1
1007502677 6 0 1 0
1007503066 20 0 1 1
1007503106 41 1 6 3
1007503177 16 0 1 1
1007503186 21 0 1 1
1007503272 38 1 1 3
1007503415 36 1 4 2
1007503975 36 1 5 2
1007504306 41 1 7 0
1007504553 18 0 1 1
1007504554 37 1 1 0
1007505077 19 0 1 1
1007505290 41 1 2 3
1007505316 37 1 3 3
1007505732 38 1 2 2
1007506230 41 1 8 3
1007506324 43 1 2 0
1007506338 37 1 4 3
1007506728 37 1 2 3
1007506766 24 0 1 1
1007506788 21 0 1 0
1007507144 36 1 5 3
1007507264 39 1 1 0
1007507762 20 0 1 0
1007508062 41 1 7 3
1007508106 38 1 5 2
1007508120 22 0 1 0
1007508727 19 0 1 0
1007508954 41 1 5 3
1007509562 27 0 1 1
1007509622 38 1 1 2
1007509656 38 1 1 0
1007509692 41 1 4 3
1007509988 36 1 1 0
1007509988 36 1 4 3
1007510048 41 1 8 2
1007510596 38 1 1 3
1007510656 41 1 7 1
1007510726 45 1 2 0
1007510898 37 1 5 2
1007511082 39 1 1 1
1007511092 37 1 5 3
1007511723 18 0 1 0
1007511726 41 1 3 3
1007511742 37 1 5 2
1007512117 33 1 4 2
1007512130 38 1 2 3
1007512212 23 0 1 1
1007512246 23 0 1 0
1007512270 38 1 5 3
1007512426 41 1 7 0
1007512426 41 1 1 3
1007512520 36 1 2 3
1007512654 37 1 4 2
1007513151 6 0 1 1
1007513162 38 1 3 3
1007513164 24 0 1 0
1007513200 23 0 1 1
1007513426 37 1 4 3
1007513507 33 1 2 3
1007513520 41 1 5 2
1007513580 44 1 2 0
1007513662 42 1 2 0
1007513922 37 1 2 2
1007514008 27 0 1 0
1007514064 22 0 1 1
1007514196 25 0 1 0
1007514233 16 0 1 0
1007514258 41 1 4 2
1007514342 37 1 4 2
1007514364 41 1 5 3
1007514460 22 0 1 0
1007514541 4 0 1 0
1007514890 37 1 3 2
1007515032 20 0 1 1
1007515102 41 1 8 3
1007515148 36 1 1 1
1007515162 37 1 2 3
1007515376 22 0 1 1
1007515398 36 1 1 0
1007515398 45 1 2 1
1007516196 20 0 1 0
1007516304 39 1 1 0
1007516490 21 0 1 1
1007516946 37 1 3 3
1007517194 41 1 1 2
1007518200 37 1 5 3
1007518228 42 1 2 1
1007518356 21 0 1 0
1007519228 38 1 2 2
1007519622 23 0 1 0
1007519692 41 1 3 2
1007519822 41 1 5 2
1007519884 41 1 8 2
1007520262 24 0 1 1
1007520326 38 1 5 2
1007520464 41 1 8 3
1007520856 36 1 1 1
1007520876 37 1 4 3
1007520918 39 1 1 1
1007521104 38 1 3 2
1007521464 44 1 2 1
1007521498 39 1 1 0
1007521572 41 1 8 2
1007521574 27 0 1 1
1007521910 22 0 1 0
1007522138 25 0 1 1
1007522143 36 1 2 2
1007522501 36 1 4 2
1007522938 41 1 1 3
1007523177 16 0 1 1
1007523306 39 1 1 1
1007523695 36 1 3 2
1007523818 38 1 5 3
1007523830 41 1 8 3
1007523981 33 1 2 2
1007523984 18 0 1 1
1007524118 41 1 4 3
1007524176 38 1 2 3
1007524816 42 1 2 0
1007525015 4 0 1 1
1007525152 45 1 2 0
1007525176 27 0 1 0
1007525176 39 1 1 0
1007525210 24 0 1 0
1007525271 17 0 1 1
1007525515 33 1 4 3
1007526549 6 0 1 0
1007526746 41 1 5 3
1007527780 36 1 1 0
1007528243 36 1 4 3
1007528962 37 1 4 2
1007529087 36 1 3 3
1007529446 37 1 5 2
1007529466 18 0 1 0
1007529516 36 1 2 3
1007529700 37 1 4 3
1007530012 37 1 3 2
1007530121 17 0 1 0
1007530238 22 0 1 1
1007530240 37 1 2 2
1007530374 37 1 3 3
1007530880 41 1 1 2
1007530998 23 0 1 1
1007531116 22 0 1 0
1007531181 16 0 1 0
1007531216 41 1 4 2
1007531360 41 1 5 2
1007531420 20 0 1 1
1007531552 37 1 5 3
1007531578 21 0 1 1
1007531612 21 0 1 0
1007531894 38 1 3 3
1007532002 41 1 7 2
1007532122 37 1 5 2
1007532346 42 1 2 1
1007532408 36 1 1 1
1007532473 41 1 8 2
1007532688 37 1 3 2
1007532768 23 0 1 0
1007532928 25 0 1 0
1007532974 37 1 4 2
1007532988 45 1 2 1
1007533098 37 1 3 3
1007533507 39 1 1 1
1007533688 38 1 1 1
1007533746 37 1 2 3
1007533806 23 0 1 1
1007534084 22 0 1 1
1007534274 21 0 1 1
1007534404 21 0 1 0
1007534780 20 0 1 0
1007534786 37 1 5 3
1007535590 38 1 2 2
1007535616 38 1 3 2
1007535715 36 1 2 2
1007535835 33 1 2 3
1007535954 38 1 5 2
1007535989 33 1 4 2
1007536050 41 1 2 2
1007536606 41 1 8 3
1007536612 23 0 1 0
1007536614 36 1 4 2
1007536624 24 0 1 1
1007536650 25 0 1 1
1007536869 4 0 1 0
1007537077 36 1 3 2
1007537082 6 0 1 1
1007537084 43 1 2 1
1007537292 41 1 1 3
1007537425 16 0 1 1
1007537506 27 0 1 1
1007537546 41 1 3 3
1007537640 39 1 1 0
1007538111 17 0 1 1
1007538173 18 0 1 1
1007538326 42 1 2 0
1007538580 44 1 2 0
1007539136 38 1 1 2
1007539278 38 1 1 3
1007539282 41 1 7 3
1007540096 37 1 2 2
1007540208 41 1 7 1
1007540312 41 1 7 0
1007540540 37 1 4 3
1007540683 36 1 3 3
1007540824 38 1 1 2
1007540858 38 1 1 0
1007540982 37 1 2 3
1007541014 41 1 1 2
1007541014 38 1 1 3
1007541130 20 0 1 1
1007541717 17 0 1 0
1007541858 41 1 7 1
1007541974 22 0 1 0
1007542076 42 1 2 1
1007542160 20 0 1 0
1007542736 41 1 7 0
1007543100 41 1 3 2
1007543642 38 1 2 3
1007544134 44 1 2 1
1007544676 24 0 1 0
1007544706 41 1 1 3
1007544714 37 1 5 2
1007545304 38 1 3 3
1007545574 41 1 2 3
1007545740 42 1 2 0
1007546093 36 1 3 2
1007546196 38 1 5 3
1007546218 23 0 1 1
1007546286 37 1 5 3
1007546338 25 0 1 0
1007546418 41 1 5 3
1007546498 37 1 5 2
1007546598 37 1 2 2
1007546608 43 1 2 0
1007547452 36 1 1 0
1007547584 17 0 1 1
1007547671 33 1 2 2
1007547963 36 1 3 3
1007548036 23 0 1 0
1007548052 27 0 1 0
1007548070 23 0 1 1
1007548214 37 1 2 3
1007548286 37 1 2 2
1007548424 20 0 1 1
1007548705 4 0 1 1
1007548783 33 1 4 3
1007548997 17 0 1 0
1007549010 37 1 2 3
1007549136 37 1 4 2
1007549190 41 1 4 3
1007549236 36 1 4 3
1007549248 20 0 1 0
1007549296 41 1 2 2
1007549320 20 0 1 1
1007549728 41 1 7 2
1007549817 6 0 1 0
1007549902 37 1 5 3
1007550044 20 0 1 0
1007550224 45 1 2 0
1007550355 43 1 2 1
1007550804 38 1 1 1
1007550936 22 0 1 1
1007550972 36 1 2 3
1007551041 18 0 1 0
1007551558 38 1 3 2
1007551584 38 1 2 2
1007551672 23 0 1 0
1007551924 41 1 7 3
1007552006 16 0 1 0
1007552592 25 0 1 1
1007552618 24 0 1 1
1007553514 38 1 1 0
1007554384 41 1 1 2
1007554627 41 1 4 2
1007555358 41 1 7 2
1007555469 41 1 8 2
1007555586 42 1 2 1
1007555661 45 1 2 1
1007556194 37 1 4 3
1007556240 41 1 5 2
1007556503 39 1 1 1
1007557068 38 1 1 1
1007557274 36 1 1 1
1007557372 22 0 1 0
1007557468 38 1 2 3
1007557900 41 1 1 3
1007558792 41 1 8 3
1007558924 24 0 1 0
1007558934 42 1 2 0
1007558999 36 1 4 2
1007559058 36 1 2 2
1007559305 33 1 4 2
1007559774 37 1 5 2
1007559826 39 1 1 0
1007559870 37 1 5 3
1007560033 18 0 1 1
1007560126 33 1 2 3
1007560339 6 0 1 1
1007560690 41 1 3 3
1007560761 16 0 1 1
1007561113 36 1 3 2
1007561113 34 1 5 2
1007561160 4 0 1 0
1007561326 23 0 1 1
1007561341 38 1 5 2
1007561360 23 0 1 0
1007561412 37 1 2 2
1007561558 37 1 5 2
1007561724 44 1 2 0
1007562124 37 1 3 2
1007562130 37 1 2 3
1007562610 41 1 8 2
1007562688 20 0 1 1
1007562709 17 0 1 1
1007562749 11 0 1 1
1007562962 27 0 1 1
1007563130 23 0 1 1
1007563148 37 1 2 2
1007563310 41 1 1 2
1007563362 38 1 2 2
1007563378 37 1 3 3
1007563614 20 0 1 0
1007563644 39 1 1 1
1007563874 21 0 1 1
1007564354 41 1 7 3
1007564472 42 1 2 1
1007564534 37 1 4 2
1007564540 20 0 1 1
1007564683 34 1 5 3
1007564800 37 1 3 2
1007564848 21 0 1 0
1007564878 41 1 4 3
1007565003 24 0 1 1
1007565162 37 1 3 3
1007565458 37 1 2 3
1007565834 22 0 1 1
1007565878 38 1 1 0
1007565912 45 1 2 0
1007566006 37 1 5 3
1007566303 11 0 1 0
1007566614 41 1 1 3
1007566666 21 0 1 1
1007566700 21 0 1 0
1007567030 41 1 2 3
1007567250 20 0 1 0
1007567491 36 1 3 3
1007567624 23 0 1 0
1007567648 42 1 2 0
1007567836 41 1 3 2
1007568064 43 1 2 0
1007568383 36 1 4 3
1007568525 17 0 1 0
1007568870 44 1 2 1
1007569658 41 1 8 3
1007569735 18 0 1 0
1007570288 41 1 4 2
1007570338 38 1 3 3
1007570594 38 1 2 3
1007571052 37 1 4 3
1007571166 33 1 2 2
1007571372 25 0 1 0
1007571402 39 1 1 0
1007571432 45 1 2 1
1007571442 41 1 5 3
1007571482 33 1 4 3
1007571628 24 0 1 0
1007572072 41 1 1 2
1007572200 4 0 1 1
1007572516 6 0 1 0
1007572536 22 0 1 0
1007573106 42 1 2 1
1007573296 36 1 1 0
1007573906 38 1 5 3
1007574405 34 1 5 2
1007575004 27 0 1 0
1007575578 37 1 3 2
1007575818 37 1 3 3
1007576052 37 1 2 2
1007576053 11 0 1 1
1007576508 37 1 5 2
1007576766 41 1 8 2
1007576768 36 1 2 3
1007576862 38 1 5 2
1007577342 21 0 1 1
1007577362 37 1 3 2
1007577424 21 0 1 0
1007577436 38 1 3 2
1007577474 38 1 5 3
1007577504 20 0 1 1
1007577602 37 1 5 3
1007577792 23 0 1 1
1007577800 39 1 1 1
1007577849 16 0 1 0
1007578462 27 0 1 1
1007578470 25 0 1 1
1007578529 34 1 4 2
1007578543 37 1 4 2
1007578562 37 1 2 3
1007578612 41 1 5 2
1007578612 41 1 5 3
1007578632 37 1 2 2
1007578646 38 1 5 2
1007578718 23 0 1 0
1007579146 21 0 1 1
1007579184 37 1 5 2
1007579258 38 1 5 3
1007579340 27 0 1 0
1007579380 38 1 2 2
1007579504 41 1 5 2
1007579504 41 1 5 3
1007579563 10 0 1 1
1007579596 20 0 1 0
1007579666 20 0 1 1
1007580132 22 0 1 1
1007580218 27 0 1 1
1007580352 36 1 1 1
1007580386 41 1 6 2
1007580386 36 1 1 0
1007580440 23 0 1 1
1007580444 41 1 3 3
1007580524 24 0 1 1
1007580551 36 1 2 2
1007581054 41 1 6 3
1007581096 27 0 1 0
1007581161 34 1 4 3
1007581312 36 1 1 1
1007581320 37 1 3 3
1007581346 36 1 1 0
1007581444 37 1 1 1
1007581585 16 0 1 1
1007581707 34 1 5 3
1007582195 10 0 1 0
1007582214 41 1 4 3
1007582226 44 1 2 0
1007582238 41 1 8 3
1007582322 37 1 1 0
1007582595 21 0 1 0
1007582800 33 1 4 2
1007583127 11 0 1 0
1007583154 41 1 1 3
1007583248 45 1 2 0
1007583331 37 1 2 3
1007583490 33 1 2 3
1007583616 38 1 2 3
1007583834 6 0 1 1
1007584058 39 1 1 0
1007584271 37 1 4 3
1007584439 36 1 2 3
1007584524 4 0 1 0
1007584650 24 0 1 0
1007584796 42 1 2 0
1007585092 20 0 1 0
1007585142 37 1 5 3
1007585877 16 0 1 0
1007585936 22 0 1 0
1007586317 23 0 1 0
1007587286 38 1 3 3
1007587346 41 1 7 2
1007587380 39 1 3 2
1007587388 41 1 5 2
1007587484 41 1 1 2
1007587494 41 1 3 2
1007587581 41 1 2 2
1007587672 41 1 4 2
1007587878 41 1 6 2
1007587878 41 1 6 3
1007588095 39 1 3 3
1007588320 25 0 1 0
1007588422 36 1 1 1
1007588459 29 0 1 1
1007588528 44 1 2 1
1007588530 41 1 8 2
1007588615 43 1 2 1
1007588672 42 1 2 1
1007588706 45 1 2 1
1007588759 38 1 1 1
1007589198 38 1 5 2
1007589337 29 0 1 0
1007589369 36 1 3 2
1007589492 37 1 1 1
1007589526 37 1 1 0
1007589698 34 1 1 2
1007589947 34 1 4 2
1007589966 38 1 2 2
1007590164 38 1 3 2
1007590216 39 1 1 1
1007590262 41 1 2 3
1007590403 17 0 1 1
1007590495 38 1 1 2
1007590732 40 1 7 1
1007590750 27 0 1 1
1007590981 10 0 1 1
1007591076 24 0 1 1
1007591121 36 1 4 2
1007591159 36 1 2 2
1007591198 25 0 1 1
1007591229 34 1 5 2
1007591279 41 1 1 3
1007591296 43 1 2 0
1007591529 41 1 7 1
1007592239 34 1 2 2
1007592313 42 1 2 0
1007592426 38 1 1 3
1007592721 34 1 2 3
1007592727 34 1 1 3
1007592877 11 0 1 1
1007592890 41 1 5 3
1007592948 18 0 1 1
1007593013 16 0 1 1
1007593460 41 1 7 0
1007593460 41 1 8 3
1007593542 33 1 2 2
1007593647 8 0 1 1
1007593669 34 1 4 3
1007593811 36 1 5 2
1007594312 36 1 1 0
1007594405 40 1 7 0
1007594518 39 1 1 0
1007594525 8 0 1 0
1007594576 4 0 1 1
1007594672 36 1 5 3
1007594703 10 0 1 0
1007594770 41 1 7 3
1007595237 19 0 1 1
1007595498 33 1 4 3
1007596000 36 1 4 3
1007596115 19 0 1 0
1007596151 34 1 5 3
1007596182 38 1 1 0
1007596532 6 0 1 0
1007596689 41 1 1 2
1007596947 36 1 3 3
1007597000 41 1 5 2
1007597227 11 0 1 0
1007597302 41 1 3 3
1007597538 18 0 1 0
1007597723 42 1 2 1
1007597981 17 0 1 0
1007598034 36 1 1 1
1007598194 41 1 8 2
1007598258 37 1 2 2
1007598322 36 1 2 3
1007598354 37 1 4 2
1007598522 37 1 2 3
1007598724 44 1 2 0
1007598783 37 1 5 2
1007598858 38 1 1 2
1007599134 41 1 4 3
1007599282 38 1 1 3
1007599292 20 0 1 1
1007599356 16 0 1 0
1007599366 37 1 4 3
1007599556 20 0 1 0
1007599616 39 1 1 1
1007600090 37 1 4 2
1007600136 22 0 1 1
1007600174 38 1 2 3
1007600184 23 0 1 1
1007600423 37 1 4 3
1007600447 37 1 3 2
1007600566 45 1 2 0
1007600614 38 1 3 3
1007600688 41 1 7 1
1007600722 41 1 7 0
1007600982 37 1 4 2
1007601110 22 0 1 0
1007601144 22 0 1 1
1007601208 24 0 1 0
1007601330 41 1 1 3
1007601458 38 1 5 3
1007601648 25 0 1 0
1007601682 37 1 2 2
1007602022 22 0 1 0
1007602104 22 0 1 1
1007602241 37 1 4 3
1007602301 21 0 1 1
1007602679 42 1 2 0
1007602800 37 1 3 3
1007602896 27 0 1 0
1007602936 36 1 2 2
1007602954 37 1 4 2
1007603123 37 1 3 2
1007603201 37 1 5 3
1007603385 20 0 1 1
1007603690 41 1 5 3
1007603842 36 1 4 2
1007603922 22 0 1 0
1007603944 41 1 3 2
1007604004 22 0 1 1
1007604093 36 1 3 2
1007604119 21 0 1 0
1007604194 41 1 4 2
1007604201 21 0 1 1
1007604263 16 0 1 1
1007604618 37 1 2 3
1007604678 23 0 1 0
1007604766 37 1 3 3
1007604920 36 1 1 0
1007605115 37 1 4 3
1007605127 17 0 1 1
1007605228 45 1 2 1
1007605367 41 1 1 2
1007605456 18 0 1 1
1007605652 20 0 1 0
1007605764 44 1 2 1
1007605869 34 1 1 2
1007606115 21 0 1 0
1007606188 22 0 1 0
1007606401 42 1 2 1
1007606662 33 1 2 3
1007606764 41 1 5 2
1007606868 38 1 3 2
1007606912 33 1 4 2
1007606966 41 1 7 2
1007607039 34 1 2 2
1007607083 34 1 1 3
1007607089 41 1 2 2
1007607113 34 1 5 2
1007607519 34 1 4 2
1007607696 4 0 1 0
1007607721 40 1 7 1
1007607798 36 1 1 1
1007607902 25 0 1 1
1007607946 6 0 1 1
1007608083 8 0 1 1
1007608117 40 1 7 0
1007608123 43 1 2 1
1007608416 38 1 1 1
1007608478 34 1 1 2
1007608543 36 1 3 3
1007608553 10 0 1 1
1007608809 11 0 1 1
1007609512 40 1 7 1
1007609577 17 0 1 0
1007609711 34 1 4 3
1007609782 37 1 4 2
1007610106 38 1 5 2
1007610327 36 1 4 3
1007610686 36 1 2 3
1007610730 41 1 8 3
1007610745 10 0 1 0
1007610932 22 0 1 1
1007610948 37 1 5 2
1007611292 39 1 2 2
1007611316 41 1 7 3
1007611425 34 1 2 3
1007611514 27 0 1 1
1007611588 38 1 2 2
1007611671 37 1 5 3
1007611686 18 0 1 0
1007611720 16 0 1 0
1007611888 37 1 5 2
1007612282 39 1 1 2
1007612316 39 1 1 0
1007612331 34 1 5 3
1007612421 34 1 1 3
1007612529 8 0 1 0
1007612548 23 0 1 1
1007612562 41 1 3 3
1007612622 24 0 1 1
1007612658 41 1 1 3
1007612689 39 1 1 3
1007612718 38 1 1 0
1007612905 39 1 3 2
1007612975 28 0 1 1
1007613094 38 1 2 3
1007613316 41 1 8 1
1007613404 37 1 2 2
1007613426 23 0 1 0
1007613455 40 1 7 0
1007613460 23 0 1 1
1007613692 42 1 2 0
1007613744 44 1 2 0
1007614128 24 0 1 0
1007614147 11 0 1 0
1007614194 41 1 8 0
1007614216 38 1 2 2
1007614298 41 1 4 3
1007614567 29 0 1 1
1007614831 37 1 4 3
1007615237 20 0 1 1
1007615250 24 0 1 1
1007615300 36 1 2 2
1007615303 39 1 2 3
1007615332 45 1 2 0
1007615675 37 1 2 3
1007615689 36 1 3 2
1007616334 16 0 1 1
1007616442 22 0 1 0
1007616523 36 1 3 3
1007616577 28 0 1 0
1007616614 38 1 2 3
1007616723 17 0 1 1
1007616762 39 1 3 3
1007616974 41 1 2 3
1007617112 36 1 4 2
1007617210 20 0 1 0
1007617377 36 1 3 2
1007617648 24 0 1 0
1007617910 33 1 2 2
1007618008 43 1 2 0
1007618025 29 0 1 0
1007618068 41 1 1 2
1007618070 38 1 5 3
1007618098 17 0 1 0
1007618130 41 1 7 2
1007618616 18 0 1 1
1007618862 33 1 4 3
1007618942 37 1 5 3
1007618944 4 0 1 1
1007619102 42 1 2 1
1007619204 17 0 1 1
1007619336 27 0 1 0
1007619592 38 1 1 1
1007619896 6 0 1 0
1007619996 23 0 1 0
1007620438 41 1 8 2
1007620600 41 1 4 2
1007620696 41 1 2 2
1007621194 38 1 5 2
1007621482 41 1 5 3
1007621634 45 1 2 1
1007621730 43 1 2 1
1007621792 39 1 1 1
1007621923 36 1 3 3
1007622024 38 1 2 2
1007622664 36 1 1 0
1007622842 27 0 1 1
1007622957 17 0 1 0
1007623120 24 0 1 1
1007623556 37 1 4 2
1007623556 36 1 4 3
1007624590 22 0 1 1
1007624846 18 0 1 0
1007625058 37 1 2 2
1007625098 41 1 7 3
1007625292 36 1 2 3
1007625618 41 1 1 3
1007625769 34 1 5 2
1007626092 20 0 1 1
1007626563 16 0 1 0
1007626618 38 1 1 0
1007626652 42 1 2 0
1007626937 34 1 4 2
1007626970 37 1 2 3
1007627224 34 1 4 3
1007627462 38 1 1 2
1007627590 37 1 2 2
1007627609 11 0 1 1
1007627754 41 1 8 3
1007627971 10 0 1 1
1007627990 38 1 1 3
1007628036 37 1 5 2
1007628258 10 0 1 0
1007628535 34 1 1 2
1007628544 41 1 7 1
1007628772 20 0 1 0
1007628788 39 1 1 0
1007628834 38 1 2 3
1007628850 37 1 2 3
1007628854 20 0 1 1
1007629362 38 1 3 3
1007629470 41 1 7 0
1007629470 41 1 4 3
1007629564 23 0 1 1
1007629679 40 1 7 1
1007629807 37 1 5 3
1007629868 24 0 1 0
1007629928 20 0 1 0
1007630043 37 1 4 3
1007630276 33 1 4 2
1007630396 25 0 1 0
1007630518 45 1 2 0
1007630870 33 1 2 3
1007630947 34 1 5 3
1007631430 23 0 1 0
1007631733 22 0 1 0
1007631771 6 0 1 1
1007631904 4 0 1 0
1007631995 34 1 1 3
1007632103 11 0 1 0
1007632186 41 1 2 3
1007633035 40 1 7 0
1007633220 43 1 2 0
1007633337 36 1 3 2
1007633581 36 1 2 2
1007633778 36 1 4 2
1007633846 38 1 1 2
1007633928 38 1 3 2
1007634371 17 0 1 1
1007634639 16 0 1 1
1007634816 36 1 4 3
1007634928 18 0 1 1
1007634976 25 0 1 1
1007635088 38 1 2 2
1007635562 36 1 4 2
1007635652 41 1 7 1
1007636122 24 0 1 1
1007636195 36 1 4 3
1007636388 38 1 5 3
1007636650 18 0 1 0
1007636780 18 0 1 1
1007637356 38 1 1 3
1007637426 41 1 4 2
1007637512 27 0 1 0
1007637528 41 1 8 2
1007637658 18 0 1 0
1007638027 36 1 3 3
1007638538 45 1 2 1
1007638720 39 1 1 1
1007638785 37 1 4 2
1007638871 36 1 2 3
1007639061 17 0 1 0
1007639158 41 1 7 0
1007639470 37 1 5 2
1007639656 37 1 2 2
1007639819 22 0 1 1
1007639991 16 0 1 0
1007640504 23 0 1 1
1007640511 37 1 3 2
1007640690 20 0 1 1
1007641344 33 1 2 2
1007641355 37 1 2 3
1007641440 37 1 2 2
1007641637 21 0 1 1
1007641882 41 1 7 2
1007641882 41 1 7 3
1007641986 33 1 4 3
1007642230 37 1 3 3
1007642247 37 1 2 3
1007642378 4 0 1 1
1007642468 38 1 2 3
1007642712 41 1 5 2
1007643020 6 0 1 0
1007643074 37 1 5 3
1007643180 20 0 1 0
1007643214 20 0 1 1
1007643281 20 0 1 0
1007643502 24 0 1 0
1007643503 21 0 1 0
1007643712 38 1 1 1
1007643734 41 1 4 3
1007643746 38 1 1 0
1007643759 34 1 5 2
1007644168 36 1 1 1
1007644173 23 0 1 0
1007644383 37 1 4 3
1007644450 38 1 3 3
1007644578 41 1 8 3
1007644768 45 1 2 0
1007645229 11 0 1 1
1007645484 25 0 1 0
1007645768 22 0 1 0
1007646151 36 1 2 2
1007646340 39 1 1 0
1007646957 36 1 3 2
1007647185 16 0 1 1
1007648146 41 1 5 3
1007648254 38 1 1 2
1007648303 34 1 1 2
1007648578 17 0 1 1
1007648863 34 1 5 3
1007649568 36 1 1 0
1007649668 34 1 1 3
1007649800 41 1 7 1
1007649915 40 1 7 1
1007650074 38 1 5 2
1007650220 36 1 4 2
1007650467 36 1 4 3
1007650536 38 1 5 3
1007650554 38 1 2 2
1007650567 11 0 1 0
1007650937 40 1 7 0
1007650966 38 1 5 2
1007651256 36 1 2 3
1007651434 27 0 1 1
1007651548 38 1 3 2
1007651916 18 0 1 1
1007651950 18 0 1 0
1007652000 24 0 1 1
1007652098 33 1 4 2
1007652251 36 1 3 3
1007652286 38 1 1 3
1007652312 27 0 1 0
1007652346 27 0 1 1
1007652402 38 1 5 3
1007652527 16 0 1 0
1007652582 25 0 1 1
1007653100 41 1 5 2
1007653132 6 0 1 1
1007653402 41 1 7 0
1007653802 33 1 2 3
1007653882 17 0 1 0
1007654164 27 0 1 0
1007654246 41 1 7 2
1007654284 41 1 8 2
1007654306 36 1 1 1
1007654438 41 1 5 3
1007654836 4 0 1 0
1007655280 38 1 1 1
1007655472 36 1 1 0
1007655680 41 1 5 2
1007655934 41 1 7 3
1007655994 39 1 1 1
1007656498 37 1 4 2
1007656714 36 1 1 1
1007657050 38 1 1 0
1007657238 37 1 2 2
1007657532 22 0 1 1
1007657624 38 1 2 3
1007657657 37 1 2 3
1007658082 37 1 2 2
1007658272 20 0 1 1
1007658346 41 1 6 2
1007658346 41 1 6 3
1007658597 37 1 2 3
1007658650 38 1 5 2
1007658687 36 1 2 2
1007658691 20 0 1 0
1007658738 38 1 1 2
1007658792 24 0 1 0
1007658868 38 1 5 3
1007658894 41 1 7 2
1007658989 41 1 3 2
1007659146 36 1 4 2
1007659212 36 1 3 2
1007659428 38 1 1 3
1007659585 37 1 3 2
1007659652 41 1 8 3
1007659678 38 1 1 2
1007659721 16 0 1 1
1007659727 20 0 1 1
1007659809 20 0 1 0
1007659820 41 1 7 1
1007659858 41 1 3 3
1007659866 37 1 2 2
1007659932 37 1 1 1
1007659966 37 1 1 0
1007660038 44 1 2 1
1007660193 37 1 5 2
1007660246 17 0 1 1
1007660346 27 0 1 1
1007660428 27 0 1 0
1007660556 38 1 1 1
1007660746 41 1 7 0
1007660780 41 1 7 1
1007660790 37 1 3 3
1007660807 41 1 7 3
1007660808 18 0 1 1
1007660833 39 1 1 2
1007660867 39 1 1 0
1007660892 44 1 2 0
1007660900 20 0 1 1
1007660989 39 1 1 3
1007661351 37 1 4 3
1007661374 38 1 5 2
1007661377 21 0 1 1
1007661511 23 0 1 1
1007661624 41 1 7 2
1007661642 41 1 5 3
1007661697 39 1 2 2
1007661749 39 1 2 3
1007661867 41 1 8 1
1007662303 21 0 1 0
1007662624 38 1 1 0
1007662668 22 0 1 0
1007662706 38 1 1 1
1007662745 41 1 8 0
1007662915 28 0 1 1
1007662949 28 0 1 0
1007662955 36 1 4 3
1007663042 27 0 1 1
1007663180 39 1 3 2
1007663401 41 1 4 2
1007663433 34 1 2 2
1007663502 36 1 1 0
1007663542 37 1 2 3
1007664277 39 1 2 2
1007664362 18 0 1 0
1007664386 37 1 5 3
1007664421 39 1 3 3
1007664435 45 1 2 1
1007664519 29 0 1 1
1007664576 20 0 1 0
1007664878 8 0 1 1
1007664966 38 1 2 2
1007665286 36 1 2 3
1007665386 41 1 6 2
1007665611 28 0 1 1
1007665618 33 1 4 3
1007665757 34 1 2 3
1007665805 34 1 5 2
1007666000 24 0 1 1
1007666130 36 1 3 3
1007666156 23 0 1 0
1007666230 41 1 6 3
1007666241 29 0 1 0
1007666265 41 1 8 2
1007666320 16 0 1 0
1007666652 6 0 1 0
1007666683 34 1 5 3
1007666992 37 1 1 1
1007667014 41 1 7 3
1007667164 17 0 1 0
1007667170 41 1 6 2
1007667298 38 1 1 3
1007667299 39 1 1 1
1007667309 11 0 1 1
1007667540 8 0 1 0
1007667917 39 1 2 3
1007667918 37 1 1 0
1007668048 38 1 1 0
1007668187 11 0 1 0
1007668332 41 1 7 0
1007668332 41 1 6 3
1007668892 37 1 1 1
1007668940 38 1 3 3
1007668951 28 0 1 0
1007669686 37 1 4 2
1007669818 37 1 1 0
1007669974 25 0 1 0
1007670724 38 1 5 3
1007670770 22 0 1 1
1007670960 41 1 4 3
1007671350 41 1 5 2
1007671676 37 1 2 2
1007671852 27 0 1 0
1007671994 45 1 2 0
1007672724 36 1 1 1
1007673175 20 0 1 1
1007673304 37 1 5 2
1007673352 37 1 2 3
1007674216 36 1 3 2
1007674264 37 1 5 3
1007674494 23 0 1 1
1007674602 38 1 5 2
1007675060 36 1 2 2
1007675088 37 1 5 2
1007675154 38 1 2 3
1007675235 39 1 3 2
1007675250 17 0 1 1
1007675264 20 0 1 0
1007675324 41 1 8 3
1007675577 36 1 5 2
1007675851 23 0 1 0
1007675970 36 1 4 2
1007676028 36 1 5 3
1007676094 16 0 1 1
1007676122 23 0 1 1
1007676154 27 0 1 1
1007676276 38 1 1 2
1007676355 36 1 4 3
1007676467 37 1 4 3
1007676528 24 0 1 0
1007676882 38 1 3 2
1007676931 29 0 1 1
1007677028 18 0 1 1
1007677170 39 1 1 0
1007677321 19 0 1 1
1007677355 19 0 1 0
1007677738 41 1 5 3
1007677754 36 1 4 2
1007677846 38 1 5 3
1007677906 41 1 7 1
1007677906 22 0 1 0
1007677906 18 0 1 0
1007677916 25 0 1 1
1007678810 36 1 1 0
1007678832 18 0 1 1
1007679660 27 0 1 0
1007679923 36 1 4 3
1007680353 39 1 3 3
1007680656 36 1 4 2
1007680863 36 1 4 3
1007681240 38 1 1 3
1007681425 29 0 1 0
1007681494 18 0 1 0
1007681502 36 1 2 3
1007682114 41 1 4 2
1007682282 36 1 3 3
1007682468 18 0 1 1
1007682502 18 0 1 0
1007682803 34 1 1 2
1007682807 16 0 1 0
1007682899 34 1 1 3
1007682958 41 1 1 2
1007683100 41 1 7 0
1007683148 45 1 2 1
1007683234 41 1 5 2
1007683260 37 1 5 3
1007683316 17 0 1 0
1007683910 41 1 5 3
1007684209 40 1 7 1
1007684210 42 1 2 1
1007684243 40 1 7 0
1007684268 36 1 1 1
1007684328 38 1 2 2
1007684922 41 1 1 3
1007684944 36 1 1 0
1007685038 23 0 1 0
1007685362 24 0 1 1
1007686014 42 1 2 0
1007686610 41 1 4 3
1007686851 39 1 3 2
1007686870 38 1 5 2
1007687548 38 1 5 3
1007687644 45 1 2 0
1007687727 34 1 5 2
1007688326 27 0 1 1
1007688451 29 0 1 1
1007688654 38 1 5 2
1007688967 36 1 2 2
1007689252 27 0 1 0
1007689284 38 1 3 3
1007689389 11 0 1 1
1007689615 34 1 5 3
1007690001 16 0 1 1
1007690131 39 1 2 2
1007690178 27 0 1 1
1007690224 38 1 5 3
1007690318 25 0 1 0
1007690324 37 1 4 2
1007690643 37 1 4 3
1007691092 38 1 2 3
1007691164 36 1 3 2
1007691165 28 0 1 1
1007691207 11 0 1 0
1007691450 22 0 1 1
1007691996 27 0 1 0
1007692108 37 1 4 2
1007692126 24 0 1 0
1007692328 22 0 1 0
1007692352 17 0 1 1
1007692475 37 1 4 3
1007692954 36 1 2 3
1007693000 37 1 4 2
1007693350 22 0 1 1
1007693988 16 0 1 0
1007694228 22 0 1 0
1007694262 22 0 1 1
1007694355 37 1 4 3
1007694468 36 1 3 3
1007694701 39 1 3 3
1007695030 37 1 4 2
1007695502 17 0 1 0
1007695609 39 1 2 3
1007695765 29 0 1 0
1007696080 22 0 1 0
1007696162 22 0 1 1
1007696643 28 0 1 0
1007696983 37 1 4 3
1007698190 36 1 3 2
1007698444 37 1 5 2
1007698456 22 0 1 0
1007698784 36 1 3 3
1007698914 38 1 3 2
1007699178 38 1 2 2
1007699224 17 0 1 1
1007699304 36 1 2 2
1007699478 23 0 1 1
1007699948 25 0 1 1
1007699974 36 1 3 2
1007700016 38 1 2 3
1007700212 24 0 1 1
1007700380 17 0 1 0
1007700407 16 0 1 1
1007700568 36 1 3 3
1007700599 37 1 5 3
1007701138 24 0 1 0
1007701206 37 1 4 2
1007701258 17 0 1 1
1007701602 17 0 1 0
1007701767 23 0 1 0
1007702719 34 1 5 2
1007702950 22 0 1 1
1007702982 38 1 2 2
1007703148 36 1 2 3
1007703853 39 1 3 2
1007704182 16 0 1 0
1007704429 11 0 1 1
1007704558 38 1 5 2
1007704652 24 0 1 1
1007704653 35 1 4 2
1007705419 29 0 1 1
1007705593 35 1 4 3
1007705687 14 0 1 1
1007705884 41 1 5 2
1007706054 41 1 4 2
1007706258 27 0 1 1
1007706301 37 1 5 2
1007706627 14 0 1 0
1007706639 34 1 5 3
1007706764 37 1 5 3
1007707088 45 1 2 1
1007707193 37 1 5 2
1007707282 38 1 5 3
1007707354 36 1 1 1
1007707740 41 1 7 2
1007707915 23 0 1 1
1007707949 23 0 1 0
1007707983 11 0 1 0
1007708457 41 1 5 3
1007708471 35 1 4 2
1007708476 38 1 3 3
1007708485 35 1 4 3
1007708579 37 1 4 3
1007708606 36 1 2 2
1007708702 36 1 3 2
1007708761 37 1 3 2
1007708767 37 1 3 3
1007708827 23 0 1 1
1007708956 38 1 2 3
1007708968 27 0 1 0
1007709282 38 1 1 1
1007709505 14 0 1 1
1007709510 25 0 1 0
1007709539 14 0 1 0
1007709640 16 0 1 1
1007709736 17 0 1 1
1007709990 24 0 1 0
1007710117 41 1 7 3
1007710174 36 1 1 0
1007710222 37 1 5 3
1007710330 22 0 1 0
1007710505 21 0 1 1
1007710539 21 0 1 0
1007711151 38 1 1 0
1007711585 23 0 1 0
1007712425 39 1 3 3
1007712430 41 1 4 3
1007713464 45 1 2 0
1007713646 36 1 3 3
1007714037 29 0 1 0
1007714490 36 1 2 3
1007714523 35 1 4 2
1007714680 17 0 1 0
1007715213 37 1 5 2
1007715524 16 0 1 0
1007715615 14 0 1 1
1007715783 37 1 5 3
1007716248 23 0 1 1
1007716355 35 1 4 3
1007716418 38 1 3 2
1007717126 23 0 1 0
1007717452 25 0 1 1
1007717540 37 1 4 2
1007717778 14 0 1 0
1007717914 38 1 5 2
1007718574 22 0 1 1
1007718667 39 1 2 2
1007718757 36 1 5 2
1007718964 36 1 1 2
1007719104 36 1 2 2
1007719233 39 1 2 3
1007719639 34 1 5 2
1007719706 27 0 1 1
1007719791 19 0 1 1
1007720307 28 0 1 1
1007720341 28 0 1 0
1007720635 16 0 1 1
1007720636 41 1 5 1
1007720750 36 1 1 3
1007720768 37 1 5 2
1007720888 36 1 3 2
1007720936 36 1 2 3
1007721205 11 0 1 1
1007721310 38 1 2 2
1007721684 36 1 2 2
1007721709 39 1 5 2
1007721709 39 1 5 3
1007722139 39 1 3 2
1007722283 23 0 1 1
1007722372 41 1 5 2
1007722388 37 1 2 2
1007722406 41 1 5 0
1007722467 16 0 1 0
1007722516 24 0 1 1
1007722674 17 0 1 1
1007722718 16 0 1 1
1007722743 31 0 1 1
1007722777 31 0 1 0
1007722819 34 1 5 3
1007723067 37 1 2 3
1007723117 41 1 5 3
1007723406 36 1 1 1
1007723422 20 0 1 1
1007723612 36 1 3 3
1007723739 29 0 1 1
1007723859 37 1 4 3
1007723915 11 0 1 0
1007724270 36 1 5 3
1007724332 36 1 1 0
1007724863 20 0 1 0
1007724927 22 0 1 0
1007725308 17 0 1 0
1007725490 19 0 1 0
1007725746 38 1 2 3
1007725835 38 1 5 3
1007726028 37 1 5 3
1007726780 24 0 1 0
1007726960 36 1 2 3
1007727443 39 1 2 2
1007727523 38 1 3 3
1007727624 27 0 1 0
1007727652 23 0 1 0
1007727851 39 1 2 3
1007727994 16 0 1 0
1007728302 35 1 4 2
1007728557 25 0 1 0
1007728651 28 0 1 1
1007729336 14 0 1 1
1007729529 28 0 1 0
1007729654 35 1 4 3
1007730367 39 1 1 2
1007730688 14 0 1 0
1007730993 39 1 3 3
1007731401 41 1 8 1
1007732297 39 1 1 3
1007732357 29 0 1 0
1007732887 41 1 7 2
1007733216 41 1 5 2
1007733515 41 1 4 2
1007733681 41 1 8 2
1007733715 41 1 8 0
1007733811 37 1 4 2
1007733921 38 1 1 1
1007734060 41 1 8 3
1007734515 37 1 4 3
1007734549 45 1 2 1
1007734621 38 1 3 2
1007734715 39 1 1 1
1007734765 36 1 1 1
1007734860 22 0 1 1
1007734904 41 1 5 3
1007735112 35 1 4 2
1007735593 39 1 1 0
1007735595 37 1 4 2
1007735655 25 0 1 1
1007735726 38 1 5 2
1007735754 37 1 5 2
1007735848 22 0 1 0
1007735900 41 1 7 3
1007735938 36 1 1 0
1007735956 35 1 4 3
1007736146 14 0 1 1
1007736684 37 1 4 3
1007736734 36 1 2 2
1007736822 22 0 1 1
1007736901 39 1 5 2
1007737077 39 1 2 2
1007737182 27 0 1 1
1007737208 38 1 2 2
1007737313 14 0 1 0
1007737329 39 1 1 2
1007737399 23 0 1 1
1007737553 39 1 1 3
1007737735 39 1 3 2
1007737748 22 0 1 0
1007737768 16 0 1 1
1007737778 38 1 1 0
1007737935 31 0 1 1
1007738111 28 0 1 1
1007738363 41 1 8 1
1007738544 24 0 1 1
1007738587 41 1 8 0
1007738589 39 1 3 3
1007739157 35 1 4 2
1007739382 41 1 4 3
1007739431 29 0 1 1
1007739433 39 1 5 3
1007739567 39 1 3 2
1007740049 35 1 4 3
1007740191 14 0 1 1
1007740254 36 1 2 3
1007740357 29 0 1 0
1007740416 45 1 2 0
1007740467 31 0 1 0
1007741127 39 1 2 3
1007741235 29 0 1 1
1007741250 38 1 5 3
1007741288 16 0 1 0
1007741478 14 0 1 0
1007741616 38 1 2 3
1007741699 37 1 5 3
1007741737 35 1 4 2
1007742161 28 0 1 0
1007742568 27 0 1 0
1007742650 24 0 1 0
1007742733 23 0 1 0
1007742771 14 0 1 1
1007744674 38 1 3 3
1007745120 35 1 4 3
1007745708 25 0 1 0
1007746154 14 0 1 0
1007746680 37 1 4 2
1007747029 39 1 3 3
1007747346 36 1 3 2
1007748335 22 0 1 1
1007748596 17 0 1 1
1007748647 29 0 1 0
1007748660 36 1 5 2
1007748934 36 1 3 3
1007749136 36 1 2 2
1007749198 36 1 5 3
1007749968 17 0 1 0
1007750016 37 1 4 3
1007750164 19 0 1 1
1007750586 16 0 1 1
1007751090 19 0 1 0
1007751793 22 0 1 0
1007753826 36 1 5 2
1007754304 38 1 3 2
1007755338 25 0 1 1
1007755536 19 0 1 1
1007755538 36 1 2 3
1007755857 39 1 3 2
1007756198 36 1 1 2
1007756382 36 1 1 3
1007756596 16 0 1 0
1007757457 29 0 1 1
1007757612 41 1 5 1
1007757694 41 1 5 0
1007758849 37 1 5 2
1007758962 36 1 5 3
1007760198 35 1 4 2
1007760231 23 0 1 1
1007760383 37 1 5 3
1007760585 37 1 5 2
1007760730 19 0 1 0
1007761232 14 0 1 1
1007762049 23 0 1 0
1007762083 23 0 1 1
1007763011 37 1 5 3
1007763065 39 1 3 3
1007763770 38 1 3 3
1007764339 29 0 1 0
1007764793 23 0 1 0
1007764804 25 0 1 0
1007765033 35 1 4 3
1007765206 36 1 2 2
1007765969 39 1 2 2
1007766221 14 0 1 0
1007766240 16 0 1 1
1007766859 39 1 2 3
1007767025 28 0 1 1
1007767999 28 0 1 0
1007768597 39 1 2 2
1007768832 36 1 5 2
1007768859 39 1 3 2
1007769194 39 1 1 2
1007769521 39 1 2 3
1007769631 28 0 1 1
1007770384 19 0 1 1
1007770413 39 1 1 3
1007770521 29 0 1 1
1007770523 41 1 8 1
1007770690 41 1 5 2
1007770790 28 0 1 0
1007771474 36 1 2 3
1007771505 39 1 3 3
1007771546 36 1 5 3
1007771712 38 1 3 2
1007771721 41 1 8 0
1007771724 36 1 1 1
1007771762 41 1 7 2
1007772129 41 1 5 3
1007772498 38 1 3 3
1007772508 16 0 1 0
1007772565 41 1 7 3
1007772746 25 0 1 1
1007773003 38 1 1 1
1007773046 19 0 1 0
1007773135 29 0 1 0
1007773400 38 1 3 2
1007773532 25 0 1 0
1007773599 38 1 1 0
1007773688 36 1 1 0
1007774434 25 0 1 1
1007776463 37 1 5 2
1007777497 23 0 1 1
1007777735 37 1 4 2
1007777785 37 1 2 2
1007777915 37 1 2 3
1007778196 39 1 5 2
1007778257 39 1 5 3
1007778271 37 1 4 3
1007778629 37 1 2 2
1007778915 22 0 1 1
1007779040 39 1 5 2
1007779163 37 1 2 3
1007779230 31 0 1 1
1007779232 39 1 5 3
1007779291 31 0 1 0
1007779364 36 1 5 2
1007779464 36 1 2 2
1007779519 37 1 4 2
1007779655 37 1 4 3
1007779661 20 0 1 1
1007779695 20 0 1 0
1007779729 20 0 1 1
1007779793 22 0 1 0
1007779884 39 1 5 2
1007780074 31 0 1 1
1007780076 39 1 5 3
1007780266 31 0 1 0
1007780498 16 0 1 1
1007780607 20 0 1 0
1007780767 22 0 1 1
1007780776 39 1 5 2
1007780801 22 0 1 0
1007780899 37 1 5 3
1007780916 19 0 1 1
1007781310 36 1 5 3
1007781379 31 0 1 1
1007781413 31 0 1 0
1007781810 31 0 1 1
1007782339 23 0 1 0
1007782734 19 0 1 0
1007782811 35 1 4 2
1007783387 39 1 1 2
1007783601 35 1 4 3
1007784086 39 1 2 2
1007784617 14 0 1 1
1007784651 14 0 1 0
1007784859 38 1 3 3
1007784947 41 1 8 1
1007785282 28 0 1 1
1007785391 35 1 4 2
1007785792 36 1 2 3
1007785853 39 1 5 3
1007785893 25 0 1 0
1007786133 35 1 4 3
1007786263 39 1 2 3
1007786425 14 0 1 1
1007786826 16 0 1 0
1007786887 31 0 1 0
1007787107 39 1 1 3
1007787303 14 0 1 0
1007787845 28 0 1 0
1007788019 35 1 4 2
1007788467 41 1 8 0
1007789053 14 0 1 1
1007790475 37 1 4 2
1007791096 37 1 4 3
1007791811 22 0 1 1
1007792737 22 0 1 0
1007792885 35 1 4 3
1007792999 36 1 5 2
1007793750 36 1 5 3
1007793919 14 0 1 0
1007793947 37 1 5 2
1007794268 19 0 1 1
1007794783 36 1 5 2
1007794784 19 0 1 0
1007794999 23 0 1 1
1007795237 37 1 3 2
1007795487 37 1 4 2
1007795566 36 1 2 2
1007795582 36 1 5 3
1007795783 37 1 3 3
1007796177 38 1 3 2
1007796440 36 1 3 2
1007796582 19 0 1 1
1007796616 19 0 1 0
1007796628 36 1 5 2
1007796661 16 0 1 1
1007796717 22 0 1 1
1007797097 21 0 1 1
1007797131 21 0 1 0
1007797211 25 0 1 1
1007797366 36 1 5 3
1007797656 17 0 1 1
1007797913 37 1 3 2
1007798363 37 1 3 3
1007798393 37 1 5 3
1007798412 36 1 5 2
1007798434 19 0 1 1
1007798516 19 0 1 0
1007798788 36 1 3 3
1007799187 35 1 4 2
1007799591 36 1 5 3
1007799637 35 1 4 3
1007799745 21 0 1 1
1007799779 21 0 1 0
1007799822 17 0 1 0
1007800064 37 1 4 3
1007800148 36 1 5 2
1007800241 23 0 1 0
1007800286 19 0 1 1
1007800385 14 0 1 1
1007801211 22 0 1 0
1007801260 19 0 1 0
1007801263 14 0 1 0
1007801294 19 0 1 1
1007801368 36 1 2 3
1007801932 36 1 5 3
1007802402 16 0 1 0
1007803160 19 0 1 0
1007805955 39 1 1 2
1007806631 38 1 3 3
1007806635 39 1 1 3
1007806989 41 1 8 1
1007807665 25 0 1 0
1007808193 41 1 8 0
1007808524 36 1 5 2
1007808559 36 1 5 3
1007809596 19 0 1 1
1007809630 19 0 1 0
1007810909 35 1 4 2
1007811152 36 1 5 2
1007811453 35 1 4 3
1007811943 14 0 1 1
1007812082 36 1 3 2
1007812340 19 0 1 1
1007812487 14 0 1 0
1007812597 35 1 4 2
1007812628 36 1 3 3
1007812878 36 1 2 2
1007813355 39 1 2 2
1007813712 17 0 1 1
1007813717 14 0 1 1
1007813771 39 1 2 3
1007813794 17 0 1 0
1007813912 16 0 1 1
1007814389 28 0 1 1
1007814710 36 1 3 2
1007814829 35 1 4 3
1007814956 36 1 3 3
1007815177 35 1 4 2
1007815517 28 0 1 0
1007815695 36 1 5 3
1007816309 35 1 4 3
1007816319 14 0 1 0
1007816353 14 0 1 1
1007816456 17 0 1 1
1007816490 17 0 1 0
1007816882 19 0 1 0
1007816944 36 1 2 3
1007817105 38 1 3 2
1007817343 14 0 1 0
1007817422 36 1 3 2
1007817666 36 1 3 3
1007817978 16 0 1 0
1007818139 25 0 1 1
1007818456 17 0 1 1
1007818700 17 0 1 0
1007819178 36 1 3 2
1007819347 37 1 2 2
1007819402 36 1 3 3
1007819989 37 1 2 3
1007820212 17 0 1 1
1007820239 37 1 2 2
1007820381 20 0 1 1
1007820436 17 0 1 0
1007820628 37 1 2 3
1007820783 37 1 5 2
1007820914 36 1 3 2
1007821138 36 1 3 3
1007821833 20 0 1 0
1007821867 23 0 1 1
1007821867 20 0 1 1
1007821901 20 0 1 0
1007821948 17 0 1 1
1007822172 17 0 1 0
1007822412 37 1 5 3
1007822650 36 1 3 2
1007822889 37 1 3 2
1007823044 36 1 3 3
1007823684 17 0 1 1
1007823733 23 0 1 0
1007823993 21 0 1 1
1007824078 17 0 1 0
1007824148 37 1 3 3
1007824386 36 1 3 2
1007824610 36 1 3 3
1007825115 39 1 2 2
1007825230 36 1 3 2
1007825576 36 1 3 3
1007825763 21 0 1 0
1007825826 36 1 2 2
1007826122 36 1 3 2
1007826149 28 0 1 1
1007826200 17 0 1 1
1007826234 17 0 1 0
1007826268 17 0 1 1
1007826394 36 1 3 3
1007826729 39 1 2 3
1007826787 39 1 1 2
1007826860 16 0 1 1
1007827194 17 0 1 0
1007827276 17 0 1 1
1007827463 38 1 3 3
1007827763 28 0 1 0
1007827858 36 1 3 2
1007828202 17 0 1 0
1007828204 36 1 2 3
1007828497 25 0 1 0
1007828607 41 1 8 1
1007828759 35 1 4 2
1007829097 37 1 5 2
1007829167 39 1 1 3
1007829176 17 0 1 1
1007829238 16 0 1 0
1007829415 39 1 1 2
1007829528 35 1 4 3
1007829793 14 0 1 1
1007830391 41 1 8 0
1007830449 41 1 8 1
1007830451 39 1 2 2
1007830495 35 1 4 2
1007830562 14 0 1 0
1007830806 36 1 3 3
1007830807 23 0 1 1
1007831033 39 1 1 3
1007832033 28 0 1 1
1007832067 41 1 8 0
1007832161 14 0 1 1
1007832200 17 0 1 0
1007832455 39 1 2 3
1007833096 33 1 4 2
1007833803 28 0 1 0
1007834130 6 0 1 1
1007834575 37 1 5 3
1007834908 33 1 4 3
1007835578 33 1 2 2
1007835942 6 0 1 0
1007836145 23 0 1 0
1007836612 4 0 1 1
1007836773 35 1 4 3
1007837093 38 1 3 2
1007837807 14 0 1 0
1007837978 36 1 2 2
1007838127 25 0 1 1
1007838409 40 1 4 2
1007839012 16 0 1 1
1007839443 45 1 1 1
1007839474 33 1 4 2
1007840508 6 0 1 1
1007841515 36 1 2 3
1007842549 16 0 1 0
1007843137 40 1 4 3
1007844191 45 1 1 0
1007846415 38 1 3 3
1007846724 33 1 2 3
1007846875 37 1 5 2
1007847449 25 0 1 0
1007847727 37 1 5 3
1007847758 4 0 1 0
1007847799 40 1 8 2
1007848441 40 1 8 3
1007848567 40 1 4 2
1007848611 37 1 5 2
1007848627 23 0 1 1
1007848926 37 1 5 3
1007849099 35 1 1 1
1007849256 33 1 4 3
1007849503 37 1 5 2
1007849535 40 1 8 2
1007849553 23 0 1 0
1007850025 35 1 1 0
1007850099 45 1 1 1
1007850290 6 0 1 0
1007850431 23 0 1 1
1007850465 23 0 1 0
1007850547 23 0 1 1
1007850569 35 1 1 1
1007850710 37 1 5 3
1007851199 37 1 2 2
1007851397 37 1 5 2
1007851602 37 1 2 3
1007852009 40 1 8 3
1007852133 36 1 2 2
1007852233 20 0 1 1
1007852269 23 0 1 0
1007852446 33 1 1 2
1007852542 37 1 5 3
1007852636 20 0 1 0
1007852978 33 1 2 2
1007853129 40 1 5 2
1007853167 16 0 1 1
1007853195 23 0 1 1
1007853367 35 1 1 0
1007853448 36 1 2 3
1007853480 40 1 6 1
1007853539 35 1 4 2
1007853566 40 1 1 2
1007853869 36 1 2 2
1007853870 33 1 4 2
1007854012 4 0 1 1
1007854026 40 1 3 2
1007854163 32 1 1 1
1007854169 23 0 1 0
1007854225 35 1 4 3
1007854340 36 1 2 3
1007854482 16 0 1 0
1007854573 14 0 1 1
1007854600 42 1 1 1
1007854713 36 1 2 2
1007854904 6 0 1 1
1007854935 39 1 2 2
1007855060 44 1 1 1
1007855184 36 1 2 3
1007855211 40 1 8 2
1007855440 16 0 1 1
1007855474 16 0 1 0
1007855551 39 1 2 3
1007855747 16 0 1 1
1007855765 14 0 1 0
1007855827 39 1 2 2
1007855969 28 0 1 1
1007856218 16 0 1 0
1007856395 39 1 2 3
1007856796 35 1 1 1
1007856889 38 1 3 2
1007857189 28 0 1 0
1007857223 28 0 1 1
1007857609 35 1 4 2
1007857873 35 1 4 3
1007857969 25 0 1 1
1007858149 28 0 1 0
1007858540 33 1 1 3
1007858643 14 0 1 1
1007858907 14 0 1 0
1007859574 40 1 6 0
1007859926 36 1 3 2
1007860141 35 1 4 2
1007860228 33 1 4 3
1007860418 40 1 3 3
1007860833 40 1 4 3
1007860846 36 1 4 2
1007861175 14 0 1 1
1007861249 35 1 4 3
1007861262 6 0 1 0
1007861452 44 1 1 0
1007861492 17 0 1 1
1007861725 40 1 1 3
1007861743 39 1 2 2
1007861795 39 1 2 3
1007861915 45 1 1 0
1007862077 18 0 1 1
1007862128 36 1 3 3
1007862223 37 1 5 2
1007862275 37 1 5 3
1007862283 14 0 1 0
1007862468 36 1 4 3
1007862602 36 1 3 2
1007862759 42 1 1 0
1007862849 28 0 1 1
1007862883 28 0 1 0
1007863115 37 1 5 2
1007863222 36 1 2 2
1007863413 40 1 5 3
1007863468 17 0 1 0
1007863943 18 0 1 0
1007863954 36 1 3 3
1007863994 37 1 5 3
1007864015 23 0 1 1
1007864049 23 0 1 0
1007864256 16 0 1 1
1007864346 17 0 1 1
1007864351 35 1 2 2
1007864419 39 1 2 2
1007864447 32 1 1 0
1007864927 23 0 1 1
1007864989 39 1 2 3
1007865197 40 1 8 3
1007865272 17 0 1 0
1007865292 33 1 2 3
1007865385 12 0 1 1
1007865453 28 0 1 1
1007865638 33 1 4 2
1007865853 23 0 1 0
1007865863 35 1 4 2
1007866231 35 1 1 0
1007866313 35 1 4 3
1007866326 4 0 1 0
1007866521 28 0 1 0
1007866540 36 1 2 3
1007866672 6 0 1 1
1007866891 39 1 1 2
1007867151 38 1 3 3
1007867157 35 1 2 3
1007867169 14 0 1 1
1007867551 35 1 4 2
1007867574 16 0 1 0
1007867925 41 1 8 1
1007868047 14 0 1 0
1007868185 25 0 1 0
1007868191 12 0 1 0
1007868599 14 0 1 1
1007868845 35 1 4 3
1007869228 41 1 5 2
1007869667 37 1 4 2
1007869879 14 0 1 0
1007869887 41 1 7 2
1007870115 39 1 2 2
1007870262 36 1 1 1
1007870607 40 1 8 2
1007870819 40 1 8 3
1007870869 22 0 1 1
1007870921 38 1 1 1
1007871499 40 1 8 2
1007871546 33 1 2 2
1007871641 35 1 1 1
1007871702 39 1 4 2
1007871907 28 0 1 1
1007871975 39 1 1 3
1007872070 37 1 4 3
1007872123 37 1 5 2
1007872247 40 1 4 2
1007872420 36 1 3 2
1007872519 35 1 1 0
1007872580 4 0 1 1
1007872601 35 1 1 1
1007872826 36 1 3 3
1007872842 36 1 2 2
1007872975 30 0 1 1
1007873009 41 1 8 0
1007873009 41 1 5 3
1007873024 33 1 1 2
1007873058 37 1 5 3
1007873091 40 1 5 2
1007873130 36 1 1 2
1007873281 45 1 1 1
1007873312 36 1 3 2
1007873337 40 1 5 3
1007873405 38 1 3 2
1007873551 36 1 1 3
1007873579 22 0 1 0
1007873876 16 0 1 1
1007873915 23 0 1 1
1007874043 36 1 1 0
1007874058 40 1 6 1
1007874115 17 0 1 1
1007874125 32 1 1 1
1007874149 17 0 1 0
1007874164 41 1 5 1
1007874371 32 1 1 0
1007874439 25 0 1 1
1007874585 41 1 5 0
1007874793 23 0 1 0
1007875027 17 0 1 1
1007875079 39 1 2 3
1007875637 41 1 7 3
1007876305 28 0 1 0
1007876515 40 1 5 2
1007876671 38 1 1 0
1007876671 36 1 2 3
1007876883 35 1 4 2
1007876981 37 1 1 2
1007877108 33 1 4 3
1007877207 37 1 4 2
1007877247 37 1 4 3
1007877285 35 1 4 3
1007877493 40 1 8 3
1007877495 37 1 5 2
1007877705 16 0 1 0
1007877775 35 1 4 2
1007877917 14 0 1 1
1007877918 38 1 5 2
1007877919 35 1 2 2
1007877952 33 1 1 3
1007878081 32 1 1 1
1007878129 35 1 4 3
1007878130 36 1 3 3
1007878142 6 0 1 0
1007878319 14 0 1 0
1007878359 38 1 5 3
1007878456 41 1 6 1
1007878639 35 1 1 0
1007878639 35 1 2 3
1007878809 14 0 1 1
1007878810 38 1 5 2
1007878917 22 0 1 1
1007878951 22 0 1 0
1007878952 27 0 1 1
1007878986 40 1 6 0
1007879192 37 1 5 3
1007879287 23 0 1 1
1007879473 17 0 1 0
1007879701 12 0 1 1
1007879735 12 0 1 0
1007879830 40 1 5 3
1007879845 14 0 1 0
1007879965 27 0 1 0
1007880047 27 0 1 1
1007880067 37 1 1 3
1007880095 35 1 1 2
1007880171 37 1 5 2
1007880249 37 1 3 2
1007880261 23 0 1 0
1007880403 35 1 4 2
1007880675 37 1 3 3
1007881283 23 0 1 1
1007881312 32 1 1 0
1007881409 40 1 8 1
1007881437 14 0 1 1
1007881505 35 1 4 3
1007881683 39 1 2 2
1007881857 40 1 4 3
1007881914 41 1 6 0
1007881945 21 0 1 1
1007882027 21 0 1 0
1007882349 35 1 1 3
1007882811 37 1 5 3
1007883037 28 0 1 1
1007883203 39 1 4 3
1007883329 45 1 1 0
1007883365 14 0 1 0
1007883945 23 0 1 0
1007883975 40 1 8 0
1007884295 41 1 4 2
1007884421 30 0 1 0
1007884459 38 1 5 3
1007885493 27 0 1 0
1007885553 45 1 2 1
1007886392 33 1 2 3
1007887112 33 1 4 2
1007887426 4 0 1 0
1007888146 6 0 1 1
1007888727 38 1 3 3
1007888823 37 1 4 2
1007889175 37 1 4 3
1007889183 40 1 8 2
1007889761 25 0 1 0
1007889795 40 1 3 2
1007889837 40 1 3 3
1007889956 40 1 5 2
1007890387 39 1 2 3
1007890475 35 1 1 1
1007890485 22 0 1 1
1007890519 22 0 1 0
1007890639 40 1 3 2
1007890667 41 1 5 2
1007890681 40 1 5 3
1007890990 32 1 1 1
1007891081 40 1 4 2
1007891134 44 1 1 1
1007891168 44 1 1 0
1007891621 40 1 3 3
1007891673 44 1 1 1
1007891715 32 1 1 0
1007891751 28 0 1 0
1007891802 33 1 2 2
1007891916 36 1 1 1
1007892307 41 1 7 2
1007892307 41 1 7 3
1007892391 37 1 4 2
1007892488 40 1 5 2
1007892570 40 1 5 3
1007892726 44 1 1 0
1007892805 45 1 1 1
1007892836 4 0 1 1
1007893341 38 1 1 1
1007893357 40 1 8 3
1007893375 38 1 1 0
1007893401 39 1 4 2
1007893425 22 0 1 1
1007893522 32 1 1 1
1007893604 32 1 1 0
1007893635 37 1 4 3
1007893769 37 1 5 2
1007893819 36 1 3 2
1007894414 35 1 1 0
1007894488 41 1 3 2
1007894871 30 0 1 1
1007894887 41 1 7 2
1007894982 36 1 2 2
1007895019 37 1 4 2
1007895299 37 1 4 3
1007895323 17 0 1 1
1007895461 22 0 1 0
1007895522 44 1 2 1
1007895527 23 0 1 1
1007895921 38 1 1 1
1007896258 41 1 7 3
1007896424 16 0 1 1
1007896435 22 0 1 1
1007896469 22 0 1 0
1007896996 37 1 1 2
1007897139 33 1 1 2
1007897251 37 1 1 3
1007897292 38 1 1 0
1007897319 37 1 4 2
1007897364 33 1 4 3
1007897819 41 1 2 2
1007897876 41 1 4 3
1007897983 33 1 1 3
1007898143 37 1 4 3
1007898173 40 1 6 1
1007898353 22 0 1 1
1007898800 41 1 6 1
1007898828 37 1 1 2
1007898834 41 1 6 0
1007898853 43 1 2 1
1007898939 37 1 1 3
1007899017 40 1 6 0
1007899017 6 0 1 0
1007899055 37 1 4 2
1007899087 45 1 2 0
1007899177 22 0 1 0
1007899634 36 1 3 3
1007899686 37 1 5 3
1007900045 38 1 3 2
1007900530 37 1 4 3
1007900604 41 1 6 1
1007900638 41 1 6 0
1007900765 22 0 1 1
1007900913 23 0 1 0
1007901079 25 0 1 1
1007901414 41 1 5 3
1007901505 17 0 1 0
1007901643 22 0 1 0
1007902354 41 1 2 3
1007902448 36 1 1 0
1007902737 40 1 4 3
1007903359 39 1 2 2
1007903388 43 1 2 0
1007904044 45 1 1 0
1007904184 36 1 2 3
1007904356 39 1 1 2
1007904393 28 0 1 1
1007904413 40 1 8 2
1007904732 40 1 8 3
1007905035 37 1 2 2
1007905042 37 1 2 3
1007905344 16 0 1 0
1007905447 35 1 1 1
1007905503 39 1 4 3
1007905995 41 1 4 2
1007906129 41 1 8 1
1007906149 40 1 8 2
1007906271 20 0 1 1
1007906305 20 0 1 0
1007906325 35 1 1 0
1007906913 30 0 1 0
1007907029 45 1 2 1
1007907492 33 1 2 3
1007907493 35 1 1 1
1007907624 41 1 7 2
1007907633 35 1 4 2
1007907814 37 1 1 2
1007907835 37 1 1 3
1007907865 41 1 8 2
1007907955 40 1 7 2
1007908075 35 1 4 3
1007908099 40 1 5 2
1007908108 40 1 7 3
1007908360 38 1 3 3
1007908477 35 1 4 2
1007908526 4 0 1 0
1007908598 41 1 8 3
1007908658 38 1 1 1
1007908705 14 0 1 1
1007908824 40 1 3 2
1007908824 40 1 5 3
1007908899 39 1 1 1
1007909001 37 1 5 2
1007909027 34 1 1 1
1007909111 14 0 1 0
1007909311 35 1 2 2
1007909312 40 1 4 2
1007909363 33 1 4 2
1007909394 25 0 1 0
1007909420 35 1 2 3
1007909495 37 1 2 2
1007909511 14 0 1 1
1007909567 37 1 2 3
1007909592 41 1 6 1
1007909626 41 1 6 0
1007909632 39 1 1 0
1007909668 40 1 3 3
1007909734 36 1 2 2
1007909766 32 1 1 1
1007909787 40 1 5 2
1007909858 44 1 1 1
1007909896 32 1 1 0
1007909905 34 1 1 0
1007910203 35 1 2 2
1007910345 12 0 1 1
1007910397 6 0 1 1
1007910493 37 1 4 2
1007910567 23 0 1 1
1007910593 40 1 8 3
1007910680 20 0 1 1
1007910702 44 1 1 0
1007910714 20 0 1 0
1007910821 32 1 1 1
1007910830 45 1 1 1
1007911009 35 1 3 2
1007911128 36 1 2 3
1007911231 37 1 2 2
1007911236 41 1 5 2
1007911298 12 0 1 0
1007911355 37 1 4 3
1007911380 12 0 1 1
1007911391 36 1 3 2
1007911444 16 0 1 1
1007911470 36 1 2 2
1007911471 40 1 5 3
1007911972 36 1 2 3
1007912043 13 0 1 1
1007912082 38 1 3 2
1007912130 35 1 1 0
1007912162 16 0 1 0
1007912214 41 1 3 3
1007912247 37 1 2 3
1007912270 36 1 1 1
1007912277 37 1 4 2
1007912368 22 0 1 1
1007912402 22 0 1 0
1007912416 20 0 1 1
1007912504 16 0 1 1
1007912505 32 1 1 0
1007912991 17 0 1 1
1007913006 16 0 1 0
1007913091 37 1 5 3
1007913116 25 0 1 1
1007913158 36 1 2 2
1007913294 20 0 1 0
1007913376 22 0 1 1
1007913866 35 1 3 3
1007914006 44 1 2 0
1007914109 39 1 4 2
1007914192 16 0 1 1
1007914421 35 1 4 3
1007914861 36 1 4 2
1007914900 13 0 1 0
1007914917 23 0 1 0
1007915265 35 1 2 3
1007915455 14 0 1 0
1007915675 30 0 1 1
1007916299 12 0 1 0
1007916303 39 1 1 3
1007916413 18 0 1 1
1007916626 41 1 7 3
1007916798 37 1 4 3
1007917122 33 1 2 2
1007917195 39 1 2 3
1007917245 36 1 2 3
1007917337 41 1 8 0
1007917587 36 1 3 3
1007917660 38 1 1 0
1007917826 41 1 3 2
1007917909 22 0 1 0
1007918156 4 0 1 1
1007918265 28 0 1 0
1007918279 16 0 1 0
1007918527 36 1 4 3
1007918642 41 1 6 2
1007918665 41 1 8 2
1007918665 41 1 8 3
1007918860 44 1 2 1
1007919125 17 0 1 0
1007919417 40 1 4 3
1007919504 41 1 7 2
1007919937 41 1 7 3
1007920059 39 1 1 1
1007920093 39 1 1 0
1007920111 18 0 1 0
1007920152 33 1 4 3
1007920180 41 1 4 3
1007920288 37 1 1 1
1007920426 41 1 6 3
1007920538 38 1 1 1
1007920971 38 1 1 0
1007921156 45 1 1 0
1007921387 45 1 2 0
1007921591 6 0 1 0
1007922154 37 1 1 0
1007922703 36 1 2 2
1007922719 36 1 3 2
1007922772 38 1 3 3
1007923737 16 0 1 1
1007923753 36 1 4 2
1007923806 25 0 1 0
1007924463 17 0 1 1
1007925620 18 0 1 1
1007927398 41 1 5 3
1007927899 39 1 4 3
1007928432 36 1 1 0
1007928625 37 1 4 2
1007929242 37 1 4 3
1007929357 30 0 1 0
1007929659 22 0 1 1
1007929870 38 1 3 2
1007930031 41 1 4 2
1007930155 37 1 5 2
1007930276 22 0 1 0
1007930409 37 1 4 2
1007930904 25 0 1 1
1007930979 37 1 4 3
1007931065 45 1 2 1
1007931124 33 1 2 3
1007931175 33 1 4 2
1007931301 37 1 4 2
1007931755 23 0 1 1
1007931870 37 1 1 2
1007931919 37 1 1 3
1007931986 37 1 4 3
1007932081 22 0 1 1
1007932115 22 0 1 0
1007932145 37 1 4 2
1007932158 4 0 1 0
1007932254 38 1 5 2
1007932380 40 1 4 2
1007932405 39 1 2 2
1007932563 6 0 1 1
1007932702 41 1 3 3
1007932810 37 1 4 3
1007932830 37 1 5 3
1007932931 37 1 3 2
1007932952 41 1 6 1
1007932986 41 1 6 0
1007932989 37 1 4 2
1007933041 22 0 1 1
1007933161 40 1 4 3
1007933171 22 0 1 0
1007933253 22 0 1 1
1007933288 27 0 1 1
1007933414 45 1 1 1
1007933649 28 0 1 1
1007933736 36 1 4 3
1007933890 44 1 2 0
1007934131 22 0 1 0
1007934165 22 0 1 1
1007934195 45 1 1 0
1007934417 23 0 1 0
1007934581 37 1 4 3
1007934614 37 1 3 3
1007934725 37 1 4 2
1007934737 21 0 1 1
1007934770 18 0 1 0
1007935458 37 1 4 3
1007935472 36 1 3 3
1007935559 37 1 3 2
1007935983 22 0 1 0
1007936017 22 0 1 1
1007936039 40 1 4 2
1007936243 41 1 8 2
1007936368 37 1 2 2
1007936459 21 0 1 0
1007936492 22 0 1 0
1007936832 17 0 1 0
1007937033 37 1 2 3
1007937073 45 1 1 1
1007937208 36 1 2 3
1007937268 41 1 8 3
1007937433 21 0 1 1
1007937444 39 1 1 1
1007937459 39 1 4 2
1007937469 37 1 3 3
1007937591 20 0 1 1
1007938095 40 1 8 2
1007938242 16 0 1 0
1007938468 39 1 1 2
1007938469 20 0 1 0
1007938502 39 1 1 0
1007939107 30 0 1 1
1007939203 21 0 1 0
1007939206 41 1 3 2
1007939280 35 1 1 1
1007939309 40 1 4 3
1007939502 41 1 8 1
1007939843 39 1 1 3
1007939940 38 1 5 3
1007940096 41 1 7 2
1007940153 40 1 8 3
1007940190 39 1 1 2
1007940240 44 1 2 1
1007940346 41 1 8 2
1007940784 38 1 3 3
1007940788 41 1 5 2
1007940865 45 1 1 0
1007940874 41 1 7 3
1007940974 27 0 1 0
1007941130 38 1 1 1
1007941183 39 1 2 3
1007941287 35 1 1 0
1007941313 37 1 4 2
1007941320 41 1 8 0
1007941354 41 1 8 1
1007941380 39 1 1 1
1007941818 25 0 1 0
1007941822 36 1 1 1
1007941879 41 1 2 2
1007941972 33 1 2 2
1007942152 38 1 1 0
1007942329 28 0 1 0
1007942565 22 0 1 1
1007942628 41 1 7 2
1007942663 37 1 4 3
1007942913 43 1 2 1
1007942967 39 1 1 3
1007943006 4 0 1 1
1007943510 36 1 2 2
1007943662 38 1 1 1
1007943702 36 1 2 3
1007943738 41 1 6 2
1007943738 41 1 6 3
1007943784 33 1 4 3
1007943946 36 1 3 2
1007943975 40 1 8 2
1007944001 41 1 8 0
1007944001 41 1 7 3
1007944383 22 0 1 0
1007944462 41 1 2 3
1007944544 16 0 1 1
1007944915 6 0 1 0
1007945035 38 1 1 0
1007945246 36 1 2 2
1007945365 40 1 5 2
1007945380 37 1 1 1
1007945402 40 1 5 3
1007945414 37 1 1 0
1007945470 16 0 1 0
1007945496 43 1 2 0
1007945510 35 1 1 1
1007945532 17 0 1 1
1007945775 35 1 4 2
1007946133 40 1 4 2
1007946198 41 1 4 3
1007946280 16 0 1 1
1007946493 35 1 4 3
1007946554 32 1 1 1
1007946588 32 1 1 0
1007946689 39 1 1 2
1007946857 14 0 1 1
1007947047 45 1 1 2
1007947232 45 1 2 0
1007947266 40 1 5 2
1007947463 35 1 4 2
1007947645 39 1 2 2
1007947723 41 1 8 1
1007947845 40 1 5 3
1007947925 45 1 1 1
1007947934 41 1 8 3
1007948081 40 1 4 1
1007948114 36 1 4 2
1007948280 14 0 1 0
1007948300 32 1 1 1
1007948497 14 0 1 1
1007948726 38 1 3 2
1007948785 40 1 8 3
1007948848 36 1 4 3
1007948879 32 1 1 0
1007948920 45 1 1 3
1007948968 39 1 1 0
1007949129 28 0 1 1
1007949655 37 1 5 2
1007949665 35 1 1 2
1007949760 25 0 1 1
1007949766 41 1 5 3
1007949898 36 1 4 2
1007949922 37 1 5 3
1007949954 40 1 4 0
1007949972 18 0 1 1
1007950054 18 0 1 0
1007950303 41 1 7 2
1007950543 35 1 1 0
1007950584 36 1 4 3
1007950699 40 1 8 1
1007950713 35 1 1 3
1007950800 36 1 1 0
1007951028 18 0 1 1
1007951091 39 1 1 3
1007951337 38 1 1 1
1007951351 23 0 1 1
1007951433 23 0 1 0
1007951461 40 1 4 3
1007951954 18 0 1 0
1007951983 39 1 4 3
1007952331 37 1 5 2
1007952421 40 1 8 0
1007952495 45 1 1 0
1007952536 36 1 2 3
1007952582 41 1 8 0
1007952646 37 1 5 3
1007952827 39 1 2 3
1007953245 35 1 4 3
1007953296 41 1 4 2
1007953559 33 1 4 2
1007953570 16 0 1 0
1007953681 30 0 1 0
1007953861 28 0 1 0
1007954047 23 0 1 1
1007954081 23 0 1 0
1007954173 37 1 4 2
1007954279 14 0 1 0
1007954378 45 1 2 1
1007954380 41 1 5 2
1007954430 37 1 4 3
1007954593 6 0 1 1
1007954756 33 1 2 3
1007955065 37 1 4 2
1007955414 36 1 1 1
1007955441 22 0 1 1
1007955475 22 0 1 0
1007955790 4 0 1 0
1007956010 41 1 3 3
1007956188 40 1 4 2
1007956449 22 0 1 1
1007956797 37 1 5 2
1007956839 37 1 4 3
1007956854 41 1 7 3
1007956994 41 1 5 3
1007957068 44 1 2 0
1007957102 36 1 2 2
1007957143 40 1 8 2
1007957222 45 1 1 1
1007957888 38 1 1 0
1007958028 36 1 1 0
1007958073 40 1 5 2
1007958267 22 0 1 0
1007958285 39 1 2 2
1007958311 35 1 1 1
1007958556 16 0 1 1
1007958575 23 0 1 1
1007958746 37 1 5 3
1007959107 32 1 1 1
1007959319 28 0 1 1
1007959761 40 1 5 3
1007959812 36 1 3 3
1007959872 41 1 5 2
1007959999 39 1 4 2
1007960093 40 1 4 3
1007960393 23 0 1 0
1007960648 41 1 3 2
1007960782 41 1 5 3
1007960799 32 1 1 0
1007960906 36 1 1 1
1007960950 17 0 1 0
1007961127 45 1 1 0
1007961551 30 0 1 1
1007961750 44 1 2 1
1007962175 35 1 4 2
1007962312 41 1 7 2
1007962326 41 1 7 3
1007962468 36 1 1 0
1007962500 41 1 5 2
1007962529 35 1 4 3
1007963048 38 1 3 3
1007963067 35 1 4 2
1007963204 41 1 7 2
1007963209 14 0 1 1
1007963312 36 1 2 3
1007963346 38 1 1 1
1007963380 38 1 1 0
1007963417 41 1 2 2
1007963563 14 0 1 0
1007963579 39 1 2 3
1007963700 36 1 3 2
1007963842 41 1 7 3
1007963883 35 1 2 2
1007964082 25 0 1 0
1007964121 14 0 1 1
1007964190 36 1 1 1
1007964238 38 1 1 1
1007964346 16 0 1 0
1007964409 40 1 8 3
1007964451 43 1 2 1
1007964657 28 0 1 0
1007964659 40 1 4 2
1007964876 38 1 1 0
1007964917 12 0 1 1
1007965252 17 0 1 1
1007965604 33 1 2 2
1007965693 45 1 1 1
1007965736 41 1 7 2
1007965904 41 1 7 3
1007966190 36 1 2 2
1007966209 35 1 1 0
1007966259 37 1 4 2
1007966638 4 0 1 1
1007966666 41 1 4 3
1007966770 38 1 1 1
1007966966 37 1 4 3
1007967034 36 1 4 2
1007967151 37 1 4 2
1007967236 16 0 1 1
1007967495 37 1 4 3
1007967697 22 0 1 1
1007967700 45 1 2 0
1007967772 38 1 1 0
1007967945 35 1 2 3
1007968164 18 0 1 1
1007968260 33 1 4 3
1007968575 22 0 1 0
1007968657 22 0 1 1
1007968691 22 0 1 0
1007968935 37 1 4 2
1007968979 12 0 1 0
1007969294 41 1 5 3
1007969302 38 1 3 2
1007969439 6 0 1 0
1007969450 37 1 4 3
1007969460 38 1 3 3
1007970125 35 1 4 3
1007970146 38 1 3 2
1007970304 38 1 3 3
1007970336 25 0 1 1
1007970494 25 0 1 0
1007970496 36 1 1 0
1007970591 22 0 1 1
1007970614 36 1 5 2
1007970625 22 0 1 0
1007970780 36 1 5 3
1007970990 38 1 3 2
1007971159 14 0 1 0
1007971180 25 0 1 1
1007971338 25 0 1 0
1007971559 39 1 4 3
1007971650 19 0 1 1
1007971814 19 0 1 0
1007972024 25 0 1 1
1007972053 40 1 4 3
1007972350 36 1 5 2
1007972701 30 0 1 0
1007972980 36 1 5 3
1007973355 45 1 1 0
1007973384 19 0 1 1
1007973754 41 1 2 3
1007973764 41 1 4 2
1007973824 36 1 4 3
1007974014 19 0 1 0
1007974175 37 1 2 2
1007974788 43 1 2 0
1007974798 45 1 2 1
1007974956 36 1 3 3
1007975199 40 1 4 2
1007975334 18 0 1 0
1007975535 37 1 2 3
1007975849 37 1 3 2
1007975932 20 0 1 1
1007976091 40 1 8 2
1007976202 40 1 5 2
1007976233 45 1 1 1
1007976417 40 1 5 3
1007976437 37 1 3 3
1007976478 41 1 3 3
1007976538 37 1 1 2
1007976546 17 0 1 0
1007976800 41 1 5 2
1007976858 20 0 1 0
1007977125 35 1 1 1
1007977152 38 1 3 3
1007977236 32 1 1 1
1007977308 41 1 7 2
1007977375 37 1 1 3
1007977401 21 0 1 1
1007977430 37 1 1 2
1007977451 32 1 1 0
1007977489 41 1 8 2
1007977536 36 1 2 3
1007977620 41 1 6 1
1007977786 44 1 2 0
1007978083 33 1 4 2
1007978186 25 0 1 0
1007978259 37 1 5 2
1007978267 37 1 5 3
1007978279 21 0 1 0
1007978320 41 1 2 2
1007978329 40 1 5 2
1007978342 38 1 1 1
1007978428 36 1 1 1
1007978498 41 1 6 0
1007978532 41 1 6 1
1007978580 16 0 1 0
1007978608 40 1 3 2
1007979117 6 0 1 1
1007979151 37 1 5 2
1007979152 39 1 1 2
1007979173 40 1 3 3
1007979186 39 1 1 1
1007979232 33 1 2 3
1007979268 37 1 5 3
1007979295 40 1 5 3
1007979303 23 0 1 1
1007979337 23 0 1 0
1007979354 43 1 2 1
1007979363 32 1 1 1
1007979378 37 1 1 3
1007979642 44 1 1 1
1007979911 39 1 4 2
1007980137 37 1 3 2
1007980146 37 1 3 3
1007980186 41 1 8 1
1007980207 44 1 1 0
1007980215 23 0 1 1
1007980266 4 0 1 0
1007980474 41 1 3 2
1007980829 40 1 4 3
1007980874 38 1 3 2
1007980981 37 1 3 2
1007981112 41 1 6 2
1007981138 32 1 1 0
1007981141 23 0 1 0
1007981146 41 1 6 0
1007981282 36 1 2 2
1007981439 39 1 2 2
1007981463 30 0 1 1
1007981528 41 1 6 3
1007981683 39 1 5 2
1007981863 45 1 1 0
1007981877 37 1 3 3
1007981908 25 0 1 1
1007981972 36 1 3 2
1007981977 21 0 1 1
1007981990 41 1 6 2
1007981990 41 1 6 3
1007982011 21 0 1 0
1007982054 44 1 2 1
1007982093 21 0 1 1
1007982146 37 1 1 1
1007982316 16 0 1 1
1007982473 28 0 1 1
1007982517 40 1 8 3
1007982829 39 1 3 2
1007982923 31 0 1 1
1007983019 21 0 1 0
1007983032 41 1 8 3
1007983072 37 1 1 0
1007983106 37 1 1 1
1007983140 37 1 1 0
1007983332 17 0 1 1
1007983374 36 1 4 2
1007983551 35 1 1 0
1007983983 39 1 1 3
1007984066 39 1 1 0
1007984141 29 0 1 1
1007984584 18 0 1 1
1007985017 41 1 8 0
1007985395 40 1 4 2
1007985708 41 1 7 3
1007985898 39 1 3 3
1007986515 39 1 2 3
1007986600 41 1 5 3
1007986659 45 1 1 1
1007986742 38 1 1 0
1007987359 39 1 5 3
1007987549 28 0 1 0
1007987599 29 0 1 0
1007987634 36 1 1 0
1007987634 36 1 4 3
1007988393 31 0 1 0
1007988479 39 1 4 3
1007988862 33 1 2 2
1007989030 18 0 1 0
1007989466 36 1 2 3
1007989896 4 0 1 1
1007990129 30 0 1 0
1007990518 16 0 1 0
1007990603 40 1 8 2
1007991012 41 1 4 3
1007991892 33 1 4 3
1007991945 40 1 4 3
1007992003 35 1 4 2
1007992069 35 1 4 3
1007992170 35 1 1 1
1007992200 45 1 2 0
1007992698 38 1 3 3
1007992890 36 1 3 3
1007992895 35 1 4 2
1007992926 6 0 1 0
1007992979 45 1 1 0
1007993485 14 0 1 1
1007993519 14 0 1 0
1007993732 25 0 1 0
1007993929 14 0 1 1
1007994485 36 1 4 2
1007994601 35 1 4 3
1007994640 37 1 1 2
1007994674 17 0 1 0
1007995217 37 1 4 2
1007995217 37 1 1 3
1007995424 41 1 2 3
1007995475 35 1 4 2
1007995678 18 0 1 1
1007996017 14 0 1 0
1007996241 39 1 2 2
1007996349 41 1 8 2
1007996364 41 1 8 3
1007996450 41 1 6 1
1007996458 43 1 2 0
1007996459 22 0 1 1
1007996470 41 1 5 2
1007996509 14 0 1 1
1007996532 41 1 6 0
1007997085 39 1 5 2
1007997122 41 1 7 2
1007997230 39 1 1 2
1007997255 39 1 2 3
1007997266 37 1 4 3
1007997275 41 1 7 3
1007997339 39 1 4 2
1007997383 39 1 1 1
1007997417 39 1 1 0
1007997420 41 1 4 2
1007997845 37 1 4 2
1007997939 39 1 1 3
1007998119 31 0 1 1
1007998119 28 0 1 1
1007998148 41 1 5 3
1007998194 36 1 4 3
1007998199 40 1 4 2
1007998275 36 1 1 1
1007998302 41 1 5 2
1007998454 38 1 1 1
1007998488 38 1 1 0
1007998503 35 1 2 2
1007998891 30 0 1 1
1007998997 28 0 1 0
1007999059 41 1 8 1
1007999071 45 1 2 1
1007999093 41 1 8 0
1007999098 37 1 4 3
1007999121 22 0 1 0
1007999208 36 1 3 2
1007999233 45 1 1 1
1007999251 22 0 1 1
1007999484 18 0 1 0
1007999537 12 0 1 1
1007999589 40 1 8 3
1007999665 35 1 2 3
1007999722 36 1 2 2
1007999997 36 1 1 0
1008000031 36 1 1 1
1008000038 41 1 5 3
1008000191 35 1 2 2
1008000294 36 1 3 3
1008000640 38 1 3 2
1008000664 17 0 1 1
1008000756 16 0 1 1
1008000969 35 1 1 0
1008000973 22 0 1 0
1008000990 39 1 1 2
1008000992 36 1 3 2
1008001125 12 0 1 0
1008001255 12 0 1 1
1008001353 35 1 4 3
1008001542 17 0 1 0
1008001667 39 1 1 3
1008001674 25 0 1 1
1008001753 36 1 1 0
1008001753 36 1 3 3
1008002024 41 1 8 1
1008002261 41 1 2 2
1008002420 17 0 1 1
1008002510 33 1 4 2
1008002705 35 1 2 3
1008002813 14 0 1 0
1008002837 39 1 3 2
1008002979 41 1 8 0
1008003147 39 1 3 3
1008003295 43 1 2 1
1008003346 17 0 1 0
1008003435 39 1 2 2
1008003452 41 1 3 3
1008003544 6 0 1 1
1008003714 39 1 1 2
1008003787 12 0 1 0
1008004469 28 0 1 1
1008004485 29 0 1 1
1008004552 33 1 2 3
1008004606 44 1 2 0
1008004615 29 0 1 0
1008004883 39 1 5 3
1008005313 41 1 8 1
1008005586 4 0 1 0
1008005917 31 0 1 0
1008006225 41 1 5 2
1008006243 39 1 4 3
1008006454 41 1 7 2
1008007057 36 1 2 3
1008007377 40 1 4 3
1008007488 38 1 1 1
1008007545 39 1 2 3
1008007653 30 0 1 0
1008007911 37 1 3 2
1008007963 36 1 1 1
1008007989 41 1 5 3
1008008091 16 0 1 0
1008008389 39 1 1 3
1008008411 45 1 1 0
1008008579 28 0 1 0
1008008834 37 1 3 3
1008008901 41 1 5 2
1008009043 21 0 1 1
1008009126 41 1 3 2
1008009259 40 1 8 2
1008009423 41 1 8 0
1008009695 37 1 3 2
1008009708 37 1 3 3
1008009781 36 1 1 0
1008009793 41 1 5 3
1008009935 36 1 1 1
1008010017 21 0 1 0
1008010151 40 1 8 3
1008010160 44 1 2 1
1008010293 35 1 1 1
1008010539 37 1 3 2
1008010850 36 1 1 0
1008010943 21 0 1 1
1008010977 21 0 1 0
1008011510 37 1 3 3
1008011531 35 1 1 0
1008011623 36 1 2 2
1008011887 40 1 8 2
1008011903 21 0 1 1
1008011917 37 1 2 2
1008011991 40 1 4 2
1008012099 41 1 7 3
1008012185 40 1 5 2
1008012354 37 1 2 3
1008012441 40 1 5 3
1008012634 36 1 2 3
1008012657 16 0 1 1
1008012694 41 1 5 2
1008012781 21 0 1 0
1008012921 35 1 1 1
1008012938 36 1 4 2
1008013133 38 1 1 0
1008013219 32 1 1 1
1008013464 20 0 1 1
1008013475 32 1 1 0
1008013498 20 0 1 0
1008013668 16 0 1 0
1008013765 45 1 1 1
1008013971 39 1 4 2
1008014182 33 1 2 2
1008014193 36 1 1 1
1008014203 36 1 2 2
1008014393 18 0 1 1
1008014775 41 1 5 3
1008014821 38 1 3 3
1008015216 4 0 1 1
1008015324 16 0 1 1
1008015379 39 1 3 2
1008015524 33 1 4 3
1008015571 30 0 1 1
1008015835 35 1 4 2
1008015855 25 0 1 0
1008015915 36 1 1 0
1008016163 37 1 4 2
1008016345 39 1 5 2
1008016427 39 1 2 2
1008016619 39 1 1 2
1008016709 40 1 8 3
1008016799 6 0 1 0
1008016832 41 1 4 3
1008016869 14 0 1 1
1008016892 37 1 4 3
1008016945 29 0 1 1
1008017151 39 1 3 3
1008017315 37 1 3 2
1008017379 31 0 1 1
1008017606 36 1 2 3
1008017676 41 1 2 3
1008017721 22 0 1 1
1008017743 35 1 1 0
1008017759 41 1 5 2
1008018245 28 0 1 1
1008018319 41 1 8 1
1008018331 45 1 2 0
1008018450 36 1 4 3
1008018640 16 0 1 0
1008018647 22 0 1 0
1008018710 43 1 2 0
1008018763 29 0 1 0
1008018830 36 1 1 1
1008019155 21 0 1 1
1008019484 18 0 1 0
1008019547 39 1 2 3
1008019731 39 1 5 3
1008020439 39 1 4 3
1008020478 37 1 3 3
1008020484 36 1 2 2
1008020765 31 0 1 0
1008020933 41 1 7 2
1008020947 41 1 8 2
1008021212 36 1 3 2
1008021231 28 0 1 0
1008021340 41 1 7 3
1008021512 21 0 1 0
1008021518 16 0 1 1
1008021609 35 1 4 3
1008021657 30 0 1 0
1008021729 37 1 2 2
1008021777 41 1 7 2
1008021967 38 1 1 1
1008021981 39 1 1 1
1008022271 39 1 1 3
1008022713 40 1 4 3
1008022897 38 1 1 0
1008022931 38 1 1 1
1008023004 17 0 1 1
1008023181 14 0 1 0
1008023296 20 0 1 1
1008023305 41 1 8 0
1008023551 41 1 4 2
1008023747 45 1 1 0
1008023908 36 1 4 2
1008023920 41 1 5 3
1008023933 39 1 2 2
1008024035 37 1 2 3
1008024076 37 1 1 2
1008024100 36 1 1 2
1008024149 41 1 7 3
1008024150 36 1 5 2
1008024405 37 1 2 2
1008024451 38 1 3 2
1008024632 36 1 5 3
1008024794 37 1 1 3
1008024892 37 1 2 3
1008024967 28 0 1 1
1008025026 36 1 1 0
1008025114 20 0 1 0
1008025120 18 0 1 1
1008025134 41 1 5 1
1008025222 38 1 1 0
1008025285 39 1 4 2
1008025316 19 0 1 1
1008025343 45 1 2 1
1008025485 25 0 1 1
1008025491 33 1 4 2
1008025858 41 1 6 1
1008025892 41 1 6 0
1008025934 36 1 5 2
1008025985 39 1 5 2
1008025992 20 0 1 1
1008025993 39 1 1 2
1008026026 20 0 1 0
1008026242 19 0 1 0
1008026464 36 1 1 3
1008026525 6 0 1 1
1008026796 36 1 5 3
1008026844 36 1 2 3
1008026865 39 1 3 2
1008026899 30 0 1 1
1008027055 41 1 8 1
1008027142 36 1 3 3
1008027168 19 0 1 1
1008027340 33 1 2 3
1008027584 41 1 3 3
1008027803 31 0 1 1
1008027810 41 1 5 2
1008027844 41 1 5 0
1008027878 16 0 1 0
1008027958 41 1 7 2
1008028094 19 0 1 0
1008028211 40 1 8 2
1008028374 4 0 1 0
1008028390 17 0 1 0
1008028428 41 1 8 3
1008028465 29 0 1 1
1008028527 39 1 1 3
1008028618 44 1 2 0
1008028844 36 1 1 1
1008028992 38 1 1 1
1008029245 35 1 1 1
1008029462 39 1 1 0
1008029532 41 1 7 3
1008029561 41 1 8 0
1008030306 39 1 2 3
1008030348 37 1 3 2
1008030566 38 1 1 0
1008030655 40 1 4 2
1008031081 39 1 4 3
1008031184 37 1 3 3
1008031340 28 0 1 0
1008031450 40 1 4 3
1008031602 36 1 4 3
1008031689 45 1 1 1
1008032147 21 0 1 1
1008032189 30 0 1 0
1008032246 21 0 1 0
1008032391 40 1 4 2
1008032484 45 1 1 0
1008033027 41 1 5 3
1008033033 40 1 8 3
1008033146 36 1 2 2
1008033254 18 0 1 0
1008033425 45 1 1 1
1008033769 39 1 3 3
1008034146 41 1 7 2
1008034180 16 0 1 1
1008034367 35 1 1 0
1008034661 39 1 5 3
1008034817 41 1 7 3
1008034882 36 1 1 0
1008035047 35 1 2 2
1008035113 35 1 2 3
1008035180 38 1 1 1
1008035587 29 0 1 0
1008035695 31 0 1 0
1008035851 38 1 1 0
1008035851 38 1 3 3
1008036081 12 0 1 1
1008036134 36 1 5 2
1008036141 35 1 4 2
1008036147 12 0 1 0
1008036169 38 1 5 2
1008036885 25 0 1 0
1008037175 14 0 1 1
1008037202 36 1 5 3
1008037203 27 0 1 1
1008037322 36 1 3 2
1008037892 19 0 1 1
1008038289 40 1 4 3
1008038397 39 1 1 2
1008038818 19 0 1 0
1008039032 33 1 2 2
1008039080 17 0 1 1
1008039246 36 1 2 3
1008039268 37 1 3 2
1008039323 45 1 1 0
1008039524 36 1 4 2
1008039650 36 1 3 3
1008039958 37 1 3 3
1008040000 41 1 8 1
1008040000 33 1 4 3
1008040066 4 0 1 1
1008040067 41 1 4 3
1008040071 39 1 5 2
1008040160 37 1 3 2
1008040277 39 1 4 2
1008040280 16 0 1 0
1008040319 21 0 1 1
1008040688 18 0 1 1
1008040795 39 1 5 3
1008040994 17 0 1 0
1008041021 35 1 4 3
1008041034 6 0 1 0
1008041090 41 1 5 2
1008041101 45 1 2 0
1008041105 31 0 1 1
1008041197 21 0 1 0
1008041279 21 0 1 1
1008041467 40 1 8 2
1008041613 41 1 2 2
1008041665 40 1 8 3
1008041779 37 1 3 3
1008041795 30 0 1 1
1008041807 39 1 5 2
1008041944 37 1 3 2
1008041963 41 1 7 2
1008041999 31 0 1 0
1008042011 40 1 4 2
1008042181 14 0 1 0
1008042186 36 1 1 1
1008042407 40 1 8 2
1008042549 39 1 2 2
1008042605 40 1 4 3
1008042647 43 1 2 1
1008042682 37 1 3 3
1008042805 37 1 4 2
1008042841 31 0 1 1
1008042949 38 1 3 2
1008042997 38 1 1 1
1008043047 35 1 1 1
1008043049 21 0 1 0
1008043081 35 1 1 0
1008043083 21 0 1 1
1008043345 45 1 1 1
1008043583 28 0 1 1
1008043639 45 1 1 0
1008043961 21 0 1 0
1008043983 25 0 1 1
1008044007 35 1 1 1
1008044207 39 1 1 3
1008044267 39 1 5 3
1008044549 22 0 1 1
1008044554 37 1 4 3
1008045298 36 1 4 3
1008045301 31 0 1 0
1008045567 41 1 8 0
1008045991 39 1 4 3
1008046321 41 1 4 2
1008046415 22 0 1 0
1008046557 35 1 4 2
1008046822 18 0 1 0
1008047037 30 0 1 0
1008047284 36 1 2 2
1008047411 45 1 2 1
1008047591 14 0 1 1
1008047773 39 1 2 3
1008047989 39 1 5 2
1008047995 35 1 2 2
1008048116 35 1 1 2
1008048190 36 1 3 2
1008048243 41 1 7 3
1008048318 16 0 1 1
1008048807 28 0 1 0
1008048839 35 1 1 3
1008048865 36 1 1 2
1008049029 12 0 1 1
1008049150 40 1 8 1
1008049183 31 0 1 1
1008049277 38 1 1 0
1008049284 33 1 2 3
1008049596 36 1 5 2
1008049873 40 1 8 0
1008049879 41 1 2 3
1008049899 41 1 5 1
1008049900 17 0 1 1
1008049933 39 1 3 2
1008050087 39 1 1 2
1008050297 40 1 8 3
1008050318 4 0 1 0
1008050416 36 1 4 2
1008050679 39 1 4 2
1008050913 43 1 2 0
1008051121 41 1 8 1
1008051149 35 1 4 3
1008051292 19 0 1 1
1008051327 39 1 3 3
1008051437 29 0 1 1
1008051462 33 1 4 2
1008051742 18 0 1 1
1008051751 35 1 1 0
1008051993 35 1 2 3
1008052219 39 1 1 3
1008052279 30 0 1 1
1008052363 29 0 1 0
1008052420 36 1 1 3
1008052496 6 0 1 1
1008052549 14 0 1 0
1008052574 36 1 5 3
1008052609 39 1 3 2
1008052856 39 1 1 2
1008053027 12 0 1 0
1008053447 41 1 5 3
1008053454 41 1 5 0
1008053547 41 1 8 0
1008053890 41 1 8 1
1008053894 36 1 3 3
1008053955 39 1 5 3
1008054002 19 0 1 0
1008054085 29 0 1 1
1008054207 39 1 3 3
1008054481 36 1 1 0
1008054481 36 1 2 3
1008054485 38 1 5 3
1008054903 39 1 1 3
1008054989 31 0 1 0
1008055142 17 0 1 0
1008055485 41 1 7 2
1008055515 16 0 1 0
1008055519 27 0 1 0
1008055855 29 0 1 0
1008056085 41 1 8 0
1008056109 41 1 7 3
1008056554 38 1 1 1
1008056639 39 1 4 3
1008057143 38 1 1 0
1008057758 36 1 4 3
1008058461 30 0 1 0
1008058987 18 0 1 0
1008059521 41 1 8 2
1008060425 41 1 8 3
1008060509 39 1 1 2
1008060591 39 1 1 1
1008060613 41 1 3 2
1008060675 41 1 7 2
1008060776 41 1 6 2
1008060923 39 1 2 2
1008060983 40 1 8 2
1008061100 33 1 4 3
1008061281 39 1 3 2
1008061459 39 1 1 0
1008061654 41 1 6 3
1008061709 38 1 1 1
1008061810 44 1 2 1
1008061873 39 1 3 3
1008061957 28 0 1 1
1008062053 41 1 8 2
1008062087 41 1 8 1
1008062173 39 1 3 2
1008062427 38 1 5 2
1008062461 37 1 1 1
1008062483 41 1 4 3
1008062641 35 1 1 1
1008062673 33 1 2 2
1008062683 6 0 1 0
1008062789 39 1 5 2
1008062881 29 0 1 1
1008062915 29 0 1 0
1008062929 35 1 4 2
1008062965 35 1 4 3
1008063387 37 1 1 0
1008063431 39 1 1 1
1008063461 27 0 1 1
1008063500 41 1 6 2
1008063517 45 1 2 0
1008063821 35 1 4 2
1008063823 31 0 1 1
1008063841 29 0 1 1
1008063887 39 1 4 2
1008064205 41 1 3 3
1008064383 4 0 1 1
1008064441 14 0 1 1
1008064475 14 0 1 0
1008064498 40 1 3 2
1008064769 39 1 1 3
1008064789 41 1 7 3
1008064855 14 0 1 1
1008065193 41 1 8 3
1008065205 37 1 1 1
1008065243 44 1 2 0
1008065487 30 0 1 1
1008065532 44 1 1 1
1008065803 41 1 8 0
1008065803 41 1 6 3
1008065823 38 1 1 0
1008066209 40 1 3 3
1008066227 39 1 1 0
1008066813 40 1 8 3
1008066835 36 1 2 2
1008066881 37 1 5 2
1008066967 41 1 6 2
1008067071 37 1 1 0
1008067118 37 1 2 2
1008067243 44 1 1 0
1008067445 39 1 2 3
1008067511 38 1 3 3
1008067539 41 1 6 3
1008067667 37 1 2 3
1008067771 35 1 2 2
1008067777 41 1 5 2
1008067847 35 1 1 0
1008067847 35 1 2 3
1008067885 36 1 4 2
1008067893 41 1 4 2
1008067915 23 0 1 1
1008068010 37 1 2 2
1008068033 37 1 2 3
1008068238 20 0 1 1
1008068479 28 0 1 0
1008068511 16 0 1 1
1008068545 25 0 1 0
1008068548 36 1 2 3
1008068669 41 1 5 3
1008068793 37 1 1 1
1008068805 12 0 1 1
1008068827 37 1 1 0
1008068881 12 0 1 0
1008068927 45 1 2 1
1008069091 37 1 4 2
1008069164 20 0 1 0
1008069198 20 0 1 1
1008069232 20 0 1 0
1008069295 36 1 1 1
1008069403 18 0 1 1
1008069511 36 1 2 2
1008069647 39 1 3 3
1008069855 37 1 3 2
1008069939 37 1 3 3
1008070155 39 1 4 3
1008070221 36 1 1 0
1008070329 16 0 1 0
1008070329 37 1 5 3
1008070389 22 0 1 1
1008070545 16 0 1 1
1008070561 35 1 4 3
1008071107 29 0 1 0
1008071161 36 1 2 3
1008071417 39 1 5 3
1008071525 30 0 1 0
1008071533 33 1 4 2
1008071695 21 0 1 1
1008071729 21 0 1 0
1008071741 23 0 1 0
1008072195 16 0 1 0
1008072229 14 0 1 0
1008072451 31 0 1 0
1008072567 6 0 1 1
1008072744 37 1 2 2
1008072916 33 1 2 3
1008073005 41 1 5 2
1008073549 37 1 4 3
1008073778 20 0 1 1
1008073948 36 1 4 3
1008074303 37 1 2 3
1008074467 41 1 5 3
1008074571 36 1 1 1
1008074593 4 0 1 0
1008074835 22 0 1 0
1008075337 20 0 1 0
1008075523 18 0 1 0
1008076293 36 1 1 0
1008077123 39 1 2 2
1008077511 36 1 2 2
1008077525 39 1 1 2
1008077719 39 1 5 2
1008078408 36 1 3 2
1008078435 38 1 3 2
1008078457 39 1 5 3
1008078545 16 0 1 1
1008078559 41 1 8 1
1008078579 38 1 5 3
1008078801 28 0 1 1
1008078921 36 1 3 3
1008079209 39 1 3 2
1008079303 31 0 1 1
1008079455 39 1 5 2
1008079469 25 0 1 1
1008079491 31 0 1 0
1008079563 41 1 8 2
1008079613 27 0 1 0
1008079627 39 1 4 2
1008079768 17 0 1 1
1008079921 41 1 5 2
1008080423 41 1 7 2
1008080597 39 1 1 1
1008080646 17 0 1 0
1008080853 36 1 4 2
1008080857 29 0 1 1
1008081087 31 0 1 1
1008081102 41 1 2 2
1008081179 30 0 1 1
1008081207 41 1 4 3
1008081457 38 1 1 1
1008081535 36 1 1 1
1008081928 36 1 2 3
1008082136 43 1 2 1
1008082200 33 1 4 3
1008082241 45 1 2 0
1008082271 41 1 8 3
1008082391 41 1 6 2
1008082533 39 1 2 3
1008082618 18 0 1 1
1008082855 39 1 1 3
1008083211 41 1 6 3
1008083234 6 0 1 0
1008083305 39 1 1 0
1008083377 37 1 2 2
1008083425 39 1 4 3
1008083510 16 0 1 0
1008083567 28 0 1 0
1008083889 41 1 8 0
1008083929 37 1 1 1
1008084111 37 1 5 2
1008084223 41 1 6 2
1008084411 20 0 1 1
1008084415 38 1 5 2
1008084431 33 1 2 2
1008084733 30 0 1 0
1008084821 37 1 1 2
1008084855 37 1 1 0
1008084869 37 1 1 3
1008084947 41 1 6 3
1008085347 35 1 4 2
1008085449 27 0 1 1
1008085599 37 1 4 2
1008085673 41 1 7 3
1008085855 41 1 6 1
1008085869 23 0 1 1
1008085925 37 1 1 1
1008086175 4 0 1 1
1008086381 14 0 1 1
1008086409 39 1 3 3
1008086707 38 1 1 0
1008086733 41 1 6 0
1008086803 37 1 1 0
1008087213 22 0 1 1
1008087409 41 1 5 3
1008087461 41 1 4 2
1008087979 29 0 1 0
1008088141 37 1 5 3
1008088443 36 1 1 0
1008088495 45 1 2 1
1008088985 37 1 2 3
1008089239 38 1 5 3
1008089519 23 0 1 0
1008089977 39 1 5 3
1008090019 20 0 1 0
1008090227 36 1 4 3
1008090273 27 0 1 0
1008090371 37 1 4 3
1008090817 35 1 4 3
1008091155 41 1 2 3
1008091261 18 0 1 0
1008091319 39 1 2 2
1008091707 22 0 1 0
1008091715 31 0 1 0
1008091851 14 0 1 0
1008092083 39 1 1 2
1008092189 43 1 2 0
1008092353 28 0 1 1
1008092513 39 1 3 2
1008092835 39 1 4 2
1008093547 41 1 8 1
1008093833 33 1 4 2
1008094065 29 0 1 1
1008094327 39 1 3 3
1008094341 38 1 3 3
1008094435 30 0 1 1
1008095261 39 1 5 2
1008095341 41 1 7 2
1008095375 25 0 1 0
1008095543 41 1 5 2
1008095591 6 0 1 1
1008095704 33 1 2 3
1008095721 41 1 2 2
1008095883 29 0 1 0
1008096063 39 1 5 3
1008096079 34 1 4 2
1008096169 34 1 5 2
1008096295 31 0 1 1
1008096375 38 1 1 1
1008096605 36 1 1 1
1008096675 41 1 6 2
1008096675 41 1 6 3
1008096715 39 1 2 3
1008096755 43 1 2 1
1008097097 31 0 1 0
1008097113 10 0 1 1
1008097203 11 0 1 1
1008097229 4 0 1 0
1008097520 36 1 2 2
1008097607 39 1 1 3
1008097749 28 0 1 0
1008098011 35 1 4 2
1008098063 38 1 3 2
1008098385 37 1 1 1
1008098419 37 1 1 0
1008098459 41 1 6 2
1008098499 39 1 4 3
1008098554 16 0 1 1
1008098677 41 1 8 0
1008099045 14 0 1 1
1008099077 41 1 6 3
1008099097 25 0 1 1
1008099253 36 1 4 2
1008099257 35 1 4 3
1008099677 30 0 1 0
1008100285 37 1 1 1
1008100314 18 0 1 1
1008100367 37 1 1 0
1008100591 35 1 4 2
1008100669 14 0 1 0
1008101016 36 1 5 2
1008101315 34 1 4 3
1008101321 41 1 8 2
1008101374 41 1 7 3
1008101643 14 0 1 1
1008101789 35 1 4 3
1008101908 36 1 5 3
1008102050 19 0 1 1
1008102281 41 1 8 3
1008102349 10 0 1 0
1008102374 39 1 1 1
1008102408 38 1 1 0
1008102823 14 0 1 0
1008102887 41 1 4 3
1008102942 19 0 1 0
1008103644 36 1 5 2
1008103921 45 1 2 0
1008103985 39 1 3 2
1008104053 39 1 5 2
1008104144 39 1 1 0
1008104211 39 1 4 2
1008104667 35 1 4 2
1008104678 19 0 1 1
1008104705 39 1 2 2
1008104786 36 1 5 3
1008104859 39 1 3 3
1008105087 31 0 1 1
1008105585 29 0 1 1
1008105701 14 0 1 1
1008105739 28 0 1 1
1008105769 39 1 3 2
1008105782 36 1 4 3
1008105820 19 0 1 0
1008105859 30 0 1 1
1008106297 38 1 5 2
1008106397 37 1 5 2
1008106457 37 1 5 3
1008106463 29 0 1 0
1008106474 36 1 5 2
1008106499 39 1 1 2
1008106595 39 1 3 3
1008106626 36 1 5 3
1008106676 38 1 3 3
1008106725 34 1 4 2
1008106816 18 0 1 0
1008106880 41 1 8 2
1008107115 33 1 2 2
1008107223 34 1 5 3
1008107289 37 1 5 2
1008107331 27 0 1 1
1008107389 29 0 1 1
1008107453 34 1 1 2
1008107508 19 0 1 1
1008107520 33 1 4 3
1008107660 19 0 1 0
1008107676 41 1 7 2
1008107710 25 0 1 0
1008107759 10 0 1 1
1008107777 41 1 7 3
1008107914 39 1 1 1
1008108211 37 1 3 2
1008108257 11 0 1 0
1008108257 23 0 1 1
1008108267 29 0 1 0
1008108291 23 0 1 0
1008108321 39 1 3 2
1008108325 23 0 1 1
1008108367 41 1 8 1
1008108487 40 1 7 1
1008108508 36 1 5 2
1008108554 6 0 1 0
1008108710 38 1 1 1
1008108763 4 0 1 1
1008108811 38 1 1 0
1008109133 39 1 4 3
1008109179 41 1 2 3
1008109189 41 1 4 2
1008109189 34 1 1 3
1008109247 37 1 5 3
1008109364 41 1 7 2
1008109371 21 0 1 1
1008109520 39 1 1 3
1008109542 19 0 1 1
1008110025 39 1 2 3
1008110052 38 1 5 3
1008110085 29 0 1 1
1008110209 30 0 1 0
1008110213 43 1 2 0
1008110223 45 1 2 1
1008110223 40 1 7 0
1008110229 35 1 4 3
1008110554 41 1 8 0
1008110554 41 1 7 3
1008110939 23 0 1 0
1008111041 38 1 1 1
1008111052 41 1 7 2
1008111086 27 0 1 0
1008111192 36 1 4 2
1008111263 14 0 1 0
1008111357 36 1 1 2
1008111446 28 0 1 0
1008111588 38 1 1 0
1008111837 39 1 5 3
1008111871 39 1 3 3
1008112086 38 1 3 2
1008112086 38 1 1 1
1008112115 34 1 1 2
1008112158 36 1 1 3
1008112266 18 0 1 1
1008112391 41 1 5 1
1008112759 37 1 3 3
1008112871 31 0 1 0
1008113120 25 0 1 1
1008113163 40 1 7 1
1008113214 41 1 5 0
1008113543 41 1 5 3
1008113639 29 0 1 0
1008114222 36 1 5 3
1008114321 34 1 5 2
1008114435 41 1 8 3
1008114565 21 0 1 0
1008114856 41 1 7 3
1008114930 39 1 1 2
1008115092 36 1 1 0
1008115098 36 1 2 3
1008115256 19 0 1 0
1008115355 11 0 1 1
1008115607 39 1 5 2
1008115822 39 1 2 2
1008115856 39 1 1 0
1008115865 37 1 4 2
1008115890 38 1 1 0
1008115964 41 1 8 1
1008116132 16 0 1 0
1008116241 37 1 4 3
1008116389 39 1 3 2
1008116641 31 0 1 1
1008117369 22 0 1 1
1008117375 35 1 4 2
1008117403 22 0 1 0
1008117485 28 0 1 1
1008117648 33 1 2 3
1008118085 29 0 1 1
1008118090 33 1 4 2
1008118311 39 1 4 2
1008118409 14 0 1 1
1008118843 37 1 2 2
1008118959 39 1 5 3
1008118973 4 0 1 0
1008119031 37 1 2 3
1008119124 6 0 1 1
1008119422 41 1 7 2
1008119433 37 1 4 2
1008119558 36 1 4 3
1008119687 37 1 2 2
1008119719 40 1 8 2
1008119851 39 1 1 3
1008119883 34 1 1 3
1008119959 30 0 1 1
1008120005 37 1 2 3
1008120027 20 0 1 1
1008120051 31 0 1 0
1008120456 38 1 1 1
1008120510 41 1 5 2
1008120547 35 1 2 2
1008120592 18 0 1 0
1008120729 37 1 5 2
1008120753 35 1 1 1
1008120885 41 1 8 0
1008120905 20 0 1 0
1008120917 40 1 7 0
1008120939 20 0 1 1
1008121005 22 0 1 1
1008121471 37 1 2 2
1008121541 41 1 2 2
1008121571 34 1 4 3
1008121587 39 1 2 3
1008121697 36 1 1 1
1008121763 23 0 1 1
1008121777 41 1 7 3
1008121833 12 0 1 1
1008121865 20 0 1 0
1008122045 35 1 4 3
1008122605 10 0 1 0
1008122621 28 0 1 0
1008122681 37 1 2 3
1008122839 20 0 1 1
1008123079 14 0 1 0
1008123327 37 1 4 3
1008123328 43 1 2 1
1008123403 41 1 4 3
1008123513 41 1 5 3
1008123529 38 1 1 0
1008123813 20 0 1 0
1008124267 37 1 5 3
1008124340 36 1 2 2
1008124437 45 1 2 0
1008124559 22 0 1 0
1008124873 39 1 4 3
1008125233 40 1 8 3
1008125265 36 1 1 0
1008125285 39 1 5 2
1008125309 39 1 2 2
1008125374 16 0 1 1
1008125561 23 0 1 0
1008125717 39 1 2 3
1008125767 35 1 4 2
1008125908 36 1 4 2
1008125937 39 1 3 3
1008126061 38 1 3 3
1008126093 30 0 1 0
1008126267 35 1 1 0
1008126319 31 0 1 1
1008126343 28 0 1 1
1008126751 28 0 1 0
1008126801 14 0 1 1
1008127001 36 1 2 3
1008127062 18 0 1 1
1008127095 25 0 1 0
1008127150 35 1 2 3
1008127595 29 0 1 0
1008127776 33 1 4 3
1008128537 12 0 1 0
1008128553 16 0 1 0
1008128797 41 1 7 2
1008128860 6 0 1 0
1008128953 39 1 1 2
1008129657 41 1 4 2
1008129689 41 1 7 3
1008129785 41 1 5 2
1008129831 38 1 1 1
1008130059 34 1 5 3
1008130354 36 1 4 3
1008130421 39 1 2 2
1008130485 41 1 7 2
1008130611 41 1 8 1
1008130629 41 1 7 3
1008130691 45 1 2 1
1008130723 38 1 1 0
1008131093 11 0 1 0
1008131201 34 1 4 2
1008131329 35 1 4 3
1008131388 18 0 1 0
1008131455 28 0 1 1
1008131505 39 1 4 2
1008131519 38 1 1 1
1008131567 36 1 1 1
1008131709 37 1 2 2
1008132235 10 0 1 1
1008132247 37 1 2 3
1008132315 38 1 3 2
1008132323 41 1 2 3
1008132363 14 0 1 0
1008132497 38 1 1 0
1008132661 37 1 4 2
1008132743 20 0 1 1
1008132929 36 1 2 2
1008133119 30 0 1 1
1008133349 25 0 1 1
1008133357 43 1 2 0
1008133523 36 1 5 2
1008133743 20 0 1 0
1008133963 16 0 1 1
1008134213 22 0 1 1
1008134341 41 1 7 2
1008134557 19 0 1 1
1008135375 38 1 1 1
1008135543 39 1 5 3
1008136683 31 0 1 0
1008136752 36 1 4 2
1008136827 36 1 1 2
1008137106 36 1 1 3
1008137251 39 1 2 3
1008137505 37 1 4 3
1008137786 18 0 1 1
1008137861 41 1 5 1
1008138123 39 1 1 3
1008138140 41 1 5 0
1008138143 39 1 4 3
1008138285 28 0 1 0
1008138707 22 0 1 0
1008139313 41 1 3 2
1008139359 41 1 8 0
1008139411 41 1 5 3
1008139737 34 1 5 2
1008140001 30 0 1 0
1008140347 44 1 2 1
1008140445 36 1 1 0
1008140733 38 1 5 2
1008140785 11 0 1 1
1008140959 35 1 4 2
1008141243 41 1 3 3
1008141326 36 1 5 3
1008141993 14 0 1 1
1008142170 36 1 4 3
1008142277 44 1 2 0
1008142356 27 0 1 1
1008142360 19 0 1 0
1008142424 36 1 2 3
1008142767 34 1 4 3
1008143213 18 0 1 0
1008143319 41 1 6 2
1008143458 16 0 1 0
1008143725 39 1 3 2
1008143771 41 1 4 3
1008143783 39 1 1 2
1008143801 10 0 1 0
1008144029 35 1 2 2
1008144151 37 1 3 2
1008144151 37 1 3 3
1008144211 41 1 6 3
1008144545 39 1 5 2
1008144805 45 1 2 0
1008144817 41 1 8 1
1008144905 37 1 1 1
1008145063 12 0 1 1
1008145229 29 0 1 1
1008145241 39 1 2 2
1008145317 37 1 2 2
1008145675 37 1 5 2
1008145675 21 0 1 1
1008145699 31 0 1 1
1008145709 21 0 1 0
1008145927 37 1 1 0
1008146275 28 0 1 1
1008146663 41 1 7 3
1008146797 23 0 1 1
1008146921 20 0 1 1
1008147453 35 1 2 3
1008147711 37 1 5 3
1008147873 38 1 1 0
1008148103 39 1 4 2
1008148209 35 1 4 3
1008148487 12 0 1 0
1008148611 37 1 3 2
1008148753 23 0 1 0
1008149243 14 0 1 0
1008149495 37 1 3 3
1008149555 41 1 6 2
1008149703 30 0 1 1
1008149717 41 1 7 2
1008149836 41 1 5 2
1008150025 41 1 4 2
1008150107 21 0 1 1
1008150377 39 1 4 3
1008150521 39 1 3 3
1008150715 21 0 1 0
1008150751 38 1 1 1
1008151039 37 1 2 3
1008151059 45 1 2 1
1008151255 39 1 2 3
1008151258 36 1 2 2
1008151313 37 1 1 1
1008151441 37 1 5 2
1008151521 30 0 1 0
1008151543 36 1 1 1
1008151931 37 1 5 3
1008152255 29 0 1 0
1008152273 20 0 1 0
1008152289 28 0 1 0
1008152333 37 1 5 2
1008152591 37 1 4 2
1008152771 34 1 4 2
1008152788 36 1 5 2
1008152930 16 0 1 1
1008153149 39 1 5 3
1008153157 23 0 1 1
1008153239 23 0 1 0
1008153367 23 0 1 1
1008153379 37 1 4 3
1008153805 10 0 1 1
1008153857 22 0 1 1
1008154076 19 0 1 1
1008154183 31 0 1 0
1008154309 37 1 3 2
1008154583 34 1 5 3
1008154735 22 0 1 0
1008155081 41 1 3 2
1008155313 34 1 1 2
1008155427 34 1 1 3
1008155617 11 0 1 0
1008155667 37 1 4 2
1008156115 44 1 2 1
1008156149 21 0 1 1
1008156331 36 1 4 2
1008156514 38 1 2 2
1008156669 39 1 1 3
1008156759 37 1 2 2
1008157181 40 1 7 1
1008157215 40 1 7 0
1008157349 22 0 1 1
1008157548 24 0 1 1
1008157577 36 1 3 2
1008157775 41 1 8 0
1008157793 20 0 1 1
1008157809 41 1 5 3
1008157839 35 1 4 2
1008158186 18 0 1 1
1008158653 41 1 3 3
1008158667 41 1 6 3
1008158843 36 1 1 0
1008158843 36 1 5 3
1008158873 14 0 1 1
1008158915 35 1 2 2
1008159121 37 1 2 3
1008159197 39 1 2 2
1008159432 17 0 1 1
1008159511 41 1 7 3
1008159619 39 1 1 2
1008159677 34 1 1 2
1008159687 44 1 2 0
1008159877 19 0 1 0
1008159972 38 1 2 3
1008160155 20 0 1 0
1008160231 28 0 1 1
1008160295 39 1 5 2
1008160501 39 1 4 2
1008160531 37 1 1 0
1008160531 37 1 4 3
1008160545 38 1 1 0
1008160561 12 0 1 1
1008160711 40 1 7 1
1008160891 37 1 5 3
1008160964 36 1 4 3
1008161006 24 0 1 0
1008161075 41 1 8 1
1008161249 39 1 3 2
1008161391 31 0 1 1
1008161423 36 1 2 3
1008161471 37 1 3 3
1008161891 22 0 1 0
1008161998 18 0 1 0
1008162163 30 0 1 1
1008162423 23 0 1 0
1008162457 16 0 1 0
1008162505 21 0 1 0
1008162525 34 1 5 2
1008162753 29 0 1 1
1008163077 38 1 5 3
1008163267 41 1 5 2
1008163548 35 1 2 3
1008163559 11 0 1 1
1008164077 41 1 7 2
1008164207 41 1 6 2
1008164582 12 0 1 0
1008164728 27 0 1 0
1008164765 38 1 3 3
1008165111 36 1 1 1
1008165131 38 1 1 1
1008165273 39 1 1 3
1008165451 37 1 1 1
1008165575 39 1 2 3
1008165603 34 1 1 3
1008165799 25 0 1 0
1008166080 35 1 4 3
1008166213 39 1 4 3
1008166307 41 1 8 0
1008166447 34 1 4 3
1008166501 39 1 5 3
1008166619 28 0 1 0
1008166637 40 1 7 0
1008166833 36 1 2 2
1008166833 36 1 5 2
1008166968 36 1 5 3
1008167114 14 0 1 0
1008167151 41 1 6 3
1008167207 37 1 2 2
1008167261 40 1 3 2
1008167453 30 0 1 0
1008167481 10 0 1 0
1008167535 31 0 1 0
1008167867 16 0 1 1
1008167867 19 0 1 1
1008168105 40 1 3 3
1008168291 37 1 1 0
1008168295 44 1 1 1
1008168487 38 1 3 2
1008168535 37 1 2 3
1008168773 20 0 1 1
1008168793 19 0 1 0
1008169081 39 1 3 3
1008169114 40 1 8 2
1008169139 44 1 1 0
1008169521 25 0 1 1
1008169651 20 0 1 0
1008170148 35 1 1 1
1008170623 29 0 1 0
1008171067 39 1 5 2
1008171481 36 1 5 2
1008171515 41 1 5 3
1008172101 31 0 1 1
1008172334 35 1 2 2
1008172407 41 1 4 3
1008172515 19 0 1 1
1008172857 36 1 1 0
1008173178 35 1 4 2
1008173338 38 1 5 2
1008173416 12 0 1 1
1008173441 45 1 2 0
1008173575 39 1 2 2
1008173581 40 1 8 3
1008174162 36 1 4 2
1008174212 14 0 1 1
1008174251 39 1 1 2
1008174265 39 1 3 2
1008174385 39 1 3 3
1008174615 35 1 1 0
1008174729 28 0 1 1
1008174952 27 0 1 1
1008175157 39 1 3 2
1008175196 18 0 1 1
1008175364 35 1 4 3
1008175453 41 1 8 1
1008175527 37 1 5 2
1008175769 29 0 1 1
1008175803 29 0 1 0
1008176223 37 1 5 3
1008176398 14 0 1 0
1008176419 37 1 5 2
1008176447 39 1 4 2
1008176729 29 0 1 1
1008176907 23 0 1 1
1008177071 37 1 5 3
1008177125 36 1 2 3
1008177195 35 1 2 3
1008177561 39 1 4 3
1008177881 23 0 1 0
1008177915 23 0 1 1
1008177999 30 0 1 1
1008178105 23 0 1 0
1008178125 41 1 5 2
1008178159 16 0 1 0
1008178229 12 0 1 0
1008178597 37 1 2 2
1008178661 41 1 4 2
1008178759 37 1 2 3
1008178784 36 1 4 3
1008178911 41 1 6 2
1008178925 30 0 1 0
1008178945 41 1 6 3
1008179297 39 1 2 3
1008179441 37 1 2 2
1008179453 34 1 4 2
1008179603 37 1 2 3
1008179631 20 0 1 1
1008179695 45 1 2 1
1008179709 39 1 3 3
1008179725 37 1 5 2
1008179789 34 1 1 2
1008179793 20 0 1 0
1008179818 18 0 1 0
1008179945 36 1 1 1
1008180331 28 0 1 0
1008180355 37 1 1 1
1008180389 37 1 1 0
1008180475 20 0 1 1
1008180487 10 0 1 1
1008180601 39 1 5 3
1008180625 37 1 3 2
1008180637 20 0 1 0
1008180647 41 1 6 2
1008180759 23 0 1 1
1008180805 41 1 3 2
1008181175 29 0 1 0
1008181331 40 1 7 1
1008181635 31 0 1 0
1008181699 21 0 1 1
1008181839 44 1 2 1
1008182111 37 1 1 1
1008182462 35 1 4 2
1008183075 37 1 3 3
1008183203 34 1 5 3
1008183496 14 0 1 1
1008184237 11 0 1 0
1008184497 40 1 8 2
1008184775 41 1 3 3
1008184839 21 0 1 0
1008184915 34 1 1 3
1008185167 39 1 5 2
1008185531 35 1 1 1
1008185589 37 1 2 2
1008185661 39 1 3 2
1008185809 44 1 2 0
1008185857 39 1 5 3
1008185911 36 1 2 2
1008185949 40 1 7 0
1008186135 39 1 4 2
1008186201 31 0 1 1
1008186395 39 1 2 2
1008186623 20 0 1 1
1008186945 16 0 1 1
1008187357 29 0 1 1
1008187429 28 0 1 1
1008187519 34 1 4 3
1008187539 31 0 1 0
1008187541 37 1 3 2
1008187723 39 1 1 3
1008187735 30 0 1 1
1008187747 39 1 5 2
1008187861 35 1 2 2
1008188187 37 1 2 3
1008188553 10 0 1 0
1008188641 21 0 1 1
1008188781 31 0 1 1
1008188895 12 0 1 1
1008189221 20 0 1 0
1008189275 41 1 8 0
1008189275 41 1 4 3
1008189481 34 1 1 2
1008189877 39 1 4 3
1008190309 45 1 2 0
1008190515 40 1 7 1
1008190719 37 1 5 3
1008191186 36 1 4 2
1008191241 34 1 4 2
1008191277 39 1 3 3
1008191385 30 0 1 0
1008191400 35 1 4 3
1008191695 39 1 2 3
1008191989 34 1 5 2
1008192113 23 0 1 0
1008192169 39 1 5 3
1008192220 18 0 1 1
1008192275 10 0 1 1
1008192279 36 1 4 3
1008192434 14 0 1 0
1008192695 29 0 1 0
1008192729 28 0 1 0
1008192771 34 1 2 2
1008193023 11 0 1 1
1008193203 31 0 1 0
1008193313 18 0 1 0
1008193905 8 0 1 1
1008194489 37 1 2 2
1008194815 37 1 5 2
1008195043 34 1 2 3
1008195279 41 1 5 3
1008195431 39 1 3 2
1008195435 39 1 1 2
1008195523 20 0 1 1
1008195891 39 1 5 2
1008196171 41 1 7 3
1008196313 36 1 1 0
1008196313 36 1 5 3
1008196477 23 0 1 1
1008196555 34 1 1 3
1008196663 8 0 1 0
1008196925 31 0 1 1
1008196997 29 0 1 1
1008197105 39 1 2 2
1008197205 38 1 1 0
1008197261 41 1 8 1
1008197347 19 0 1 0
1008197447 34 1 4 3
1008197589 40 1 7 0
1008197589 40 1 8 3
1008198139 28 0 1 1
1008198152 35 1 2 3
1008198411 37 1 2 3
1008198481 10 0 1 0
1008198623 35 1 1 0
1008199186 12 0 1 0
1008199209 39 1 3 3
1008199451 20 0 1 0
1008199689 36 1 3 3
1008199749 41 1 4 2
1008199845 41 1 5 2
1008200455 29 0 1 0
1008200783 45 1 2 1
1008200949 17 0 1 0
1008200967 34 1 5 3
1008201271 39 1 4 2
1008201581 41 1 7 2
1008201671 36 1 1 1
1008201871 39 1 2 3
1008202131 39 1 4 3
1008202155 11 0 1 0
1008202659 38 1 1 1
1008202749 39 1 5 3
1008202823 30 0 1 1
1008202905 28 0 1 0
1008203645 36 1 4 2
1008203701 34 1 4 2
1008203749 30 0 1 0
1008203783 31 0 1 0
1008204351 36 1 5 2
1008204591 36 1 3 2
1008204679 18 0 1 1
1008204735 10 0 1 1
1008205385 19 0 1 1
1008205515 37 1 2 2
1008205607 39 1 4 2
1008205701 34 1 5 2
1008206047 17 0 1 1
1008206183 41 1 3 2
1008206319 34 1 5 3
1008206549 34 1 2 2
1008206549 20 0 1 1
1008206735 11 0 1 1
1008207173 34 1 1 2
1008207217 44 1 2 1
1008207303 30 0 1 1
1008207315 39 1 5 2
1008207353 11 0 1 0
1008207389 34 1 5 2
1008207391 41 1 4 3
1008208039 39 1 1 3
1008208197 8 0 1 1
1008208349 31 0 1 1
1008208423 11 0 1 1
1008208425 45 1 2 0
1008208519 40 1 7 1
1008208543 39 1 3 2
1008208969 39 1 2 2
1008209470 35 1 4 2
1008209481 41 1 8 0
1008209481 41 1 5 3
1008209547 37 1 4 2
1008209968 35 1 4 3
1008210003 28 0 1 1
1008210049 39 1 4 3
1008210157 29 0 1 1
1008210325 41 1 6 3
1008210475 34 1 2 3
1008210504 14 0 1 1
1008210581 22 0 1 1
1008210801 41 1 3 3
1008211002 14 0 1 0
1008211277 36 1 1 0
1008211595 34 1 4 3
1008211701 30 0 1 0
1008211751 8 0 1 0
1008211785 39 1 2 3
1008211801 37 1 1 0
1008211835 44 1 2 0
1008212002 35 1 4 2
1008212475 40 1 8 2
1008212629 10 0 1 0
1008212741 37 1 3 3
1008212819 28 0 1 0
1008213007 34 1 1 3
1008213036 14 0 1 1
1008213425 39 1 5 3
1008213525 35 1 1 1
1008213809 36 1 5 3
1008214041 40 1 7 0
1008214459 31 0 1 0
1008214523 21 0 1 0
1008214749 39 1 1 2
1008214774 35 1 2 2
1008214843 19 0 1 0
1008215417 37 1 5 3
1008215545 36 1 4 3
1008215783 41 1 8 1
1008216053 39 1 1 3
1008216177 41 1 4 2
1008216309 37 1 2 3
1008216351 39 1 2 2
1008216389 36 1 2 3
1008216437 39 1 1 2
1008216449 12 0 1 1
1008216451 23 0 1 0
1008216669 40 1 8 3
1008217147 39 1 5 2
1008217211 45 1 2 1
1008217343 20 0 1 0
1008217367 18 0 1 0
1008217385 28 0 1 1
1008217385 41 1 8 0
1008217389 41 1 5 2
1008217423 16 0 1 0
1008217471 41 1 8 1
1008217703 35 1 1 0
1008218209 31 0 1 1
1008218681 39 1 3 3
1008219033 37 1 4 3
1008219139 36 1 1 1
1008219252 35 1 4 3
1008219527 34 1 5 3
1008219537 34 1 4 2
1008220173 22 0 1 0
1008220201 34 1 1 2
1008220242 38 1 2 2
1008220286 14 0 1 0
1008220511 29 0 1 0
1008220561 11 0 1 0
1008220571 10 0 1 1
1008220907 36 1 5 2
1008220955 36 1 2 2
1008221127 35 1 2 3
1008221276 24 0 1 1
1008221415 40 1 7 1
1008221757 36 1 4 2
1008221947 19 0 1 1
1008222139 39 1 2 3
1008222153 39 1 5 3
1008222161 12 0 1 0
1008222785 16 0 1 1
1008223173 28 0 1 0
1008223187 31 0 1 0
1008223629 18 0 1 1
1008223892 38 1 2 3
1008224093 34 1 5 2
1008224926 24 0 1 0
1008225127 11 0 1 1
1008225155 39 1 4 2
1008225875 39 1 5 2
1008226707 30 0 1 1
1008226909 31 0 1 1
1008226975 34 1 2 2
1008227023 37 1 5 2
1008227529 39 1 2 2
1008227721 39 1 3 2
1008228335 39 1 3 3
1008228343 34 1 2 3
1008228411 23 0 1 1
1008228467 34 1 4 3
1008228563 28 0 1 1
1008228589 8 0 1 1
1008229117 35 1 2 2
1008229187 34 1 1 3
1008229273 29 0 1 1
1008229467 8 0 1 0
1008229501 10 0 1 0
1008229615 35 1 2 3
1008229771 40 1 8 2
1008229961 35 1 2 2
1008230029 37 1 3 2
1008230091 39 1 4 3
1008230151 29 0 1 0
1008230153 39 1 1 3
1008230221 40 1 7 0
1008230255 37 1 3 3
1008230570 35 1 4 2
1008230805 35 1 1 1
1008230808 12 0 1 1
1008230842 12 0 1 0
1008230995 12 0 1 1
1008231063 21 0 1 1
1008231153 30 0 1 0
1008231187 41 1 8 0
1008231187 41 1 7 3
1008231289 21 0 1 0
1008231473 37 1 5 3
1008231604 14 0 1 1
1008232221 38 1 1 0
1008232221 38 1 3 3
1008232541 23 0 1 0
1008233255 25 0 1 0
1008233673 39 1 5 3
1008234489 40 1 8 3
1008234611 41 1 4 3
1008234707 31 0 1 0
1008234753 38 1 5 3
1008235523 35 1 1 0
1008235645 45 1 2 0
1008236191 39 1 2 3
1008236292 27 0 1 0
1008236409 34 1 4 2
1008236415 35 1 2 3
1008236421 39 1 3 2
1008236976 35 1 4 3
1008237225 28 0 1 0
1008237395 39 1 5 2
1008237443 10 0 1 1
1008237449 12 0 1 0
1008238010 14 0 1 0
1008238069 34 1 1 2
1008238069 29 0 1 1
1008238179 41 1 5 3
1008238279 34 1 5 3
1008238349 39 1 4 2
1008239103 40 1 7 1
1008239239 31 0 1 1
1008239313 11 0 1 0
1008239607 36 1 1 0
1008239913 39 1 2 2
1008240011 30 0 1 1
1008240023 39 1 1 2
1008240547 36 1 4 3
1008241057 41 1 8 1
1008241057 28 0 1 1
1008241391 36 1 5 3
1008241581 18 0 1 0
1008242467 19 0 1 0
1008242469 39 1 4 3
1008242575 40 1 8 2
1008243127 36 1 2 3
1008243349 41 1 7 2
1008243397 41 1 4 2
1008243409 39 1 3 3
1008243517 30 0 1 0
1008244161 16 0 1 0
1008244235 35 1 1 1
1008244301 39 1 2 3
1008244383 38 1 1 1
1008244431 45 1 2 1
1008244475 34 1 1 3
1008244937 40 1 5 2
1008244971 41 1 5 2
1008245191 29 0 1 0
1008245193 39 1 5 3
1008245335 28 0 1 0
1008245597 34 1 2 2
1008245691 40 1 7 0
1008245733 40 1 1 2
1008245971 32 1 1 1
1008246227 31 0 1 0
1008246599 36 1 1 1
1008246767 42 1 1 1
1008247113 34 1 5 2
1008247181 40 1 3 2
1008247197 8 0 1 1
1008248029 34 1 4 3
1008248147 11 0 1 1
1008248215 44 1 1 1
1008248271 40 1 3 3
1008248795 41 1 2 2
1008249063 10 0 1 0
1008249115 40 1 5 3
1008249305 44 1 1 0
1008249381 36 1 2 2
1008249429 36 1 4 2
1008249469 41 1 3 2
1008249829 43 1 2 1
1008250149 32 1 1 0
1008250225 36 1 4 3
1008250315 36 1 5 2
1008250415 16 0 1 1
1008250505 18 0 1 1
1008250527 34 1 2 3
1008250555 39 1 2 2
1008251013 41 1 6 2
1008251013 41 1 6 3
1008251059 44 1 2 1
1008251211 41 1 1 2
1008251355 19 0 1 1
1008251431 18 0 1 0
1008251447 39 1 5 2
1008251605 39 1 4 2
1008251643 8 0 1 0
1008251685 28 0 1 1
1008251743 40 1 1 3
1008252009 36 1 4 2
1008252245 42 1 2 1
1008252401 39 1 3 2
1008252495 31 0 1 1
1008252514 35 1 4 2
1008252684 37 1 1 1
1008252718 37 1 1 0
1008252777 42 1 1 0
1008252869 40 1 3 2
1008252901 36 1 4 3
1008253037 35 1 2 2
1008253201 18 0 1 1
1008253267 30 0 1 1
1008253548 14 0 1 1
1008253903 44 1 1 1
1008253935 18 0 1 0
1008254001 29 0 1 1
1008254181 36 1 4 2
1008254323 40 1 8 3
1008254488 12 0 1 1
1008255167 40 1 3 3
1008255286 41 1 2 3
1008255559 35 1 1 0
1008255579 18 0 1 1
1008256201 44 1 1 0
1008256320 43 1 2 0
1008256921 41 1 8 2
1008257011 34 1 1 2
1008257232 35 1 4 3
1008257509 39 1 4 3
1008257659 34 1 4 2
1008257955 39 1 1 1
1008257962 41 1 3 3
1008258055 40 1 7 1
1008258076 35 1 2 3
1008258266 14 0 1 0
1008258353 39 1 2 3
1008258449 39 1 1 3
1008258557 30 0 1 0
1008258665 36 1 4 3
1008258693 10 0 1 1
1008258719 34 1 5 3
1008258806 41 1 8 3
1008258996 44 1 2 0
1008259110 12 0 1 0
1008259293 39 1 5 3
1008259387 28 0 1 0
1008259483 41 1 8 0
1008259483 41 1 5 3
1008259698 41 1 1 3
1008259753 11 0 1 0
1008259840 39 1 1 0
1008260116 18 0 1 0
1008260327 31 0 1 0
1008260732 42 1 2 0
1008260779 40 1 8 2
1008260948 36 1 1 0
1008261219 41 1 7 3
1008261547 34 1 1 3
1008261813 35 1 1 1
1008262253 38 1 1 0
1008262581 40 1 7 0
1008262732 36 1 5 3
1008262907 41 1 4 3
1008263576 36 1 3 3
1008263766 19 0 1 0
1008263941 45 1 2 0
1008264597 39 1 3 3
1008264696 17 0 1 0
1008264703 39 1 5 2
1008265451 39 1 2 2
1008265737 31 0 1 1
1008265989 34 1 2 2
1008266187 29 0 1 0
1008266439 39 1 1 2
1008266485 28 0 1 1
1008266677 41 1 7 2
1008266849 40 1 8 3
1008267156 41 1 5 2
1008267473 41 1 8 1
1008267537 39 1 4 2
1008267541 8 0 1 1
1008267553 34 1 5 2
1008267711 38 1 1 1
1008267849 37 1 5 2
1008267915 35 1 1 0
1008267942 41 1 6 2
1008268365 41 1 4 2
1008268507 36 1 1 1
1008268550 35 1 4 2
1008268883 11 0 1 1
1008269000 37 1 1 1
1008269111 23 0 1 1
1008269151 30 0 1 1
1008269399 45 1 2 1
1008269584 14 0 1 1
1008269681 34 1 1 2
1008269736 41 1 5 3
1008270109 34 1 1 3
1008270121 41 1 6 3
1008270715 40 1 7 1
1008270770 36 1 5 2
1008270927 34 1 2 3
1008270966 36 1 3 2
1008271035 34 1 4 3
1008271121 36 1 1 0
1008271143 40 1 7 0
1008271613 39 1 3 2
1008271623 39 1 3 3
1008271662 37 1 1 0
1008271804 19 0 1 1
1008272035 8 0 1 0
1008272043 37 1 5 3
1008272069 10 0 1 0
1008272340 17 0 1 1
1008272995 39 1 4 3
1008273069 29 0 1 1
1008273103 29 0 1 0
1008273393 39 1 2 3
1008273605 23 0 1 0
1008274112 35 1 4 3
1008274393 30 0 1 0
1008274427 28 0 1 0
1008274737 36 1 2 3
1008274797 41 1 5 2
1008275074 41 1 4 3
1008275129 39 1 1 3
1008275146 14 0 1 0
1008275771 16 0 1 0
1008275781 34 1 1 2
1008275973 39 1 5 3
1008276108 45 1 2 0
1008276163 41 1 8 0
1008276163 41 1 5 3
1008276276 36 1 1 1
1008277107 31 0 1 0
1008277250 36 1 1 0
1008277385 40 1 7 1
1008277851 41 1 7 3
1008278885 38 1 1 0
1008279412 36 1 5 3
1008279568 41 1 5 2
1008279641 39 1 3 2
1008279647 39 1 2 2
1008279695 39 1 1 2
1008279955 34 1 5 3
1008280015 37 1 2 2
1008280446 19 0 1 0
1008280681 28 0 1 1
1008280729 41 1 8 1
1008280832 36 1 1 1
1008280971 40 1 8 2
1008280989 11 0 1 0
1008281021 29 0 1 1
1008281328 41 1 4 2
1008281520 20 0 1 1
1008281659 37 1 5 2
1008281869 37 1 3 2
1008282147 35 1 1 1
1008282361 41 1 7 2
1008282362 45 1 2 1
1008282375 39 1 5 2
1008282495 39 1 4 2
1008282903 21 0 1 1
1008282961 23 0 1 1
1008283277 41 1 3 2
1008283395 38 1 1 1
1008283650 36 1 4 2
1008283711 37 1 4 2
1008283809 40 1 5 2
1008283978 36 1 5 2
1008284041 34 1 4 2
1008284047 30 0 1 1
1008284096 36 1 5 3
1008284133 37 1 2 3
1008284195 31 0 1 1
1008284210 41 1 6 2
1008284311 44 1 2 1
1008284330 40 1 3 2
1008284575 34 1 1 3
1008284659 41 1 2 2
1008284684 18 0 1 1
1008284831 39 1 1 3
1008284843 32 1 1 1
1008284870 36 1 5 2
1008285003 39 1 5 3
1008285075 10 0 1 1
1008285133 22 0 1 1
1008285211 36 1 2 2
1008285273 20 0 1 0
1008285364 44 1 1 1
1008285528 19 0 1 1
1008285562 19 0 1 0
1008285577 37 1 3 3
1008285693 43 1 2 1
1008285886 37 1 5 3
1008285904 19 0 1 1
1008285920 37 1 1 1
1008285955 41 1 8 2
1008286015 40 1 7 0
1008286037 31 0 1 0
1008286037 41 1 8 0
1008286037 41 1 6 3
1008286245 16 0 1 1
1008286611 21 0 1 0
1008286676 36 1 2 3
1008286738 41 1 3 3
1008286899 36 1 2 2
1008286907 40 1 5 3
1008286965 39 1 4 3
1008286989 39 1 1 1
1008287347 37 1 4 3
1008287455 23 0 1 0
1008287520 36 1 4 3
1008287582 41 1 8 3
1008287690 37 1 1 0
1008287710 16 0 1 0
1008287809 39 1 2 3
1008287824 44 1 2 0
1008287897 34 1 5 2
1008287933 16 0 1 1
1008287941 32 1 1 0
1008288394 35 1 2 2
1008288445 30 0 1 0
1008288474 41 1 2 3
1008288639 22 0 1 0
1008288725 39 1 5 2
1008288759 39 1 1 0
1008288806 35 1 4 2
1008288843 28 0 1 0
1008288931 11 0 1 1
1008289229 39 1 3 3
1008289376 18 0 1 0
1008289428 12 0 1 1
1008289447 41 1 7 3
1008289508 43 1 2 0
1008289535 40 1 8 3
1008289759 31 0 1 1
1008289840 14 0 1 1
1008290291 41 1 4 3
1008290379 40 1 3 3
1008290481 38 1 1 0
1008290569 35 1 1 0
1008290579 29 0 1 0
1008291325 45 1 2 0
1008291413 44 1 1 0
1008291413 35 1 2 3
1008292135 39 1 1 2
1008292339 37 1 2 2
1008292447 12 0 1 0
1008292970 36 1 4 2
1008293169 41 1 8 1
1008293219 39 1 2 2
1008293373 20 0 1 1
1008293503 34 1 2 2
1008293959 34 1 1 2
1008294004 18 0 1 1
1008294253 28 0 1 1
1008294368 35 1 4 3
1008294416 36 1 4 3
1008294459 37 1 3 2
1008294763 39 1 4 2
1008294993 40 1 7 1
1008295009 34 1 4 3
1008295069 8 0 1 1
1008295113 39 1 3 2
1008295402 14 0 1 0
1008295450 18 0 1 0
1008295493 21 0 1 1
1008295557 37 1 5 2
1008295598 36 1 4 2
1008295701 41 1 7 2
1008295835 37 1 4 2
1008296043 10 0 1 0
1008296157 37 1 2 3
1008296411 30 0 1 1
1008296632 18 0 1 1
1008296735 38 1 1 1
1008296761 29 0 1 1
1008296948 36 1 4 3
1008297109 23 0 1 1
1008297401 22 0 1 1
1008297550 37 1 3 3
1008298025 20 0 1 0
1008298127 34 1 2 3
1008298394 37 1 5 3
1008298656 18 0 1 0
1008299077 41 1 4 2
1008299140 21 0 1 0
1008299213 40 1 8 2
1008299563 8 0 1 0
1008299867 23 0 1 0
1008300111 45 1 2 1
1008300247 35 1 1 1
1008300269 39 1 4 3
1008300818 41 1 7 3
1008301113 39 1 2 3
1008301239 34 1 5 3
1008301545 39 1 5 3
1008301653 30 0 1 0
1008301852 38 1 1 0
1008302147 28 0 1 0
1008302273 11 0 1 0
1008302387 37 1 4 3
1008302579 31 0 1 0
1008303535 22 0 1 0
1008303972 36 1 4 2
1008305006 18 0 1 1
1008305065 39 1 1 3
1008306099 41 1 8 0
1008306099 41 1 5 3
1008306251 35 1 2 2
1008306530 35 1 4 2
1008307285 12 0 1 1
1008307435 34 1 1 3
1008307564 14 0 1 1
1008307767 37 1 2 2
1008307873 36 1 1 0
1008307873 36 1 4 3
1008307954 41 1 4 3
1008308015 34 1 4 2
1008308211 39 1 2 2
1008308469 40 1 7 0
1008308757 39 1 2 3
1008308765 36 1 5 3
1008308969 18 0 1 0
1008308988 45 1 2 0
1008308989 20 0 1 1
1008309049 10 0 1 1
1008309055 39 1 2 2
1008309245 28 0 1 1
1008309630 37 1 3 2
1008309657 36 1 2 3
1008309791 28 0 1 0
1008309799 19 0 1 0
1008310089 28 0 1 1
1008310105 39 1 1 2
1008310331 39 1 5 2
1008310691 16 0 1 0
1008310832 21 0 1 1
1008310869 34 1 5 2
1008311139 41 1 8 1
1008311365 31 0 1 1
1008311623 37 1 4 2
1008311903 11 0 1 1
1008312105 39 1 3 3
1008312232 41 1 7 2
1008312237 37 1 2 3
1008312247 37 1 3 3
1008312302 35 1 3 2
1008312393 41 1 5 2
1008312520 41 1 4 2
1008312737 40 1 8 3
1008313167 29 0 1 0
1008313237 22 0 1 1
1008313266 38 1 1 1
1008313336 13 0 1 1
1008313340 20 0 1 0
1008313379 36 1 2 2
1008313393 36 1 4 2
1008313393 36 1 4 3
1008313460 21 0 1 0
1008313554 45 1 2 1
1008313771 35 1 1 0
1008314089 41 1 3 2
1008314206 36 1 1 1
1008314215 39 1 4 2
1008314413 16 0 1 1
1008314615 35 1 2 3
1008314624 35 1 4 3
1008315123 44 1 2 1
1008315148 18 0 1 1
1008315182 18 0 1 0
1008315459 35 1 3 3
1008315649 12 0 1 0
1008315658 14 0 1 0
1008315659 39 1 1 3
1008315767 30 0 1 1
1008315911 36 1 5 2
1008316069 36 1 4 2
1008316493 13 0 1 0
1008316551 39 1 2 3
1008316582 41 1 7 3
1008316693 41 1 8 0
1008316837 36 1 4 3
1008317006 37 1 3 2
1008317585 28 0 1 0
1008317616 38 1 1 0
1008317718 41 1 3 3
1008317789 19 0 1 1
1008317844 18 0 1 1
1008317918 36 1 4 2
1008317974 18 0 1 0
1008318040 21 0 1 1
1008318670 37 1 1 2
1008318752 44 1 2 0
1008319007 39 1 4 3
1008319301 36 1 4 3
1008319696 18 0 1 1
1008320057 39 1 5 3
1008320165 30 0 1 0
1008320534 41 1 6 1
1008320622 18 0 1 0
1008320633 34 1 1 2
1008320710 36 1 4 2
1008320719 34 1 4 3
1008320773 37 1 3 3
1008321023 37 1 4 3
1008321363 31 0 1 0
1008321753 10 0 1 0
1008321853 41 1 4 3
1008321963 37 1 1 3
1008322009 39 1 1 2
1008322176 37 1 2 2
1008322366 21 0 1 0
1008322440 18 0 1 1
1008322501 40 1 7 1
1008322651 22 0 1 0
1008322677 36 1 4 3
1008322853 39 1 2 2
1008322887 45 1 2 0
1008323043 41 1 8 1
1008323210 20 0 1 1
1008323213 41 1 6 0
1008323221 39 1 5 2
1008323887 28 0 1 1
1008323945 39 1 3 2
1008324239 34 1 5 3
1008324255 31 0 1 1
1008324306 18 0 1 0
1008325345 29 0 1 1
1008325591 39 1 4 2
1008325983 11 0 1 0
1008326212 41 1 7 2
1008326467 41 1 4 2
1008326951 41 1 2 2
1008327191 30 0 1 1
1008327246 38 1 1 1
1008327501 45 1 2 1
1008327721 41 1 5 3
1008327943 37 1 2 3
1008327985 43 1 2 1
1008328181 34 1 2 2
1008328982 36 1 1 0
1008329341 39 1 2 3
1008329359 40 1 8 2
1008329457 20 0 1 0
1008329529 34 1 5 2
1008329553 39 1 4 3
1008329577 34 1 5 3
1008329685 8 0 1 1
1008329885 36 1 3 3
1008330267 39 1 5 3
1008330373 34 1 5 2
1008330375 28 0 1 0
1008330515 35 1 1 1
1008330563 11 0 1 1
1008330611 11 0 1 0
1008330705 37 1 4 2
1008331193 41 1 2 3
1008331219 30 0 1 0
1008331235 34 1 1 3
1008331301 31 0 1 0
1008331407 11 0 1 1
1008331514 17 0 1 0
1008332003 39 1 3 3
1008332037 34 1 4 2
1008332449 22 0 1 1
1008332513 36 1 5 3
1008332735 40 1 7 0
1008332842 37 1 3 2
1008332890 43 1 2 0
1008332923 34 1 2 3
1008332929 41 1 7 3
1008333037 37 1 1 2
1008333071 10 0 1 1
1008333083 34 1 5 3
1008333167 29 0 1 0
1008333547 19 0 1 0
1008333758 37 1 3 3
1008333787 39 1 1 3
1008333823 37 1 1 3
1008333876 21 0 1 1
1008333929 37 1 1 2
1008333963 38 1 1 0
1008334083 8 0 1 0
1008334117 11 0 1 0
1008334710 41 1 6 1
1008334773 37 1 1 3
1008334792 21 0 1 0
1008334821 41 1 8 0
1008335583 37 1 2 2
1008335636 41 1 6 0
1008335670 41 1 6 1
1008336596 41 1 6 0
1008336641 20 0 1 1
1008336653 37 1 2 3
1008337687 20 0 1 0
1008337865 36 1 2 3
1008338127 39 1 2 2
1008338209 39 1 5 2
1008338259 37 1 2 2
1008338493 34 1 5 2
1008338724 36 1 3 2
1008338739 40 1 8 3
1008338899 16 0 1 0
1008339161 28 0 1 1
1008339189 37 1 2 3
1008339293 20 0 1 1
1008339527 11 0 1 1
1008339531 37 1 2 2
1008339579 31 0 1 1
1008339659 36 1 5 2
1008339773 35 1 1 0
1008339803 37 1 4 3
1008339849 17 0 1 1
1008340116 41 1 4 3
1008340156 37 1 3 2
1008340176 37 1 1 2
1008340318 20 0 1 0
1008340445 36 1 5 3
1008340565 20 0 1 1
1008340693 19 0 1 1
1008340695 37 1 1 3
1008340885 39 1 1 2
1008341067 22 0 1 0
1008341150 45 1 2 0
1008341190 21 0 1 1
1008341210 41 1 6 1
1008341479 19 0 1 0
1008341729 41 1 6 0
1008341851 37 1 3 3
1008341919 41 1 8 1
1008342319 34 1 1 2
1008342728 36 1 4 2
1008342885 21 0 1 0
1008342943 34 1 4 3
1008343353 40 1 7 1
1008343781 39 1 4 2
1008343965 36 1 4 3
1008343977 10 0 1 0
1008344295 41 1 7 2
1008344510 35 1 4 2
1008344600 18 0 1 1
1008345059 36 1 5 2
1008345329 38 1 1 1
1008345333 30 0 1 1
1008345371 37 1 2 3
1008345451 39 1 4 3
1008345526 18 0 1 0
1008345544 14 0 1 1
1008345825 35 1 2 2
1008346141 19 0 1 1
1008346343 39 1 2 3
1008346370 41 1 4 2
1008346405 20 0 1 0
1008346457 39 1 4 2
1008346601 30 0 1 0
1008346641 36 1 5 3
1008346747 36 1 5 2
1008347280 12 0 1 1
1008347283 39 1 4 3
1008347309 37 1 3 2
1008347351 36 1 5 3
1008347377 28 0 1 0
1008347404 45 1 2 1
1008347405 39 1 5 3
1008347527 30 0 1 1
1008347540 35 1 2 3
1008348048 41 1 7 3
1008348174 19 0 1 0
1008348208 19 0 1 1
1008348343 21 0 1 1
1008348385 19 0 1 0
1008348405 35 1 2 2
1008348405 30 0 1 0
1008348499 31 0 1 0
1008348574 12 0 1 0
1008349140 38 1 1 0
1008349301 40 1 3 2
1008349321 34 1 2 2
1008349439 12 0 1 1
1008350221 41 1 5 2
1008350335 44 1 1 1
1008350418 35 1 2 3
1008350813 34 1 1 3
1008350829 37 1 3 3
1008350921 8 0 1 1
1008350953 37 1 4 2
1008351436 36 1 1 1
1008351452 12 0 1 0
1008351705 34 1 5 3
1008351720 36 1 5 2
1008351817 39 1 1 3
1008351859 36 1 2 2
1008351925 21 0 1 0
1008351967 40 1 7 0
1008352457 22 0 1 1
1008352597 39 1 2 2
1008352604 35 1 4 3
1008352607 36 1 5 3
1008352739 11 0 1 0
1008352754 19 0 1 1
1008352851 41 1 8 0
1008353417 34 1 4 2
1008353504 36 1 5 2
1008353631 28 0 1 1
1008353638 14 0 1 0
1008353646 16 0 1 1
1008353722 19 0 1 0
1008354167 34 1 2 3
1008354451 10 0 1 1
1008354520 36 1 4 2
1008354648 19 0 1 1
1008355040 41 1 4 3
1008355252 41 1 7 2
1008355367 8 0 1 0
1008355615 39 1 4 2
1008356168 18 0 1 1
1008356286 38 1 1 1
1008356286 45 1 2 0
1008356601 39 1 5 2
1008357227 39 1 1 2
1008357311 30 0 1 1
1008357668 41 1 5 3
1008358115 40 1 3 3
1008358223 34 1 1 2
1008358359 31 0 1 1
1008358481 41 1 8 1
1008358914 36 1 1 0
1008358929 37 1 3 2
1008359149 44 1 1 0
1008359257 40 1 7 1
1008359327 34 1 1 3
1008359427 37 1 3 3
1008359715 37 1 2 2
1008359758 36 1 5 3
1008359869 37 1 3 2
1008359963 21 0 1 1
1008359993 37 1 3 3
1008360248 41 1 7 3
1008360271 37 1 4 3
1008360361 40 1 7 0
1008360461 21 0 1 0
1008360663 39 1 2 3
1008360698 36 1 4 3
1008360758 41 1 5 2
1008360761 37 1 3 2
1008360773 20 0 1 1
1008360792 19 0 1 0
1008360903 21 0 1 1
1008361027 21 0 1 0
1008361282 38 1 1 0
1008361487 41 1 5 3
1008361506 41 1 4 2
1008361542 36 1 3 3
1008361555 39 1 4 3
1008361697 28 0 1 0
1008361795 21 0 1 1
1008361871 22 0 1 0
1008362092 37 1 3 3
1008362227 34 1 5 2
1008362420 36 1 1 1
1008362494 18 0 1 0
1008362540 45 1 2 1
1008362542 41 1 5 2
1008362601 30 0 1 0
1008363069 17 0 1 0
1008363281 21 0 1 0
1008363298 36 1 1 0
1008363864 41 1 5 3
1008363893 34 1 1 2
1008364083 11 0 1 1
1008364229 39 1 5 3
1008364281 36 1 1 1
1008364439 37 1 2 3
1008364768 37 1 1 2
1008365023 34 1 4 3
1008365045 40 1 7 1
1008365142 41 1 5 2
1008365168 36 1 5 2
1008365207 36 1 1 0
1008365447 31 0 1 0
1008365493 36 1 5 3
1008365861 41 1 6 1
1008366029 20 0 1 0
1008366057 10 0 1 0
1008366202 19 0 1 1
1008366502 41 1 7 2
1008366527 19 0 1 0
1008366856 36 1 5 2
1008366859 41 1 3 2
1008366875 37 1 3 2
1008366977 36 1 1 1
1008367298 35 1 4 2
1008367407 37 1 1 3
1008367536 38 1 1 1
1008367749 39 1 1 3
1008367779 41 1 6 2
1008367796 36 1 5 3
1008367890 19 0 1 1
1008368107 44 1 2 1
1008368332 14 0 1 1
1008368441 41 1 6 0
1008368478 21 0 1 1
1008368543 34 1 1 3
1008368544 36 1 5 2
1008368717 37 1 2 2
1008368813 37 1 1 1
1008368954 19 0 1 0
1008369033 37 1 4 2
1008369149 41 1 8 2
1008369183 41 1 8 0
1008369578 19 0 1 1
1008369608 36 1 4 2
1008369713 36 1 4 3
1008369841 40 1 7 0
1008370083 37 1 2 3
1008370183 39 1 1 1
1008370262 20 0 1 1
1008370273 41 1 8 3
1008370293 41 1 6 3
1008370405 37 1 2 2
1008370777 22 0 1 1
1008371137 39 1 2 2
1008371236 20 0 1 0
1008371362 18 0 1 1
1008371396 18 0 1 0
1008371513 37 1 3 3
1008371717 39 1 5 2
1008371905 39 1 1 0
1008372114 20 0 1 1
1008372171 28 0 1 1
1008372199 37 1 1 0
1008372641 41 1 5 3
1008372857 41 1 2 2
1008373091 37 1 2 3
1008373247 21 0 1 0
1008373485 41 1 4 3
1008373523 31 0 1 1
1008373675 36 1 1 0
1008373704 35 1 4 3
1008373891 43 1 2 1
1008374265 34 1 1 2
1008374271 39 1 4 2
1008374519 45 1 2 0
1008374738 14 0 1 0
1008374949 20 0 1 0
1008375299 40 1 7 1
1008375611 41 1 7 3
1008375775 30 0 1 1
1008376399 36 1 2 3
1008376649 38 1 1 0
1008376773 34 1 4 2
1008376957 41 1 3 3
1008377065 39 1 1 2
1008377433 16 0 1 0
1008377491 41 1 2 3
1008377727 34 1 2 2
1008377991 44 1 2 0
1008378061 10 0 1 1
1008378087 36 1 5 3
1008378099 41 1 8 1
1008378341 34 1 5 3
1008378471 34 1 2 3
1008378525 43 1 2 0
1008379121 19 0 1 0
1008379235 39 1 2 3
1008379293 8 0 1 1
1008379375 11 0 1 0
1008379387 37 1 2 2
1008380079 39 1 5 3
1008380159 34 1 1 3
1008380219 8 0 1 0
1008380335 39 1 4 3
1008380679 28 0 1 0
1008380787 37 1 4 3
1008381193 40 1 7 0
1008381213 20 0 1 1
1008381427 41 1 4 2
1008381503 31 0 1 0
1008381646 35 1 4 2
1008381957 30 0 1 0
1008382071 22 0 1 0
1008382144 35 1 4 3
1008382461 45 1 2 1
1008382680 14 0 1 1
1008382713 41 1 7 2
1008382855 37 1 1 2
1008383011 41 1 7 3
1008383178 14 0 1 0
1008383334 35 1 4 2
1008383403 41 1 5 2
1008383511 37 1 2 3
1008383893 41 1 6 1
1008383925 38 1 1 1
1008384055 38 1 1 0
1008384112 35 1 2 2
1008384368 14 0 1 1
1008384401 41 1 7 2
1008384676 35 1 2 3
1008384710 37 1 3 2
1008384733 20 0 1 0
1008384753 34 1 2 2
1008384937 36 1 1 1
1008385037 41 1 8 2
1008385146 12 0 1 1
1008385569 34 1 1 2
1008385744 21 0 1 1
1008385837 38 1 1 1
1008385848 35 1 2 2
1008386056 12 0 1 0
1008386071 39 1 1 1
1008386375 37 1 1 3
1008386401 8 0 1 1
1008386882 12 0 1 1
1008387317 40 1 7 1
1008387528 41 1 6 0
1008387909 36 1 5 2
1008387989 36 1 3 2
1008388052 35 1 2 3
1008388187 37 1 3 3
1008388221 41 1 3 2
1008388937 39 1 1 3
1008388943 19 0 1 1
1008389086 12 0 1 0
1008389175 34 1 2 3
1008389221 21 0 1 0
1008389312 41 1 8 3
1008389324 44 1 2 1
1008389453 36 1 2 2
1008389651 17 0 1 1
1008389943 34 1 4 3
1008389971 41 1 8 0
1008390019 36 1 4 2
1008390346 39 1 1 0
1008390775 16 0 1 1
1008390847 8 0 1 0
1008391025 39 1 2 2
1008391428 35 1 4 3
1008391441 10 0 1 0
1008391659 41 1 4 3
1008391811 18 0 1 1
1008391943 37 1 4 2
1008392059 28 0 1 1
1008392185 39 1 5 2
1008392462 14 0 1 0
1008392693 45 1 2 0
1008392743 34 1 1 3
1008393583 37 1 2 2
1008393597 37 1 3 2
1008393652 22 0 1 1
1008393676 41 1 3 3
1008393777 40 1 7 0
1008393991 31 0 1 1
1008394191 41 1 5 3
1008394340 37 1 2 3
1008394475 37 1 2 2
1008394617 20 0 1 1
1008394631 21 0 1 1
1008394710 44 1 2 0
1008395225 36 1 1 0
1008395374 20 0 1 0
1008395411 39 1 4 2
1008395509 20 0 1 1
1008395999 37 1 3 3
1008396247 36 1 4 3
1008396927 39 1 1 2
1008396963 30 0 1 1
1008397033 21 0 1 0
1008397281 18 0 1 0
1008397949 36 1 3 3
1008397961 41 1 8 1
1008398591 39 1 2 3
1008398819 37 1 4 3
1008399017 17 0 1 0
1008399028 41 1 7 3
1008399486 37 1 2 3
1008399625 28 0 1 0
1008399637 36 1 5 3
1008400062 38 1 1 0
1008400438 22 0 1 0
1008400445 41 1 4 2
1008400671 19 0 1 0
1008400755 20 0 1 0
1008401219 39 1 5 3
1008401479 45 1 2 1
1008401695 39 1 4 3
1008401902 35 1 4 2
1008402373 41 1 5 2
1008402400 35 1 4 3
1008402528 36 1 2 3
1008402911 31 0 1 0
1008402936 14 0 1 1
1008403097 30 0 1 0
1008403243 41 1 2 2
1008403434 14 0 1 0
1008403562 16 0 1 0
1008403784 36 1 1 1
1008404277 43 1 2 1
1008404434 35 1 4 2
1008404932 35 1 4 3
1008405080 41 1 2 3
1008405193 37 1 2 2
1008405468 14 0 1 1
1008405966 14 0 1 0
1008406114 43 1 2 0
1008406122 35 1 4 2
1008406265 20 0 1 1
1008406756 37 1 4 2
1008406924 37 1 1 2
1008406929 34 1 1 2
1008407156 14 0 1 1
1008407605 37 1 3 2
1008407675 36 1 5 2
1008407691 37 1 1 3
1008407900 41 1 5 3
1008407925 36 1 3 2
1008407958 41 1 6 1
1008408269 39 1 2 2
1008408356 22 0 1 1
1008408461 40 1 7 1
1008408639 21 0 1 1
1008408706 41 1 7 2
1008408709 19 0 1 1
1008408831 39 1 2 3
1008408845 41 1 6 0
1008408934 36 1 1 0
1008409236 37 1 2 3
1008409303 28 0 1 1
1008409443 17 0 1 1
1008409740 38 1 1 1
1008409785 41 1 6 2
1008409957 39 1 2 2
1008410077 39 1 1 3
1008410103 34 1 4 2
1008410263 28 0 1 0
1008410307 39 1 4 2
1008410670 37 1 3 3
1008410778 41 1 5 2
1008410778 20 0 1 0
1008410991 28 0 1 1
1008411111 41 1 8 0
1008411161 10 0 1 1
1008411266 41 1 2 2
1008411271 41 1 3 2
1008411362 36 1 2 2
1008411575 37 1 1 1
1008411610 36 1 3 3
1008411704 21 0 1 0
1008411853 36 1 5 3
1008411857 39 1 5 2
1008411955 30 0 1 1
1008412051 41 1 5 3
1008412272 36 1 1 1
1008412300 43 1 2 1
1008412305 44 1 2 1
1008412367 34 1 1 3
1008412396 16 0 1 1
1008412797 39 1 5 3
1008412853 17 0 1 0
1008412895 41 1 4 3
1008413155 19 0 1 0
1008413198 36 1 1 0
1008413198 36 1 2 3
1008413251 41 1 3 3
1008413269 34 1 2 2
1008413401 40 1 7 0
1008413615 31 0 1 1
1008413929 45 1 2 0
1008414216 35 1 4 3
1008414232 16 0 1 0
1008414285 44 1 2 0
1008414541 31 0 1 0
1008414581 39 1 5 2
1008414820 8 0 1 1
1008415035 41 1 2 3
1008415095 37 1 1 2
1008415236 37 1 3 2
1008415250 14 0 1 0
1008415427 41 1 6 3
1008415481 33 1 4 2
1008415886 41 1 5 2
1008415913 41 1 7 3
1008415983 34 1 2 3
1008416063 39 1 4 3
1008416069 43 1 2 0
1008416129 41 1 6 1
1008416156 37 1 2 2
1008416197 39 1 2 3
1008416270 21 0 1 1
1008416291 31 0 1 1
1008416515 6 0 1 1
1008416530 34 1 4 3
1008416913 37 1 1 0
1008416920 36 1 1 1
1008416947 38 1 1 0
1008417021 41 1 3 2
1008417197 30 0 1 0
1008417231 28 0 1 0
1008417482 8 0 1 0
1008417717 20 0 1 1
1008417903 33 1 3 2
1008417961 33 1 2 2
1008418055 44 1 2 1
1008418201 10 0 1 0
1008418712 37 1 3 3
1008418777 39 1 5 3
1008419087 41 1 8 2
1008419149 41 1 4 2
1008419261 5 0 1 1
1008419604 37 1 2 3
1008419635 41 1 7 2
1008419703 4 0 1 1
1008419803 39 1 1 2
1008419811 31 0 1 0
1008420045 33 1 4 3
1008420179 37 1 4 3
1008420183 45 1 2 1
1008420221 36 1 5 2
1008420527 21 0 1 0
1008420669 38 1 1 1
1008420681 39 1 1 1
1008420837 41 1 8 1
1008421079 6 0 1 0
1008421188 36 1 2 2
1008421333 20 0 1 0
1008421422 37 1 1 3
1008421482 22 0 1 0
1008421655 39 1 5 2
1008422027 19 0 1 1
1008422277 41 1 6 2
1008422277 41 1 6 3
1008422777 36 1 4 2
1008423039 16 0 1 1
1008423251 41 1 6 0
1008423311 37 1 1 1
1008423343 39 1 2 2
1008423345 37 1 1 0
1008423409 33 1 2 3
1008423427 31 0 1 1
1008424301 33 1 3 3
1008424311 18 0 1 1
1008424377 28 0 1 1
1008424393 39 1 4 2
1008424945 4 0 1 0
1008425395 5 0 1 0
1008425831 41 1 7 3
1008426055 30 0 1 1
1008426865 38 1 1 0
1008427093 36 1 4 3
1008427222 35 1 4 2
1008427519 41 1 3 3
1008428127 18 0 1 0
1008428256 14 0 1 1
1008428553 44 1 2 0
1008429255 41 1 5 3
1008430044 34 1 2 2
1008430147 41 1 8 3
1008430239 39 1 4 3
1008430371 33 1 2 2
1008430587 36 1 1 0
1008430807 33 1 3 2
1008431131 39 1 2 3
1008431181 39 1 1 0
1008431189 39 1 1 3
1008431241 41 1 7 2
1008431297 30 0 1 0
1008431368 37 1 4 2
1008431437 33 1 3 3
1008431479 36 1 2 3
1008431644 8 0 1 1
1008431699 33 1 3 2
1008431875 4 0 1 1
1008432081 39 1 5 3
1008432165 28 0 1 0
1008432275 38 1 1 1
1008432325 5 0 1 1
1008432513 16 0 1 0
1008432595 37 1 3 2
1008432763 37 1 3 3
1008432824 22 0 1 1
1008432931 34 1 2 3
1008433059 41 1 8 0
1008433203 5 0 1 0
1008433239 31 0 1 0
1008433285 5 0 1 1
1008433454 34 1 2 2
1008433629 21 0 1 1
1008433797 21 0 1 0
1008433843 35 1 4 3
1008434258 8 0 1 0
1008434667 34 1 2 3
1008434877 14 0 1 0
1008435184 8 0 1 1
1008435201 36 1 2 2
1008435391 37 1 2 2
1008435511 37 1 1 2
1008435853 41 1 8 2
1008436110 8 0 1 0
1008436140 37 1 2 3
1008436235 16 0 1 1
1008436391 41 1 8 3
1008436503 41 1 4 3
1008436593 20 0 1 1
1008436789 33 1 2 3
1008436831 36 1 2 3
1008436863 37 1 3 2
1008436889 36 1 2 2
1008437317 41 1 6 1
1008437395 41 1 7 3
1008437469 39 1 1 1
1008437503 39 1 1 0
1008437519 20 0 1 0
1008437537 45 1 2 0
1008437723 36 1 5 3
1008437865 16 0 1 0
1008437897 21 0 1 1
1008437923 16 0 1 1
1008438009 4 0 1 0
1008438429 38 1 1 0
1008438757 19 0 1 0
1008438911 37 1 4 3
1008439073 39 1 2 2
1008439175 37 1 3 3
1008439377 37 1 2 2
1008439465 33 1 3 3
1008439995 33 1 4 2
1008440209 21 0 1 0
1008440273 41 1 7 2
1008440351 36 1 2 3
1008440543 28 0 1 1
1008440582 34 1 2 2
1008440598 22 0 1 0
1008440863 34 1 2 3
1008441029 6 0 1 1
1008441053 20 0 1 1
1008441059 5 0 1 0
1008441069 41 1 4 2
1008441307 38 1 1 1
1008441385 16 0 1 0
1008441651 33 1 2 2
1008442103 45 1 2 1
1008442233 39 1 5 2
1008442292 8 0 1 1
1008442326 8 0 1 0
1008442689 39 1 5 3
1008442917 33 1 3 2
1008443022 41 1 2 2
1008443251 4 0 1 1
1008443261 37 1 2 3
1008443473 35 1 4 2
1008443613 33 1 4 3
1008443991 31 0 1 1
1008444025 31 0 1 0
1008444056 43 1 2 1
1008444102 34 1 2 2
1008444215 37 1 1 3
1008444507 14 0 1 1
1008444565 5 0 1 1
1008444647 6 0 1 0
1008444775 20 0 1 0
1008444815 35 1 4 3
1008444909 39 1 5 2
1008445161 35 1 4 2
1008445714 35 1 2 2
1008445849 14 0 1 0
1008445880 8 0 1 1
1008445943 31 0 1 1
1008445983 41 1 6 0
1008446114 41 1 3 2
1008446195 14 0 1 1
1008446503 35 1 2 3
1008446585 41 1 8 2
1008446748 12 0 1 1
1008447148 44 1 2 1
1008447619 39 1 1 1
1008447883 12 0 1 0
1008448041 39 1 2 3
1008448337 33 1 3 3
1008448700 37 1 4 2
1008448755 41 1 2 3
1008448891 34 1 2 3
1008449213 37 1 2 2
1008449415 28 0 1 0
1008449599 41 1 7 3
1008449707 37 1 1 2
1008449807 5 0 1 0
1008450096 37 1 1 3
1008450204 22 0 1 1
1008450247 20 0 1 1
1008450269 43 1 2 0
1008450278 8 0 1 0
1008450965 33 1 2 3
1008451177 41 1 6 1
1008451211 41 1 6 0
1008451333 38 1 1 0
1008451553 34 1 1 2
1008451567 35 1 4 3
1008451609 39 1 5 3
1008451955 34 1 1 3
1008452397 34 1 1 2
1008452587 40 1 7 1
1008452601 14 0 1 0
1008452809 4 0 1 0
1008452911 31 0 1 0
1008452989 40 1 7 0
1008453121 37 1 3 2
1008453183 37 1 2 3
1008453215 41 1 3 3
1008453431 40 1 7 1
1008453805 39 1 2 2
1008453827 37 1 3 3
1008453906 34 1 2 2
1008454155 21 0 1 1
1008454537 36 1 5 2
1008454751 34 1 4 2
1008454769 39 1 5 2
1008454825 44 1 2 0
1008454839 28 0 1 1
1008455021 39 1 1 2
1008455057 20 0 1 0
1008455105 21 0 1 0
1008455177 39 1 1 3
1008455183 34 1 2 3
1008455568 8 0 1 1
1008456055 41 1 8 1
1008456211 41 1 8 0
1008456223 19 0 1 1
1008456479 31 0 1 1
1008456494 8 0 1 0
1008456509 10 0 1 1
1008456582 34 1 2 2
1008457017 33 1 3 2
1008457643 37 1 4 3
1008457859 34 1 2 3
1008458059 41 1 5 2
1008458190 34 1 1 3
1008458264 8 0 1 1
1008458471 41 1 8 3
1008458473 5 0 1 1
1008458513 39 1 1 2
1008458745 39 1 1 3
1008458966 22 0 1 0
1008459082 34 1 4 3
1008459133 41 1 7 2
1008459190 8 0 1 0
1008459237 36 1 1 1
1008459386 40 1 7 0
1008459505 39 1 1 0
1008459547 41 1 8 1
1008459779 41 1 8 0
1008459789 33 1 3 3
1008459977 41 1 7 3
1008460173 10 0 1 0
1008460349 39 1 2 3
1008460351 41 1 4 3
1008460417 38 1 1 1
1008461011 38 1 1 0
1008461221 5 0 1 0
1008461383 28 0 1 0
1008461421 39 1 5 3
1008461803 33 1 2 2
1008461855 45 1 2 0
1008462447 36 1 4 2
1008462675 31 0 1 0
1008462833 36 1 2 2
1008463307 4 0 1 1
1008463677 36 1 4 3
1008463853 18 0 1 1
1008463867 16 0 1 1
1008464344 37 1 4 2
1008464573 35 1 4 2
1008464683 37 1 4 3
1008464779 18 0 1 0
1008465123 36 1 4 2
1008465236 37 1 4 2
1008465607 14 0 1 1
1008465655 36 1 3 2
1008465707 33 1 3 2
1008465739 37 1 2 2
1008465789 22 0 1 1
1008465823 22 0 1 0
1008466063 40 1 3 2
1008466221 36 1 4 3
1008466347 40 1 6 2
1008466463 37 1 2 3
1008466549 18 0 1 1
1008466603 39 1 2 2
1008466631 37 1 2 2
1008466773 20 0 1 1
1008466797 22 0 1 1
1008467097 44 1 1 1
1008467221 17 0 1 1
1008467281 40 1 8 2
1008467321 5 0 1 1
1008467381 33 1 1 1
1008467427 18 0 1 0
1008467515 36 1 4 2
1008467665 40 1 4 2
1008467765 20 0 1 0
1008467799 20 0 1 1
1008467909 36 1 4 3
1008468018 40 1 8 3
1008468139 41 1 5 3
1008468265 28 0 1 1
1008468295 37 1 1 2
1008468487 37 1 1 3
1008468699 45 1 1 1
1008468792 35 1 1 1
1008468811 41 1 7 2
1008469052 35 1 1 0
1008469239 18 0 1 1
1008469269 37 1 2 3
1008469273 18 0 1 0
1008469754 40 1 4 3
1008469769 33 1 5 2
1008469862 34 1 1 2
1008469885 39 1 5 2
1008469959 37 1 3 2
1008469975 36 1 1 0
1008470025 41 1 6 1
1008470059 41 1 6 0
1008470365 20 0 1 0
1008470641 38 1 1 1
1008470819 36 1 5 3
1008470891 33 1 5 3
1008470896 40 1 7 1
1008470979 35 1 4 3
1008470993 21 0 1 1
1008470995 45 1 1 0
1008471285 36 1 2 3
1008471505 33 1 5 2
1008471527 7 0 1 1
1008471637 34 1 4 2
1008471643 31 0 1 1
1008471819 37 1 3 3
1008471853 19 0 1 0
1008472013 14 0 1 0
1008472139 41 1 4 2
1008472319 16 0 1 0
1008472438 34 1 2 2
1008472453 7 0 1 0
1008472627 33 1 5 3
1008472671 10 0 1 1
1008472853 21 0 1 0
1008472973 40 1 8 2
1008473173 45 1 2 1
1008473289 33 1 5 2
1008473379 7 0 1 1
1008473387 33 1 2 3
1008473393 40 1 5 2
1008473553 33 1 5 3
1008474007 35 1 1 1
1008474045 39 1 1 2
1008474148 8 0 1 1
1008474305 7 0 1 0
1008474387 7 0 1 1
1008474427 32 1 1 1
1008474495 37 1 4 3
1008474505 4 0 1 0
1008474663 34 1 1 3
1008475079 41 1 8 1
1008475227 41 1 7 3
1008475265 7 0 1 0
1008475385 36 1 4 2
1008475529 22 0 1 0
1008475553 36 1 4 3
1008476229 40 1 7 0
1008476261 38 1 1 0
1008476277 36 1 4 2
1008476389 35 1 4 2
1008476397 36 1 4 3
1008476585 39 1 5 3
1008476885 18 0 1 1
1008476887 35 1 4 3
1008476967 18 0 1 0
1008477121 36 1 4 2
1008477291 34 1 2 3
1008477423 14 0 1 1
1008477642 34 1 4 3
1008477881 33 1 3 3
1008477893 18 0 1 1
1008477921 14 0 1 0
1008477927 18 0 1 0
1008477935 31 0 1 0
1008477999 41 1 4 3
1008478003 36 1 3 3
1008478105 41 1 7 2
1008478369 39 1 2 3
1008478642 8 0 1 0
1008478769 41 1 3 2
1008478773 35 1 2 2
1008478805 18 0 1 1
1008478857 10 0 1 0
1008478891 41 1 7 3
1008478921 35 1 4 2
1008478955 41 1 5 2
1008479033 45 1 2 0
1008479119 17 0 1 0
1008479139 38 1 1 1
1008479233 5 0 1 0
1008479403 28 0 1 0
1008479419 35 1 4 3
1008479765 35 1 4 2
1008479803 44 1 2 1
1008479807 12 0 1 1
1008479835 41 1 2 2
1008479947 38 1 1 0
1008479955 14 0 1 1
1008480094 32 1 4 2
1008480203 37 1 2 2
1008480453 14 0 1 0
1008480593 40 1 3 3
1008480687 37 1 2 3
1008480735 37 1 1 2
1008480761 36 1 1 1
1008480799 14 0 1 1
1008480877 41 1 4 2
1008480881 43 1 2 1
1008481128 2 0 1 1
1008481423 41 1 2 3
1008481437 40 1 6 3
1008481563 39 1 5 2
1008481627 44 1 1 0
1008481757 37 1 1 3
1008481831 20 0 1 1
1008481865 20 0 1 0
1008481911 45 1 2 1
1008481939 37 1 2 2
1008482281 40 1 5 3
1008482377 36 1 5 2
1008482423 37 1 1 2
1008482437 41 1 6 1
1008482457 43 1 2 0
1008482471 33 1 1 0
1008482607 33 1 2 2
1008482699 36 1 2 2
1008483191 31 0 1 1
1008483281 37 1 3 2
1008483295 34 1 4 2
1008483315 32 1 1 0
1008483377 37 1 3 3
1008483411 19 0 1 1
1008483411 41 1 6 0
1008483683 20 0 1 1
1008483733 16 0 1 1
1008483742 34 1 4 3
1008484027 36 1 4 3
1008484125 34 1 1 2
1008484139 34 1 4 2
1008484159 4 0 1 1
1008484289 41 1 6 1
1008484314 32 1 4 3
1008484323 41 1 7 2
1008484349 21 0 1 1
1008484411 21 0 1 0
1008484461 37 1 4 2
1008484623 39 1 2 2
1008484909 40 1 8 3
1008485065 37 1 3 2
1008485133 41 1 6 2
1008485136 10 0 1 1
1008485170 10 0 1 0
1008485197 40 1 7 1
1008485219 18 0 1 0
1008485252 10 0 1 1
1008485348 2 0 1 0
1008485357 38 1 1 1
1008485657 28 0 1 1
1008485765 41 1 6 3
1008485943 35 1 1 0
1008486003 40 1 6 2
1008486003 40 1 3 2
1008486099 22 0 1 1
1008486133 21 0 1 1
1008486139 37 1 2 3
1008486171 35 1 2 3
1008486181 37 1 1 1
1008486181 37 1 1 3
1008486730 34 1 2 2
1008486791 34 1 3 2
1008486799 37 1 1 0
1008486917 41 1 6 2
1008487037 33 1 1 1
1008487037 44 1 1 1
1008487181 20 0 1 0
1008487205 12 0 1 0
1008487289 39 1 1 3
1008487296 34 1 3 3
1008487403 36 1 2 3
1008487739 40 1 5 2
1008487787 40 1 8 2
1008487891 41 1 6 0
1008487951 37 1 1 1
1008488041 9 0 1 1
1008488247 36 1 5 3
1008488248 8 0 1 1
1008488323 41 1 8 0
1008488437 16 0 1 0
1008488703 35 1 4 3
1008488735 33 1 3 2
1008488773 32 1 1 1
1008488919 9 0 1 0
1008489080 34 1 1 3
1008489285 41 1 7 3
1008489525 33 1 2 3
1008489617 35 1 1 1
1008489713 40 1 1 2
1008489737 14 0 1 0
1008489739 36 1 4 2
1008489881 19 0 1 0
1008490114 40 1 7 0
1008490301 5 0 1 1
1008490319 38 1 1 0
1008490747 42 1 1 1
1008490779 36 1 4 3
1008490857 39 1 5 3
1008490903 41 1 5 3
1008490993 4 0 1 0
1008491103 41 1 6 3
1008491125 36 1 2 2
1008491257 18 0 1 1
1008491445 41 1 3 3
1008491491 37 1 3 3
1008492103 36 1 1 0
1008492111 31 0 1 0
1008492135 18 0 1 0
1008492159 16 0 1 1
1008492427 34 1 2 3
1008492445 37 1 1 0
1008492479 44 1 2 0
1008492525 21 0 1 0
1008492538 34 1 4 3
1008492569 36 1 5 2
1008492591 41 1 4 3
1008493538 8 0 1 0
1008493591 39 1 1 2
1008493603 19 0 1 1
1008493625 45 1 2 0
1008494391 10 0 1 0
1008494425 39 1 1 3
1008494625 41 1 8 1
1008494731 36 1 2 3
1008495279 39 1 1 2
1008495459 41 1 8 0
1008495753 39 1 5 2
1008495765 16 0 1 0
1008495951 37 1 4 3
1008496310 40 1 8 3
1008496313 41 1 8 1
1008496476 32 1 4 2
1008496967 39 1 5 3
1008497101 39 1 1 3
1008497154 40 1 5 3
1008497344 35 1 1 0
1008497463 31 0 1 1
1008497510 2 0 1 1
1008497779 22 0 1 0
1008498135 41 1 8 0
1008498154 34 1 1 2
1008498188 32 1 1 0
1008498301 33 1 3 3
1008498403 31 0 1 0
1008498645 37 1 2 2
1008498757 34 1 3 2
1008498890 40 1 1 3
1008499335 5 0 1 0
1008499389 37 1 1 2
1008499503 37 1 2 3
1008499537 37 1 2 2
1008499679 20 0 1 1
1008499801 9 0 1 1
1008499911 40 1 7 1
1008499924 42 1 1 0
1008500035 36 1 5 3
1008500247 39 1 5 2
1008500398 32 1 4 3
1008500422 34 1 3 3
1008500503 41 1 6 1
1008500537 20 0 1 0
1008500571 20 0 1 1
1008500871 39 1 1 2
1008500879 33 1 2 2
1008501175 19 0 1 0
1008501191 37 1 2 3
1008501432 2 0 1 0
1008501433 34 1 3 2
1008501561 39 1 2 3
1008501571 9 0 1 0
1008501626 34 1 2 2
1008501829 36 1 2 2
1008501905 41 1 8 1
1008501913 4 0 1 1
1008501971 31 0 1 1
1008502288 34 1 3 3
1008502327 34 1 2 3
1008502389 20 0 1 0
1008502559 39 1 5 3
1008502595 28 0 1 0
1008502769 36 1 2 3
1008502863 16 0 1 1
1008503113 41 1 4 2
1008503135 41 1 7 2
1008503240 8 0 1 1
1008503293 9 0 1 1
1008503327 9 0 1 0
1008503410 34 1 2 2
1008503456 40 1 8 2
1008503517 36 1 2 2
1008503613 36 1 2 3
1008503720 41 1 3 2
1008503789 31 0 1 0
1008503803 16 0 1 0
1008503927 41 1 6 2
1008504147 45 1 2 1
1008504166 8 0 1 0
1008504169 38 1 1 1
1008504171 41 1 6 3
1008504300 40 1 5 2
1008504361 36 1 2 2
1008504443 41 1 2 2
1008504551 16 0 1 1
1008504555 41 1 5 2
1008504647 16 0 1 0
1008504754 44 1 2 1
1008504819 41 1 6 2
1008504961 37 1 1 1
1008504989 37 1 4 2
1008505049 41 1 6 3
1008505092 8 0 1 1
1008505139 37 1 2 2
1008505199 34 1 3 2
1008505205 37 1 1 0
1008505334 32 1 1 1
1008505334 35 1 1 1
1008505395 16 0 1 1
1008505477 43 1 2 1
1008505533 37 1 3 2
1008505589 37 1 3 3
1008505633 39 1 5 2
1008505663 40 1 2 2
1008505711 41 1 6 2
1008505711 41 1 6 3
1008505715 37 1 1 3
1008505725 34 1 4 2
1008505853 37 1 1 1
1008505876 34 1 3 3
1008505963 34 1 1 3
1008506036 40 1 2 3
1008506049 36 1 1 1
1008506083 37 1 1 0
1008506173 20 0 1 1
1008506567 21 0 1 1
1008506589 22 0 1 1
1008506603 41 1 6 2
1008506623 21 0 1 0
1008506737 41 1 6 3
1008506745 37 1 1 1
1008506779 37 1 1 0
1008506929 9 0 1 1
1008506963 9 0 1 0
1008507077 10 0 1 1
1008507087 33 1 4 2
1008507129 43 1 1 1
1008507163 43 1 1 0
1008507275 31 0 1 1
1008507397 36 1 5 2
1008507447 41 1 6 2
1008507481 41 1 6 0
1008507495 33 1 3 2
1008507603 40 1 7 0
1008507637 37 1 1 1
1008507771 37 1 1 0
1008508027 41 1 6 3
1008508265 37 1 2 3
1008508325 41 1 6 2
1008508369 41 1 8 2
1008508481 37 1 1 1
1008508687 34 1 2 3
1008508914 6 0 1 1
1008509145 33 1 4 3
1008509213 19 0 1 1
1008509237 41 1 5 3
1008509253 5 0 1 1
1008509299 20 0 1 0
1008509351 41 1 6 3
1008509359 37 1 1 0
1008509393 37 1 1 1
1008509403 39 1 1 1
1008509513 33 1 2 3
1008510163 41 1 3 3
1008510351 36 1 1 0
1008510382 8 0 1 0
1008510443 39 1 2 2
1008510547 4 0 1 0
1008510732 6 0 1 0
1008511075 40 1 3 3
1008511163 37 1 1 0
1008511197 44 1 2 0
1008511373 39 1 1 3
1008511477 28 0 1 1
1008511919 40 1 6 3
1008511962 34 1 4 3
1008512205 32 1 5 2
1008512407 41 1 8 0
1008512485 36 1 4 2
1008512791 41 1 8 3
1008512953 44 1 1 0
1008512953 33 1 1 0
1008512996 10 0 1 0
1008513239 3 0 1 1
1008513519 18 0 1 1
1008513823 36 1 1 2
1008514049 39 1 5 3
1008514285 39 1 1 0
1008514451 40 1 5 3
1008514575 41 1 4 3
1008514747 36 1 1 3
1008514927 36 1 5 3
1008514953 41 1 5 1
1008515161 36 1 4 3
1008515303 31 0 1 0
1008515419 41 1 7 3
1008515485 32 1 1 0
1008515609 45 1 2 0
1008515771 36 1 2 3
1008515927 41 1 5 0
1008515961 19 0 1 0
1008516195 18 0 1 0
1008516765 38 1 1 0
1008516805 16 0 1 0
1008516901 35 1 4 2
1008517173 32 1 5 3
1008517935 14 0 1 1
1008518031 34 1 1 2
1008518207 3 0 1 0
1008518221 40 1 6 2
1008518251 37 1 4 3
1008518484 34 1 2 2
1008518531 34 1 3 2
1008518891 41 1 2 3
1008518945 39 1 5 2
1008519065 40 1 7 1
1008519084 34 1 3 3
1008519117 35 1 2 2
1008519255 33 1 1 1
1008519401 39 1 5 3
1008519541 36 1 5 2
1008519641 33 1 3 3
1008519861 40 1 5 2
1008519861 40 1 3 2
1008519925 43 1 2 0
1008520036 8 0 1 1
1008520070 22 0 1 0
1008520151 12 0 1 1
1008520233 9 0 1 1
1008520315 34 1 3 2
1008520315 9 0 1 0
1008520459 40 1 2 2
1008520571 36 1 4 2
1008520575 19 0 1 1
1008520703 31 0 1 1
1008520737 31 0 1 0
1008520831 33 1 2 2
1008520895 32 1 1 1
1008520895 44 1 1 1
1008520940 34 1 4 2
1008521316 5 0 1 0
1008521493 43 1 1 1
1008521499 36 1 4 3
1008521865 4 0 1 1
1008522133 9 0 1 1
1008522189 39 1 1 2
1008522193 10 0 1 1
1008522259 36 1 4 2
1008522263 18 0 1 1
1008522556 34 1 3 3
1008522985 36 1 1 2
1008522999 34 1 1 3
1008523175 18 0 1 0
1008523187 36 1 1 3
1008523223 41 1 8 1
1008523357 39 1 5 2
1008523891 34 1 2 3
1008523999 9 0 1 0
1008524033 40 1 7 0
1008524033 40 1 5 3
1008524101 18 0 1 1
1008524511 41 1 5 2
1008524567 36 1 5 3
1008524593 41 1 5 1
1008524627 41 1 5 0
1008524753 39 1 5 3
1008524875 36 1 4 3
1008525093 39 1 5 2
1008525163 31 0 1 1
1008525201 41 1 8 2
1008525326 8 0 1 0
1008525579 36 1 1 1
1008525619 40 1 4 2
1008525687 19 0 1 0
1008525839 35 1 4 3
1008525863 32 1 1 0
1008525865 40 1 4 3
1008526089 31 0 1 0
1008526115 37 1 2 2
1008526171 31 0 1 1
1008526235 39 1 1 1
1008526253 41 1 7 2
1008526254 37 1 2 3
1008526472 41 1 4 2
1008526579 18 0 1 0
1008526683 35 1 2 3
1008526709 40 1 2 3
1008526873 14 0 1 0
1008527123 37 1 1 2
1008527287 38 1 1 1
1008527290 45 1 1 1
1008527324 45 1 1 0
1008527399 20 0 1 1
1008527429 39 1 2 3
1008527488 37 1 1 3
1008527506 45 1 2 1
1008527529 20 0 1 0
1008527553 40 1 8 3
1008527743 43 1 1 0
1008527894 34 1 4 3
1008527967 37 1 1 2
1008528124 37 1 4 2
1008528291 41 1 6 1
1008528437 36 1 4 2
1008528463 28 0 1 0
1008528551 12 0 1 0
1008528587 35 1 1 0
1008528849 37 1 3 2
1008528928 10 0 1 0
1008529109 37 1 1 3
1008529135 41 1 6 2
1008529169 41 1 6 0
1008529203 41 1 6 1
1008529669 36 1 2 2
1008529787 41 1 6 3
1008529883 21 0 1 1
1008529916 22 0 1 1
1008530047 41 1 6 2
1008530085 18 0 1 1
1008530116 37 1 3 3
1008530169 37 1 1 1
1008530310 33 1 3 2
1008530575 37 1 2 2
1008530585 37 1 3 2
1008530703 16 0 1 1
1008530727 41 1 6 3
1008530787 36 1 1 2
1008530973 41 1 6 0
1008531051 36 1 5 2
1008531056 37 1 3 3
1008531095 37 1 1 0
1008531129 37 1 1 1
1008531150 21 0 1 0
1008531344 5 0 1 1
1008531457 33 1 2 3
1008531619 21 0 1 1
1008531619 41 1 7 3
1008531761 37 1 1 0
1008531821 41 1 5 1
1008531927 20 0 1 1
1008532035 37 1 2 3
1008532391 19 0 1 1
1008532567 36 1 1 3
1008532653 38 1 1 0
1008532661 41 1 5 3
1008532891 21 0 1 0
1008532929 4 0 1 0
1008533463 36 1 1 2
1008533505 41 1 8 3
1008533601 41 1 5 0
1008533695 36 1 1 0
1008533793 20 0 1 0
1008533855 40 1 8 2
1008533927 41 1 3 2
1008534397 41 1 4 3
1008534497 41 1 5 1
1008534539 39 1 1 0
1008534555 40 1 5 2
1008534889 35 1 1 1
1008534961 44 1 2 1
1008535195 36 1 4 3
1008535431 45 1 2 0
1008535589 32 1 1 1
1008536039 36 1 1 3
1008536104 34 1 2 2
1008536185 41 1 7 2
1008536281 18 0 1 0
1008536312 37 1 4 3
1008536383 41 1 5 2
1008536555 41 1 6 2
1008536561 34 1 3 2
1008536608 34 1 3 3
1008536933 40 1 6 3
1008537059 39 1 2 2
1008537089 34 1 1 2
1008537107 41 1 5 3
1008537135 40 1 5 3
1008537219 38 1 1 1
1008537241 39 1 1 3
1008537275 41 1 5 2
1008537297 36 1 5 3
1008537405 41 1 5 0
1008537405 41 1 6 3
1008537417 36 1 1 1
1008537500 34 1 1 3
1008537546 22 0 1 0
1008537608 8 0 1 1
1008537727 36 1 2 3
1008537777 40 1 3 3
1008537933 34 1 1 2
1008537967 33 1 1 0
1008538093 28 0 1 1
1008538107 37 1 1 1
1008538141 36 1 1 0
1008538169 32 1 1 0
1008538275 41 1 8 0
1008538305 9 0 1 1
1008538309 36 1 1 1
1008538331 19 0 1 0
1008538339 41 1 6 2
1008538339 9 0 1 0
1008538345 34 1 3 2
1008538392 34 1 3 3
1008538665 41 1 4 2
1008538750 40 1 7 1
1008538761 16 0 1 0
1008538784 40 1 7 0
1008538811 44 1 1 0
1008538967 40 1 7 1
1008539025 39 1 5 3
1008539129 37 1 1 0
1008539452 34 1 4 2
1008539699 45 1 2 1
1008540007 37 1 1 1
1008540081 34 1 3 2
1008540109 9 0 1 1
1008540143 9 0 1 0
1008540279 31 0 1 0
1008540486 10 0 1 1
1008540703 40 1 6 2
1008540791 41 1 3 3
1008540855 41 1 5 3
1008541019 36 1 5 2
1008541020 34 1 3 3
1008541165 9 0 1 1
1008541499 40 1 3 2
1008541549 36 1 4 2
1008541585 33 1 3 3
1008541597 37 1 3 2
1008541802 37 1 3 3
1008541825 44 1 2 0
1008541847 37 1 2 2
1008541947 41 1 6 3
1008541949 33 1 1 1
1008542053 19 0 1 1
1008542055 36 1 1 0
1008542080 37 1 4 2
1008542489 37 1 3 2
1008542533 44 1 1 1
1008542631 21 0 1 1
1008542635 37 1 1 2
1008542657 41 1 7 3
1008542873 21 0 1 0
1008542887 9 0 1 0
1008542923 34 1 2 3
1008543065 35 1 4 2
1008543309 35 1 2 2
1008543375 18 0 1 1
1008543452 5 0 1 0
1008543463 37 1 1 3
1008543523 21 0 1 1
1008543563 35 1 2 3
1008543619 20 0 1 1
1008543657 37 1 1 0
1008543669 41 1 6 1
1008543680 22 0 1 1
1008543691 38 1 1 0
1008544071 33 1 2 2
1008544099 14 0 1 1
1008544233 40 1 5 2
1008544343 12 0 1 1
1008544497 41 1 6 0
1008544512 37 1 2 3
1008544597 12 0 1 0
1008544634 8 0 1 0
1008544997 35 1 2 2
1008545105 4 0 1 1
1008545231 39 1 1 2
1008545418 34 1 4 3
1008545551 34 1 1 3
1008545647 32 1 1 1
1008546031 12 0 1 1
1008546185 20 0 1 0
1008546265 41 1 8 1
1008546285 37 1 3 3
1008546452 10 0 1 0
1008546515 36 1 5 3
1008546585 40 1 7 0
1008547059 36 1 4 3
1008547319 21 0 1 0
1008547573 19 0 1 0
1008548093 18 0 1 0
1008548165 37 1 4 3
1008549017 35 1 3 2
1008549849 41 1 4 3
1008549862 22 0 1 0
1008550051 13 0 1 1
1008550883 45 1 2 0
1008551045 40 1 3 3
1008551057 39 1 5 2
1008551159 35 1 4 3
1008552079 44 1 1 0
1008552193 14 0 1 0
1008552446 33 1 3 2
1008552815 31 0 1 1
1008553297 39 1 2 3
1008553673 40 1 5 3
1008553691 35 1 2 3
1008554142 5 0 1 1
1008554245 33 1 2 3
1008554331 28 0 1 0
1008554613 40 1 8 3
1008554707 32 1 1 0
1008554725 12 0 1 0
1008555279 4 0 1 0
1008555288 37 1 4 2
1008555611 40 1 3 2
1008555647 35 1 1 0
1008555647 35 1 3 3
1008556408 41 1 4 2
1008556457 34 1 1 2
1008556645 44 1 1 1
1008556681 13 0 1 0
1008556696 22 0 1 1
1008556780 37 1 4 3
1008557072 37 1 4 2
1008557442 45 1 2 1
1008557821 36 1 4 2
1008558088 34 1 2 2
1008558171 40 1 7 1
1008558193 36 1 5 2
1008558223 36 1 4 3
1008558562 22 0 1 0
1008558596 22 0 1 1
1008558712 34 1 4 2
1008558713 36 1 4 2
1008558891 18 0 1 1
1008559067 36 1 4 3
1008559459 19 0 1 1
1008559484 34 1 4 3
1008559541 39 1 1 3
1008559592 8 0 1 1
1008559593 36 1 1 2
1008559605 36 1 4 2
1008559746 10 0 1 1
1008559769 18 0 1 0
1008559803 18 0 1 1
1008559931 41 1 7 2
1008560361 41 1 7 3
1008560400 34 1 4 2
1008560575 41 1 8 0
1008560575 41 1 4 3
1008560681 18 0 1 0
1008560737 41 1 5 1
1008560755 36 1 1 3
1008560763 18 0 1 1
1008560801 34 1 3 2
1008560847 10 0 1 0
1008560965 38 1 1 1
1008561395 38 1 1 0
1008561434 10 0 1 1
1008561599 36 1 5 3
1008561609 45 1 2 0
1008561629 41 1 5 2
1008561667 41 1 7 2
1008561737 34 1 5 2
1008562465 41 1 6 2
1008562507 40 1 5 2
1008562545 9 0 1 1
1008562555 41 1 5 0
1008562585 40 1 2 2
1008562633 19 0 1 0
1008562663 36 1 1 1
1008562701 38 1 1 1
1008562771 11 0 1 1
1008562927 39 1 2 2
1008562976 37 1 4 3
1008563287 36 1 4 3
1008563399 41 1 6 3
1008563495 40 1 8 2
1008563541 32 1 1 1
1008563600 41 1 6 2
1008563619 43 1 1 1
1008563961 28 0 1 1
1008563971 37 1 2 2
1008564023 37 1 1 1
1008564107 39 1 1 2
1008564269 34 1 2 3
1008564297 41 1 4 2
1008564461 18 0 1 0
1008564529 35 1 1 1
1008564682 22 0 1 0
1008564712 37 1 2 3
1008564767 33 1 2 2
1008564867 37 1 1 2
1008564893 39 1 1 3
1008564901 37 1 1 0
1008564935 37 1 1 1
1008565141 41 1 8 1
1008565161 34 1 1 3
1008565217 33 1 3 3
1008565331 45 1 2 1
1008565604 37 1 1 3
1008565774 8 0 1 0
1008565779 37 1 1 2
1008565795 37 1 1 3
1008565869 20 0 1 1
1008565901 41 1 6 1
1008565927 41 1 8 0
1008565951 20 0 1 0
1008566135 36 1 1 2
1008566195 40 1 7 0
1008566377 4 0 1 1
1008566647 37 1 2 2
1008566654 34 1 4 3
1008566827 41 1 6 0
1008566871 41 1 7 3
1008566884 5 0 1 0
1008566909 41 1 6 1
1008566943 41 1 6 0
1008566961 36 1 2 2
1008567057 36 1 5 2
1008567087 40 1 4 2
1008567149 36 1 4 2
1008567159 41 1 6 3
1008567169 41 1 5 1
1008567367 37 1 3 2
1008567384 37 1 4 2
1008567515 37 1 1 2
1008567546 34 1 3 3
1008567603 36 1 1 3
1008567663 41 1 5 3
1008567688 10 0 1 0
1008567721 20 0 1 1
1008567905 38 1 1 0
1008567995 16 0 1 1
1008568121 45 1 1 1
1008568128 37 1 1 3
1008568401 21 0 1 1
1008568461 39 1 5 3
1008568549 41 1 6 1
1008568637 41 1 5 0
1008568749 37 1 1 0
1008568839 19 0 1 1
1008568871 9 0 1 0
1008569001 18 0 1 1
1008569037 36 1 1 0
1008569080 22 0 1 1
1008569162 41 1 6 0
1008569715 31 0 1 0
1008570006 41 1 4 3
1008570351 39 1 1 2
1008570481 36 1 1 2
1008570908 37 1 4 3
1008570979 36 1 1 3
1008571040 45 1 2 0
1008571181 37 1 3 3
1008571385 41 1 8 1
1008571499 40 1 6 3
1008571727 32 1 5 2
1008571807 41 1 5 1
1008572533 33 1 1 0
1008572586 22 0 1 0
1008572692 37 1 2 3
1008572761 3 0 1 1
1008572781 41 1 5 0
1008572884 21 0 1 0
1008573527 36 1 4 3
1008573951 20 0 1 0
1008574079 40 1 5 3
1008574371 36 1 2 3
1008574561 18 0 1 0
1008575113 32 1 1 0
1008575349 36 1 5 3
1008575405 16 0 1 0
1008575416 41 1 4 2
1008575440 34 1 4 2
1008575815 40 1 2 3
1008575878 33 1 3 2
1008576322 34 1 5 3
1008576383 19 0 1 0
1008576450 45 1 2 1
1008576501 41 1 7 2
1008576659 40 1 3 3
1008576801 32 1 5 3
1008576815 34 1 1 2
1008576849 43 1 1 0
1008576959 34 1 3 2
1008577033 33 1 2 3
1008577046 41 1 7 3
1008577053 10 0 1 1
1008577356 11 0 1 0
1008577535 38 1 1 1
1008577574 5 0 1 1
1008577835 3 0 1 0
1008577849 40 1 7 1
1008577998 37 1 4 2
1008578067 4 0 1 0
1008578080 38 1 1 0
1008578189 41 1 7 2
1008578336 34 1 2 2
1008578429 9 0 1 1
1008578490 44 1 1 0
1008578929 41 1 5 2
1008579165 39 1 2 3
1008579660 22 0 1 1
1008579826 38 1 1 1
1008579936 8 0 1 1
1008580525 28 0 1 0
1008580663 36 1 1 1
1008581489 41 1 3 2
1008581613 36 1 4 2
1008581765 35 1 2 2
1008582022 40 1 3 2
1008582063 36 1 4 3
1008582181 39 1 5 2
1008582351 36 1 1 2
1008582457 36 1 4 2
1008582523 44 1 2 1
1008582685 18 0 1 1
1008582960 12 0 1 1
1008583362 41 1 6 2
1008583385 41 1 5 1
1008583387 36 1 5 2
1008583468 34 1 5 2
1008583611 18 0 1 0
1008583625 34 1 2 3
1008583693 18 0 1 1
1008583751 36 1 1 3
1008583842 44 1 1 1
1008583987 31 0 1 1
1008584063 36 1 3 2
1008584146 37 1 1 2
1008584226 34 1 1 3
1008584502 11 0 1 1
1008584785 41 1 5 0
1008584915 39 1 2 2
1008585024 37 1 1 1
1008585070 34 1 3 3
1008585083 19 0 1 1
1008585226 8 0 1 0
1008585228 41 1 6 1
1008585260 40 1 7 0
1008585629 17 0 1 1
1008585629 41 1 7 3
1008585737 36 1 2 2
1008585949 28 0 1 1
1008585962 34 1 4 3
1008586395 9 0 1 0
1008586473 41 1 6 3
1008586663 33 1 2 2
1008586663 38 1 1 0
1008586771 16 0 1 1
1008586894 37 1 3 2
1008586948 40 1 4 3
1008586981 40 1 3 3
1008586996 10 0 1 0
1008587057 36 1 2 3
1008587309 37 1 2 2
1008587473 36 1 2 2
1008587507 37 1 1 0
1008587697 4 0 1 1
1008587938 21 0 1 1
1008587952 37 1 4 3
1008587982 45 1 1 0
1008588015 44 1 1 0
1008588091 16 0 1 0
1008588343 20 0 1 1
1008588507 16 0 1 1
1008588849 33 1 3 3
1008589062 37 1 3 3
1008589122 22 0 1 0
1008589693 36 1 2 3
1008589869 39 1 1 3
1008590096 21 0 1 0
1008590364 5 0 1 0
1008590727 16 0 1 0
1008590750 37 1 2 3
1008590903 41 1 8 0
1008590903 41 1 3 3
1008591114 35 1 4 2
1008591612 35 1 4 3
1008591747 41 1 5 3
1008591784 20 0 1 0
1008591931 41 1 7 2
1008591937 44 1 2 0
1008592148 14 0 1 1
1008592204 40 1 8 3
1008592225 36 1 4 3
1008592534 37 1 1 3
1008592571 36 1 2 2
1008592591 41 1 4 3
1008592646 14 0 1 0
1008592781 36 1 1 0
1008592781 36 1 3 3
1008592802 35 1 4 2
1008592965 38 1 1 1
1008593238 35 1 1 0
1008593238 35 1 2 3
1008593259 18 0 1 0
1008593511 36 1 2 3
1008593568 41 1 6 0
1008593605 16 0 1 1
1008593625 45 1 2 0
1008593836 14 0 1 1
1008594103 17 0 1 0
1008594144 35 1 4 3
1008594517 36 1 5 3
1008594545 16 0 1 0
1008594680 12 0 1 0
1008595103 36 1 2 2
1008595178 14 0 1 0
1008595469 41 1 5 2
1008595551 19 0 1 0
1008595565 41 1 3 2
1008595683 36 1 2 3
1008595967 41 1 5 3
1008596137 16 0 1 1
1008596196 41 1 3 3
1008596457 41 1 3 2
1008596599 44 1 2 1
1008596717 16 0 1 0
1008596833 36 1 1 1
1008597210 37 1 4 2
1008597230 44 1 2 0
1008597289 33 1 2 3
1008597491 44 1 2 1
1008597655 41 1 7 3
1008597759 36 1 1 0
1008598323 4 0 1 0
1008598789 39 1 5 3
1008598824 22 0 1 1
1008598836 37 1 2 2
1008598958 34 1 5 3
1008599035 38 1 1 0
1008599160 34 1 4 2
1008599499 39 1 1 2
1008599927 36 1 5 2
1008599992 11 0 1 0
1008600043 31 0 1 0
1008600206 20 0 1 1
1008600263 36 1 4 2
1008600290 10 0 1 1
1008600452 37 1 2 3
1008600533 41 1 8 1
1008600944 34 1 1 2
1008600961 19 0 1 1
1008601283 34 1 3 2
1008601976 20 0 1 0
1008601978 40 1 7 1
1008602127 18 0 1 1
1008602317 9 0 1 1
1008603249 39 1 2 3
1008603391 41 1 4 2
1008603818 33 1 3 2
1008604283 28 0 1 0
1008604425 45 1 2 1
1008604774 41 1 2 2
1008604847 36 1 5 3
1008604907 41 1 5 2
1008605226 5 0 1 1
1008605808 43 1 2 1
1008605991 41 1 7 2
1008606395 19 0 1 0
1008606574 41 1 7 3
1008606682 36 1 1 1
1008606684 37 1 4 3
1008607015 33 1 2 2
1008607053 38 1 1 1
1008607092 41 1 3 3
1008607354 37 1 2 2
1008607608 38 1 1 0
1008607744 34 1 5 2
1008608049 4 0 1 1
1008608261 33 1 3 3
1008608360 37 1 3 2
1008608382 22 0 1 0
1008608390 44 1 2 0
1008608502 20 0 1 1
1008608564 37 1 3 3
1008608778 11 0 1 1
1008609394 21 0 1 1
1008609576 5 0 1 0
1008609598 21 0 1 0
1008609876 37 1 2 3
1008609978 34 1 1 3
1008609982 37 1 2 2
1008610296 41 1 7 2
1008610822 34 1 3 3
1008610833 36 1 5 2
1008610938 41 1 7 3
1008611188 41 1 7 2
1008611212 20 0 1 0
1008611239 39 1 2 2
1008611246 20 0 1 1
1008611317 36 1 2 2
1008611330 38 1 1 1
1008611372 40 1 7 0
1008611665 39 1 5 2
1008611666 34 1 4 3
1008611856 9 0 1 0
1008611867 19 0 1 1
1008611890 36 1 1 2
1008611972 38 1 1 0
1008612007 36 1 4 3
1008612222 38 1 1 1
1008612273 28 0 1 1
1008612351 16 0 1 1
1008612387 36 1 1 3
1008612626 41 1 7 3
1008612638 37 1 2 3
1008612700 10 0 1 0
1008612924 41 1 5 1
1008613048 41 1 2 3
1008613061 39 1 1 3
1008613115 36 1 3 2
1008613387 18 0 1 0
1008613421 41 1 5 0
1008613423 31 0 1 1
1008613520 37 1 3 2
1008613626 36 1 1 2
1008613660 38 1 1 0
1008613908 20 0 1 0
1008614082 43 1 2 0
1008614095 41 1 8 0
1008614169 33 1 2 3
1008614554 21 0 1 1
1008614573 36 1 2 3
1008614660 41 1 5 1
1008614729 17 0 1 1
1008614939 41 1 4 3
1008615015 36 1 1 3
1008615203 4 0 1 0
1008615314 36 1 1 2
1008615400 37 1 3 3
1008615607 16 0 1 0
1008615907 36 1 1 3
1008615973 45 1 2 0
1008616049 41 1 5 0
1008616158 36 1 1 2
1008616375 41 1 5 1
1008616434 21 0 1 0
1008616520 41 1 5 3
1008616644 37 1 2 2
1008616847 36 1 1 3
1008616941 41 1 5 0
1008617002 37 1 2 3
1008617192 41 1 5 1
1008617758 20 0 1 1
1008617881 41 1 5 0
1008617975 36 1 1 0
1008618636 20 0 1 0
1008618819 36 1 1 2
1008619160 37 1 4 2
1008619705 36 1 4 2
1008619835 36 1 3 3
1008619895 41 1 5 1
1008620563 36 1 1 3
1008620616 41 1 7 2
1008620616 22 0 1 1
1008620739 18 0 1 1
1008620761 36 1 5 3
1008621086 35 1 4 2
1008621089 39 1 5 3
1008621152 35 1 4 3
1008621267 33 1 2 2
1008621563 17 0 1 0
1008621702 37 1 3 2
1008621761 41 1 5 0
1008621846 38 1 1 1
1008621861 19 0 1 0
1008621930 35 1 4 2
1008622037 41 1 4 2
1008622301 4 0 1 1
1008622332 34 1 3 2
1008622338 14 0 1 1
1008622343 31 0 1 0
1008622372 14 0 1 0
1008622691 39 1 1 2
1008622736 21 0 1 1
1008622964 14 0 1 1
1008623071 45 1 2 1
1008623128 34 1 4 2
1008623224 34 1 3 3
1008623366 9 0 1 1
1008623535 39 1 1 3
1008623725 41 1 8 1
1008623932 37 1 3 3
1008624162 10 0 1 1
1008624282 37 1 3 2
1008624314 35 1 2 2
1008624379 39 1 1 2
1008624528 35 1 2 3
1008624569 41 1 8 0
1008624762 9 0 1 0
1008625018 38 1 5 2
1008625348 12 0 1 1
1008625402 21 0 1 0
1008625413 41 1 8 1
1008625416 37 1 3 3
1008625484 21 0 1 1
1008625562 12 0 1 0
1008626216 35 1 4 3
1008626380 41 1 7 3
1008626450 21 0 1 0
1008626492 27 0 1 1
1008626942 35 1 2 2
1008627060 35 1 2 3
1008627143 38 1 3 2
1008627146 34 1 5 3
1008627248 37 1 4 3
1008627250 14 0 1 0
1008627333 39 1 2 3
1008627450 34 1 3 2
1008627673 33 1 2 3
1008627769 39 1 5 2
1008627976 12 0 1 1
1008628014 38 1 1 0
1008628094 12 0 1 0
1008628367 28 0 1 0
1008628484 9 0 1 1
1008628486 22 0 1 0
1008628707 4 0 1 0
1008628709 25 0 1 1
1008628741 36 1 4 3
1008628819 11 0 1 0
1008629522 35 1 2 2
1008629527 31 0 1 1
1008629592 35 1 2 3
1008629696 41 1 3 2
1008629741 41 1 5 2
1008630009 39 1 5 3
1008630349 18 0 1 0
1008630556 12 0 1 1
1008630626 12 0 1 0
1008630730 44 1 2 1
1008630775 36 1 1 1
1008631258 35 1 2 2
1008631337 39 1 5 2
1008631359 31 0 1 0
1008631674 35 1 4 2
1008632292 12 0 1 1
1008632330 38 1 3 3
1008632351 36 1 5 2
1008632371 31 0 1 1
1008632450 34 1 3 3
1008632982 37 1 2 2
1008633174 38 1 5 3
1008633285 35 1 1 2
1008633427 14 0 1 1
1008633550 37 1 3 2
1008633612 41 1 4 3
1008633725 19 0 1 1
1008633743 41 1 5 3
1008633927 33 1 2 2
1008633999 25 0 1 0
1008634032 36 1 1 2
1008634244 9 0 1 0
1008634256 35 1 3 2
1008634425 33 1 2 3
1008634534 20 0 1 1
1008634771 33 1 2 2
1008634824 40 1 8 1
1008634891 45 1 2 0
1008634932 27 0 1 0
1008634958 36 1 1 0
1008634961 4 0 1 1
1008635027 36 1 1 3
1008635054 41 1 2 2
1008635066 41 1 5 1
1008635078 34 1 4 3
1008635269 33 1 2 3
1008635323 39 1 2 2
1008635406 21 0 1 1
1008635456 37 1 1 2
1008635459 4 0 1 0
1008635663 33 1 2 2
1008635716 13 0 1 1
1008635792 37 1 5 2
1008635805 4 0 1 1
1008635826 37 1 5 3
1008635862 41 1 7 2
1008636088 43 1 2 1
1008636102 34 1 3 2
1008636112 10 0 1 0
1008636240 41 1 3 3
1008636303 4 0 1 0
1008636357 28 0 1 1
1008636396 33 1 3 2
1008636406 37 1 3 3
1008636802 41 1 5 2
1008636826 41 1 6 1
1008636836 41 1 5 0
1008636862 34 1 3 3
1008636896 38 1 1 1
1008636921 34 1 5 2
1008636946 34 1 3 2
1008636957 33 1 3 3
1008637136 9 0 1 1
1008637154 23 0 1 1
1008637188 23 0 1 0
1008637229 4 0 1 1
1008637250 37 1 2 3
1008637274 44 1 2 0
1008637353 36 1 4 2
1008637620 36 1 5 3
1008637670 41 1 6 2
1008637836 36 1 1 1
1008637956 34 1 4 2
1008638010 5 0 1 1
1008638032 35 1 1 3
1008638092 5 0 1 0
1008638180 33 1 3 2
1008638274 21 0 1 0
1008638372 37 1 4 2
1008638423 41 1 4 2
1008638512 9 0 1 0
1008638545 18 0 1 1
1008638546 9 0 1 1
1008638562 20 0 1 0
1008638569 11 0 1 1
1008638646 34 1 4 3
1008638664 38 1 3 2
1008638704 37 1 1 1
1008638876 35 1 2 3
1008638929 39 1 1 3
1008639029 19 0 1 0
1008639066 40 1 8 0
1008639118 41 1 3 2
1008639489 33 1 3 3
1008639558 45 1 2 1
1008639644 34 1 4 2
1008639698 25 0 1 1
1008639708 37 1 1 3
1008639716 10 0 1 1
1008639720 35 1 4 3
1008639750 10 0 1 0
1008639862 5 0 1 1
1008639910 12 0 1 0
1008639963 41 1 8 0
1008639964 33 1 3 2
1008639972 22 0 1 1
1008640152 44 1 2 1
1008640333 33 1 3 3
1008640430 34 1 4 3
1008640488 34 1 4 2
1008640678 10 0 1 1
1008640742 41 1 6 0
1008640754 14 0 1 0
1008640788 5 0 1 0
1008641152 41 1 7 3
1008641419 36 1 2 2
1008641634 41 1 5 3
1008641668 38 1 5 2
1008641714 5 0 1 1
1008641717 36 1 5 2
1008641748 5 0 1 0
1008642030 41 1 6 3
1008642186 38 1 1 0
1008642248 10 0 1 0
1008642282 10 0 1 1
1008642453 16 0 1 1
1008642495 41 1 4 3
1008643030 36 1 1 0
1008643034 37 1 2 2
1008643154 34 1 4 3
1008643345 19 0 1 1
1008643468 27 0 1 1
1008643512 37 1 1 0
1008643811 45 1 2 0
1008643820 37 1 5 2
1008644068 20 0 1 1
1008644132 37 1 5 3
1008644188 10 0 1 0
1008644281 39 1 5 3
1008644553 33 1 2 3
1008644938 34 1 3 3
1008645250 23 0 1 1
1008645284 23 0 1 0
1008645535 31 0 1 0
1008645587 4 0 1 0
1008645871 41 1 3 3
1008645972 9 0 1 0
1008646074 37 1 3 2
1008646140 37 1 3 3
1008646646 36 1 2 3
1008646905 44 1 2 0
1008646918 37 1 3 2
1008646984 37 1 4 3
1008647008 37 1 2 3
1008647015 36 1 4 3
1008647108 21 0 1 1
1008647174 21 0 1 0
1008647346 38 1 3 3
1008647816 41 1 2 3
1008647876 37 1 3 3
1008647952 21 0 1 1
1008648190 38 1 5 3
1008648334 36 1 5 3
1008648457 18 0 1 0
1008648476 16 0 1 0
1008648638 22 0 1 0
1008648650 35 1 4 2
1008648844 20 0 1 0
1008649004 35 1 4 3
1008649054 21 0 1 0
1008649061 25 0 1 0
1008649368 19 0 1 0
1008649408 34 1 4 2
1008649476 43 1 2 0
1008649494 35 1 4 2
1008649506 27 0 1 0
1008649684 14 0 1 1
1008650247 39 1 1 2
1008650338 35 1 1 2
1008650442 10 0 1 1
1008650562 14 0 1 0
1008650596 14 0 1 1
1008651134 34 1 5 3
1008651281 41 1 8 1
1008651372 40 1 8 1
1008651536 35 1 1 3
1008652309 39 1 2 3
1008652380 35 1 3 3
1008652570 40 1 8 0
1008652655 38 1 3 2
1008652918 35 1 1 2
1008652999 11 0 1 0
1008653134 38 1 5 2
1008653343 28 0 1 0
1008653414 13 0 1 0
1008653952 40 1 8 1
1008654183 33 1 2 2
1008654303 25 0 1 1
1008654700 27 0 1 1
1008655217 4 0 1 1
1008655416 37 1 5 2
1008655546 35 1 2 2
1008655848 37 1 4 2
1008655962 37 1 3 2
1008656040 37 1 2 2
1008656372 36 1 5 2
1008656580 12 0 1 1
1008656700 37 1 1 2
1008656758 37 1 3 3
1008656782 37 1 5 3
1008656818 23 0 1 1
1008656988 34 1 1 2
1008656996 21 0 1 1
1008657205 39 1 5 2
1008657292 34 1 3 2
1008657399 34 1 1 3
1008657406 19 0 1 1
1008657496 22 0 1 1
1008657654 20 0 1 1
1008657732 37 1 1 3
1008657782 41 1 6 1
1008658022 40 1 7 1
1008658433 40 1 7 0
1008658578 21 0 1 0
1008658590 37 1 3 2
1008658636 23 0 1 0
1008658846 36 1 5 3
1008658914 9 0 1 1
1008658963 31 0 1 1
1008659132 35 1 1 3
1008659414 41 1 7 2
1008659552 41 1 6 0
1008659839 36 1 4 2
1008659920 37 1 2 3
1008660048 19 0 1 0
1008660160 37 1 3 3
1008660166 40 1 8 0
1008660389 41 1 4 2
1008660396 21 0 1 1
1008660432 37 1 4 3
1008660448 38 1 1 1
1008660820 35 1 4 3
1008660873 18 0 1 1
1008660978 41 1 5 2
1008661053 34 1 5 2
1008661160 20 0 1 0
1008661191 39 1 2 2
1008661194 21 0 1 0
1008661423 45 1 2 1
1008661798 22 0 1 0
1008661854 14 0 1 0
1008662225 28 0 1 1
1008662400 36 1 1 1
1008662466 34 1 1 2
1008662730 34 1 4 3
1008662750 36 1 5 2
1008662797 11 0 1 1
1008662998 35 1 3 2
1008663352 35 1 2 3
1008663358 34 1 1 3
1008663500 40 1 7 1
1008663764 10 0 1 0
1008663794 35 1 1 2
1008663905 39 1 1 3
1008663965 33 1 2 3
1008664032 13 0 1 1
1008664196 35 1 1 3
1008664386 12 0 1 0
1008664392 40 1 7 0
1008664460 19 0 1 1
1008664876 40 1 8 1
1008664939 41 1 8 0
1008664939 41 1 5 3
1008664999 4 0 1 0
1008665230 40 1 8 0
1008665482 35 1 1 2
1008666002 36 1 1 0
1008666516 40 1 8 1
1008666640 41 1 7 3
1008666723 41 1 4 3
1008667190 34 1 3 3
1008667674 38 1 1 0
1008667674 38 1 3 3
1008667757 45 1 2 0
1008668330 9 0 1 0
1008668518 38 1 5 3
1008668925 25 0 1 0
1008669151 36 1 4 3
1008669260 35 1 1 3
1008669392 33 1 3 2
1008669750 35 1 4 2
1008670104 35 1 4 3
1008670149 39 1 5 3
1008670166 27 0 1 0
1008670185 18 0 1 0
1008670294 40 1 8 0
1008670784 14 0 1 1
1008670978 5 0 1 1
1008671138 14 0 1 0
1008671390 35 1 2 2
1008671451 31 0 1 0
1008671683 36 1 5 3
1008672282 35 1 2 3
1008672424 12 0 1 1
1008672900 19 0 1 0
1008673364 12 0 1 0
1008673468 37 1 4 2
1008673691 33 1 2 2
1008674725 4 0 1 1
1008674862 35 1 4 2
1008674924 22 0 1 1
1008674937 33 1 3 3
1008675592 38 1 5 2
1008676062 34 1 5 3
1008676066 35 1 2 2
1008676268 5 0 1 0
1008676357 37 1 2 2
1008676358 35 1 1 2
1008676548 14 0 1 1
1008677000 27 0 1 1
1008677100 12 0 1 1
1008677275 11 0 1 0
1008677465 37 1 2 3
1008677617 38 1 3 2
1008677700 35 1 3 3
1008677944 40 1 8 1
1008677986 20 0 1 1
1008678096 39 1 1 2
1008678836 13 0 1 0
1008678912 20 0 1 0
1008679130 41 1 8 1
1008679188 37 1 4 3
1008679231 25 0 1 1
1008679443 39 1 5 2
1008679452 34 1 1 2
1008679817 36 1 4 2
1008680243 38 1 4 2
1008680283 22 0 1 0
1008680315 36 1 4 3
1008680651 40 1 7 1
1008680709 36 1 4 2
1008680811 38 1 4 3
1008680853 39 1 2 3
1008680992 34 1 4 2
1008681076 35 1 1 3
1008681258 18 0 1 1
1008681277 26 0 1 1
1008681311 31 0 1 1
1008681544 34 1 3 2
1008681845 26 0 1 0
1008681887 28 0 1 0
1008682026 10 0 1 1
1008682110 40 1 8 0
1008682136 18 0 1 0
1008682170 18 0 1 1
1008682533 33 1 2 3
1008682701 34 1 5 2
1008683162 9 0 1 1
1008683281 34 1 2 2
1008683567 4 0 1 0
1008683950 38 1 5 3
1008684076 34 1 1 3
1008684209 41 1 4 2
1008684234 36 1 5 2
1008684301 11 0 1 1
1008684528 41 1 6 2
1008684794 41 1 5 2
1008684950 41 1 7 2
1008685037 34 1 2 3
1008685076 8 0 1 1
1008685268 19 0 1 1
1008685454 41 1 7 3
1008685546 40 1 7 0
1008685658 37 1 1 1
1008685666 27 0 1 0
1008685735 45 1 2 1
1008685984 38 1 1 1
1008686298 41 1 6 3
1008686380 41 1 4 3
1008686401 41 1 3 2
1008686454 36 1 1 1
1008686534 35 1 1 2
1008686587 37 1 4 2
1008686598 36 1 2 2
1008686602 35 1 3 2
1008686638 41 1 7 2
1008686738 34 1 4 3
1008686846 8 0 1 0
1008686862 36 1 2 3
1008687156 41 1 6 2
1008687211 36 1 4 3
1008687298 38 1 1 0
1008687346 37 1 1 2
1008687380 37 1 1 0
1008687380 37 1 4 3
1008687414 45 1 2 0
1008687516 44 1 2 1
1008687582 40 1 8 1
1008687632 16 0 1 1
1008687636 13 0 1 1
1008687772 10 0 1 0
1008687896 16 0 1 0
1008687906 37 1 2 2
1008687959 22 0 1 1
1008688082 41 1 6 3
1008688258 37 1 1 1
1008688380 41 1 6 1
1008688456 38 1 1 1
1008688522 34 1 3 3
1008688672 35 1 2 3
1008688740 18 0 1 0
1008688885 22 0 1 0
1008689056 37 1 3 2
1008689163 36 1 3 2
1008689184 37 1 1 0
1008689224 41 1 6 2
1008689258 41 1 4 2
1008689263 37 1 4 2
1008689516 35 1 4 3
1008689554 20 0 1 1
1008689597 38 1 4 2
1008689687 39 1 2 2
1008689706 12 0 1 0
1008689996 41 1 2 2
1008690027 33 1 3 2
1008690102 21 0 1 1
1008690160 9 0 1 0
1008690200 38 1 5 2
1008690258 37 1 1 1
1008690292 45 1 2 1
1008690499 37 1 2 3
1008690598 36 1 4 2
1008690607 22 0 1 1
1008690631 26 0 1 1
1008690665 39 1 1 3
1008690710 41 1 6 3
1008690721 28 0 1 1
1008690777 17 0 1 1
1008690944 14 0 1 0
1008691030 43 1 2 1
1008691418 5 0 1 1
1008691699 41 1 8 0
1008691704 27 0 1 1
1008691744 37 1 1 0
1008691852 18 0 1 1
1008691872 41 1 6 2
1008692211 33 1 2 2
1008692252 37 1 1 3
1008692312 20 0 1 0
1008692449 39 1 5 3
1008692472 37 1 3 3
1008692542 41 1 7 3
1008692892 35 1 1 3
1008692906 37 1 1 1
1008693259 4 0 1 1
1008693434 41 1 6 3
1008693506 21 0 1 0
1008693576 38 1 1 0
1008693576 38 1 3 3
1008693622 41 1 6 0
1008693622 41 1 3 3
1008693703 31 0 1 0
1008693793 38 1 4 3
1008694279 41 1 5 3
1008694320 40 1 8 0
1008694468 37 1 1 0
1008694656 44 1 2 0
1008694793 25 0 1 0
1008694827 26 0 1 0
1008695123 41 1 4 3
1008696037 33 1 3 3
1008696156 36 1 1 0
1008696156 36 1 5 3
1008696157 45 1 2 0
1008697000 38 1 5 3
1008697345 39 1 5 2
1008697600 5 0 1 0
1008697801 39 1 5 3
1008697904 19 0 1 0
1008698034 27 0 1 0
1008698430 34 1 5 3
1008698655 39 1 1 2
1008698693 39 1 1 3
1008698716 37 1 4 3
1008699103 31 0 1 1
1008699137 31 0 1 0
1008699413 33 1 2 3
1008699499 39 1 1 2
1008699676 36 1 4 3
1008699689 41 1 8 1
1008699727 41 1 8 0
1008699815 11 0 1 0
1008699856 22 0 1 0
1008700447 4 0 1 0
1008700533 41 1 8 1
1008700746 34 1 3 2
1008700758 18 0 1 0
1008700913 39 1 5 2
1008701372 35 1 1 2
1008701508 36 1 3 3
1008701650 41 1 2 3
1008701814 9 0 1 1
1008702134 35 1 4 2
1008702406 40 1 8 1
1008702468 34 1 4 2
1008702671 31 0 1 1
1008702675 17 0 1 0
1008702684 43 1 2 0
1008702762 35 1 2 2
1008703020 35 1 3 3
1008703153 39 1 5 3
1008703346 14 0 1 1
1008703502 10 0 1 1
1008703581 38 1 5 2
1008703908 41 1 7 2
1008703979 33 1 2 2
1008704054 13 0 1 0
1008704108 12 0 1 1
1008704537 31 0 1 0
1008704615 27 0 1 1
1008704810 33 1 3 2
1008704970 36 1 5 2
1008705013 4 0 1 1
1008705221 38 1 3 2
1008705562 38 1 1 1
1008705670 37 1 3 2
1008705872 37 1 3 3
1008705988 34 1 4 3
1008706004 19 0 1 1
1008706076 41 1 5 2
1008706395 39 1 5 2
1008706410 5 0 1 1
1008706610 37 1 2 2
1008706620 36 1 5 3
1008706704 21 0 1 1
1008706721 39 1 2 3
1008706787 25 0 1 1
1008707022 10 0 1 0
1008707240 35 1 1 3
1008707302 34 1 3 3
1008707502 36 1 5 2
1008707528 37 1 5 2
1008707546 36 1 1 1
1008707644 21 0 1 0
1008707670 37 1 2 3
1008707716 41 1 5 3
1008707718 20 0 1 1
1008707752 37 1 5 3
1008707755 28 0 1 0
1008707814 37 1 4 2
1008707858 36 1 4 2
1008708050 37 1 1 2
1008708091 31 0 1 1
1008708274 40 1 8 0
1008708298 37 1 3 2
1008708320 19 0 1 0
1008708536 19 0 1 1
1008708596 37 1 1 3
1008708622 23 0 1 1
1008708664 37 1 4 3
1008709022 36 1 2 2
1008709172 9 0 1 0
1008709286 37 1 2 2
1008709312 37 1 5 2
1008709316 36 1 1 0
1008709380 22 0 1 1
1008709390 18 0 1 1
1008709440 20 0 1 0
1008709508 37 1 5 3
1008709548 23 0 1 0
1008709556 37 1 2 3
1008709598 37 1 4 2
1008709630 41 1 6 1
1008709664 41 1 6 0
1008709928 21 0 1 1
1008710056 16 0 1 1
1008710101 41 1 3 2
1008710306 22 0 1 0
1008710414 20 0 1 1
1008710474 23 0 1 1
1008710556 23 0 1 0
1008710570 41 1 7 3
1008710632 22 0 1 1
1008710792 36 1 2 3
1008711135 44 1 2 1
1008711160 41 1 5 2
1008711229 33 1 2 3
1008711292 20 0 1 0
1008711520 41 1 4 2
1008711604 38 1 1 0
1008711759 41 1 8 2
1008711854 35 1 1 2
1008711944 36 1 5 3
1008712038 16 0 1 0
1008712263 4 0 1 0
1008712306 41 1 3 3
1008712448 38 1 5 3
1008712554 45 1 2 1
1008712698 35 1 3 2
1008712793 39 1 1 1
1008712822 36 1 1 1
1008712902 40 1 8 1
1008712917 33 1 3 3
1008712944 41 1 5 3
1008713076 37 1 3 3
1008713122 41 1 8 3
1008713148 35 1 2 3
1008713480 19 0 1 0
1008713482 27 0 1 0
1008713746 13 0 1 1
1008713857 39 1 1 3
1008713992 35 1 4 3
1008714122 44 1 2 0
1008714156 39 1 1 0
1008714182 12 0 1 0
1008714292 41 1 7 2
1008714292 21 0 1 0
1008714424 5 0 1 0
1008714544 36 1 1 0
1008714632 41 1 5 2
1008714891 41 1 8 0
1008714891 41 1 5 3
1008715026 14 0 1 0
1008715053 34 1 5 2
1008715326 38 1 1 1
1008715735 41 1 7 3
1008715848 37 1 4 3
1008716351 39 1 2 2
1008716408 36 1 4 3
1008716410 36 1 1 1
1008716444 36 1 1 0
1008716509 11 0 1 1
1008716769 38 1 1 0
1008717385 28 0 1 1
1008717510 18 0 1 0
1008717531 33 1 2 2
1008717656 22 0 1 0
1008717981 33 1 2 3
1008718375 33 1 2 2
1008718550 41 1 4 3
1008718565 4 0 1 1
1008719015 4 0 1 0
1008719301 38 1 3 3
1008719409 4 0 1 1
1008719584 45 1 2 0
1008720030 34 1 4 2
1008720408 38 1 5 2
1008720517 25 0 1 0
1008720634 34 1 5 3
1008721064 10 0 1 1
1008721442 27 0 1 1
1008721634 33 1 3 2
1008721703 11 0 1 0
1008721833 38 1 5 3
1008721885 39 1 5 3
1008722432 35 1 1 3
1008722466 34 1 4 3
1008722578 34 1 3 2
1008722739 39 1 1 2
1008722867 27 0 1 0
1008723138 5 0 1 1
1008723139 31 0 1 0
1008723466 40 1 8 0
1008723500 10 0 1 0
1008723640 34 1 1 2
1008723644 9 0 1 1
1008723718 35 1 2 2
1008723773 41 1 8 1
1008724106 37 1 1 2
1008724314 34 1 3 3
1008724427 39 1 1 3
1008724704 36 1 5 2
1008724818 37 1 4 2
1008724878 37 1 3 2
1008725344 34 1 4 2
1008725348 40 1 7 1
1008725461 41 1 8 0
1008725500 12 0 1 1
1008725564 36 1 4 2
1008725566 9 0 1 0
1008725577 33 1 2 3
1008725738 19 0 1 1
1008725754 41 1 6 1
1008725808 35 1 2 3
1008725868 22 0 1 1
1008725986 34 1 4 3
1008726220 36 1 5 3
1008726223 34 1 5 2
1008726378 10 0 1 1
1008726482 37 1 3 3
1008726576 21 0 1 1
1008726611 4 0 1 0
1008726878 34 1 5 3
1008726998 35 1 1 2
1008726998 35 1 4 2
1008727020 10 0 1 0
1008727146 18 0 1 1
1008727188 12 0 1 0
1008727190 35 1 2 2
1008727254 19 0 1 0
1008727300 37 1 1 3
1008727410 34 1 3 2
1008727458 37 1 3 2
1008727720 21 0 1 0
1008727770 34 1 3 3
1008727837 11 0 1 1
1008728007 34 1 5 2
1008728032 40 1 8 1
1008728032 14 0 1 1
1008728149 39 1 1 2
1008728340 35 1 3 3
1008728416 41 1 6 0
1008728492 21 0 1 1
1008728715 11 0 1 0
1008728744 38 1 5 2
1008728864 34 1 4 2
1008728958 12 0 1 1
1008729024 9 0 1 1
1008729024 37 1 3 3
1008729058 9 0 1 0
1008729183 41 1 8 1
1008729194 34 1 3 2
1008729260 41 1 6 2
1008729374 13 0 1 0
1008729729 41 1 7 2
1008729737 11 0 1 1
1008729778 27 0 1 1
1008729898 10 0 1 1
1008730192 21 0 1 0
1008730286 36 1 5 2
1008730294 37 1 1 1
1008730632 36 1 4 3
1008730763 38 1 1 1
1008730924 9 0 1 1
1008730986 41 1 4 2
1008731288 36 1 5 3
1008731320 19 0 1 1
1008731485 33 1 3 3
1008731540 34 1 5 3
1008731768 41 1 3 2
1008731888 18 0 1 0
1008732020 45 1 2 1
1008732182 34 1 1 3
1008732648 5 0 1 0
1008732766 37 1 5 2
1008732802 44 1 2 1
1008732814 41 1 4 3
1008733025 39 1 5 2
1008733086 19 0 1 0
1008733291 11 0 1 0
1008733343 40 1 7 0
1008733481 39 1 2 3
1008733718 37 1 1 2
1008733848 45 1 2 0
1008733951 38 1 4 2
1008734369 38 1 3 2
1008734434 23 0 1 1
1008734515 28 0 1 0
1008734630 37 1 3 2
1008734735 31 0 1 1
1008734752 41 1 6 1
1008734985 26 0 1 1
1008735207 33 1 2 2
1008735218 37 1 4 3
1008735664 21 0 1 1
1008735935 25 0 1 1
1008735936 35 1 1 3
1008735993 34 1 5 2
1008736044 41 1 5 2
1008736241 4 0 1 1
1008736294 37 1 1 3
1008736422 36 1 4 2
1008736436 22 0 1 0
1008736642 34 1 4 3
1008736970 40 1 8 0
1008737328 41 1 6 0
1008737328 41 1 3 3
1008737538 41 1 6 3
1008737582 34 1 3 3
1008737611 38 1 4 3
1008737646 36 1 1 1
1008737676 10 0 1 0
1008737737 11 0 1 1
1008738060 33 1 3 2
1008738070 18 0 1 1
1008738362 44 1 2 0
1008738430 41 1 7 3
1008738468 35 1 2 3
1008738645 26 0 1 0
1008738801 9 0 1 0
1008738862 35 1 3 2
1008739206 37 1 1 0
1008739212 36 1 5 2
1008739366 34 1 5 3
1008739464 38 1 1 0
1008739502 12 0 1 0
1008739626 5 0 1 1
1008739658 35 1 1 2
1008739728 37 1 3 3
1008739896 13 0 1 1
1008740038 41 1 5 3
1008740126 37 1 5 3
1008740246 19 0 1 1
1008740395 34 1 1 2
1008740692 40 1 8 1
1008740769 33 1 3 3
1008740944 21 0 1 0
1008741000 35 1 4 3
1008741072 36 1 1 0
1008741152 38 1 5 3
1008741195 11 0 1 0
1008741446 40 1 7 1
1008741556 23 0 1 0
1008742034 14 0 1 0
1008742042 34 1 1 3
1008742186 27 0 1 0
1008742240 5 0 1 0
1008742916 41 1 5 2
1008743159 39 1 2 2
1008743216 40 1 7 0
1008743248 36 1 4 3
1008743293 39 1 1 3
1008743823 41 1 5 3
1008744098 33 1 3 2
1008744145 33 1 2 3
1008744201 41 1 3 2
1008744327 41 1 8 0
1008744428 37 1 4 2
1008744450 41 1 3 3
1008744547 28 0 1 1
1008744706 18 0 1 0
1008744740 36 1 1 1
1008744748 41 1 5 2
1008745045 41 1 3 2
1008745179 4 0 1 0
1008745468 38 1 3 3
1008745584 44 1 2 1
1008745592 41 1 5 3
1008745618 44 1 2 0
1008745666 36 1 1 0
1008745842 5 0 1 1
1008746161 34 1 3 2
1008746248 22 0 1 1
1008746510 36 1 5 3
1008746544 36 1 1 1
1008746626 44 1 2 1
1008746684 34 1 2 2
1008746861 39 1 5 3
1008747195 9 0 1 1
1008747229 25 0 1 0
1008747422 36 1 1 0
1008747513 34 1 5 2
1008747544 19 0 1 0
1008748065 34 1 2 3
1008748115 31 0 1 0
1008748420 34 1 2 2
1008748428 8 0 1 1
1008748840 37 1 3 2
1008748957 34 1 2 3
1008749010 41 1 6 2
1008749017 11 0 1 1
1008749290 41 1 6 3
1008749306 8 0 1 0
1008749391 41 1 3 3
1008749874 21 0 1 1
1008750184 8 0 1 1
1008750266 8 0 1 0
1008750391 39 1 1 2
1008750425 44 1 2 0
1008750630 35 1 4 2
1008750644 37 1 1 1
1008750678 37 1 1 0
1008750688 41 1 7 2
1008750774 35 1 2 2
1008751128 35 1 1 3
1008751425 41 1 8 1
1008751442 37 1 5 2
1008751480 34 1 4 2
1008751570 37 1 1 2
1008751664 14 0 1 1
1008751710 34 1 1 2
1008751722 38 1 1 1
1008751972 35 1 4 3
1008752079 39 1 1 3
1008752135 33 1 2 2
1008752360 37 1 1 3
1008752508 12 0 1 1
1008752514 10 0 1 1
1008752516 34 1 1 3
1008752553 39 1 5 2
1008752652 40 1 8 0
1008752756 41 1 6 1
1008753006 14 0 1 0
1008753090 23 0 1 1
1008753113 41 1 8 0
1008753183 4 0 1 1
1008753358 40 1 7 1
1008753526 37 1 3 3
1008753550 40 1 7 0
1008753587 31 0 1 1
1008753634 41 1 6 0
1008753774 34 1 5 3
1008753826 37 1 4 3
1008753842 38 1 5 2
1008753997 39 1 5 3
1008754666 34 1 3 3
1008754801 41 1 7 3
1008754850 35 1 4 2
1008754916 27 0 1 1
1008754957 39 1 1 2
1008755024 21 0 1 0
1008755077 38 1 3 2
1008755082 22 0 1 0
1008755117 33 1 3 3
1008755182 34 1 1 2
1008755199 11 0 1 0
1008755230 36 1 4 2
1008755299 31 0 1 0
1008755358 37 1 5 3
1008755388 35 1 1 2
1008755440 36 1 5 2
1008755606 34 1 4 3
1008755884 14 0 1 1
1008755991 41 1 8 1
1008756054 36 1 5 3
1008756130 9 0 1 0
1008756192 35 1 3 3
1008756216 40 1 7 1
1008756247 38 1 1 0
1008756422 40 1 8 1
1008756450 18 0 1 1
1008756474 19 0 1 1
1008756595 25 0 1 1
1008756596 23 0 1 0
1008756640 10 0 1 0
1008756992 5 0 1 0
1008757088 19 0 1 0
1008757226 13 0 1 0
1008757414 34 1 2 2
1008758831 39 1 5 2
1008758932 36 1 5 2
1008758970 36 1 5 3
1008759268 8 0 1 1
1008759349 39 1 2 3
1008759503 34 1 1 3
1008759724 34 1 3 2
1008759865 31 0 1 1
1008759966 19 0 1 1
1008760048 19 0 1 0
1008760172 34 1 4 2
1008760603 28 0 1 0
1008760625 34 1 5 2
1008760650 34 1 4 3
1008760710 40 1 7 0
1008760758 9 0 1 1
1008761112 34 1 5 3
1008761206 10 0 1 1
1008761646 36 1 4 3
1008761684 10 0 1 0
1008761860 34 1 4 2
1008762247 34 1 2 3
1008762321 11 0 1 1
1008762355 11 0 1 0
1008762458 41 1 6 2
1008762894 10 0 1 1
1008763095 38 1 5 3
1008763248 36 1 5 2
1008763418 41 1 6 3
1008763428 18 0 1 0
1008763430 36 1 5 3
1008763446 34 1 4 3
1008763714 8 0 1 0
1008763884 37 1 4 2
1008764129 27 0 1 0
1008764227 37 1 1 1
1008764282 19 0 1 1
1008764401 33 1 2 3
1008764464 19 0 1 0
1008764480 10 0 1 0
1008764632 35 1 2 3
1008764939 41 1 7 2
1008765105 37 1 1 0
1008765435 4 0 1 0
1008765476 35 1 1 3
1008765666 12 0 1 0
1008765776 22 0 1 1
1008765973 38 1 1 1
1008765983 34 1 5 2
1008766282 34 1 3 3
1008766290 41 1 4 2
1008766510 40 1 8 0
1008767168 34 1 4 2
1008767597 11 0 1 1
1008767770 33 1 3 2
1008767904 9 0 1 0
1008767996 45 1 2 1
1008768202 10 0 1 1
1008768269 39 1 1 3
1008768354 35 1 2 2
1008768354 35 1 3 2
1008768640 34 1 5 3
1008768852 35 1 2 3
1008769158 37 1 5 2
1008769246 35 1 1 2
1008769252 36 1 5 2
1008769303 41 1 8 0
1008769322 5 0 1 1
1008769388 12 0 1 1
1008769402 34 1 1 2
1008769405 39 1 2 2
1008769529 41 1 6 2
1008769532 34 1 4 3
1008769565 37 1 5 3
1008769636 36 1 4 2
1008769696 35 1 4 3
1008769734 41 1 5 2
1008769886 12 0 1 0
1008770158 36 1 3 2
1008770232 13 0 1 1
1008770259 11 0 1 0
1008770280 40 1 8 1
1008770286 19 0 1 1
1008770376 34 1 1 3
1008770409 37 1 1 2
1008770439 28 0 1 1
1008770566 23 0 1 1
1008770566 10 0 1 0
1008770575 41 1 4 3
1008770578 41 1 5 3
1008770622 41 1 6 3
1008770635 37 1 1 1
1008770696 23 0 1 0
1008770730 14 0 1 0
1008770818 37 1 3 2
1008770945 39 1 5 3
1008770970 40 1 7 1
1008771178 18 0 1 1
1008771443 41 1 6 1
1008771492 36 1 1 1
1008771514 41 1 7 3
1008771609 45 1 2 0
1008771622 36 1 1 0
1008771662 37 1 1 3
1008771676 17 0 1 1
1008771834 37 1 5 2
1008771848 40 1 7 0
1008771852 21 0 1 1
1008772199 31 0 1 0
1008772438 34 1 3 2
1008772453 37 1 1 0
1008772506 37 1 3 3
1008772548 38 1 1 0
1008772548 38 1 3 3
1008772696 41 1 6 0
1008772770 37 1 2 2
1008773256 36 1 5 3
1008773350 37 1 2 3
1008773398 37 1 3 2
1008773406 23 0 1 1
1008773540 21 0 1 0
1008773749 25 0 1 0
1008773853 34 1 5 2
1008773942 9 0 1 1
1008773980 20 0 1 1
1008774079 33 1 2 2
1008774098 34 1 4 2
1008774134 36 1 3 3
1008774238 37 1 4 3
1008774432 21 0 1 1
1008774654 19 0 1 0
1008774858 20 0 1 0
1008774978 36 1 4 3
1008775127 4 0 1 1
1008775129 37 1 3 3
1008775132 10 0 1 1
1008775276 22 0 1 0
1008775501 11 0 1 1
1008775594 37 1 5 3
1008775745 39 1 5 2
1008775978 17 0 1 0
1008776217 33 1 3 3
1008776342 18 0 1 0
1008776480 21 0 1 0
1008776890 34 1 3 3
1008777008 23 0 1 0
1008777455 31 0 1 1
1008777638 35 1 4 2
1008777734 35 1 2 2
1008777841 39 1 5 3
1008777892 5 0 1 0
1008777947 39 1 1 2
1008778136 35 1 4 3
1008778340 9 0 1 0
1008778373 39 1 5 2
1008778672 14 0 1 1
1008778674 34 1 5 3
1008778685 39 1 1 3
1008778981 41 1 8 1
1008779143 31 0 1 0
1008779170 14 0 1 0
1008779326 35 1 4 2
1008779407 31 0 1 1
1008779516 12 0 1 1
1008779566 34 1 4 3
1008779719 41 1 8 0
1008779824 35 1 1 3
1008779947 11 0 1 0
1008780360 14 0 1 1
1008780373 39 1 5 3
1008780492 41 1 7 2
1008780600 10 0 1 0
1008780668 35 1 4 3
1008780736 37 1 1 2
1008780828 36 1 4 2
1008780858 40 1 8 0
1008781337 41 1 6 2
1008781422 41 1 6 3
1008781455 31 0 1 0
1008781526 38 1 1 1
1008781565 38 1 5 2
1008781702 14 0 1 0
1008782263 41 1 6 1
1008782420 18 0 1 1
1008782554 37 1 1 1
1008782588 37 1 1 0
1008782599 27 0 1 1
1008783193 38 1 3 2
1008783546 35 1 4 2
1008783546 35 1 1 2
1008783766 34 1 3 2
1008784049 39 1 1 2
1008784143 39 1 5 2
1008784580 14 0 1 1
1008784580 40 1 8 1
1008784736 37 1 1 3
1008784888 35 1 3 3
1008784956 37 1 4 2
1008785004 25 0 1 1
1008785083 41 1 8 1
1008785191 31 0 1 1
1008785357 9 0 1 1
1008785437 39 1 2 3
1008785922 13 0 1 0
1008785988 36 1 5 2
1008786064 37 1 3 2
1008786302 22 0 1 1
1008786345 33 1 2 3
1008786613 41 1 6 0
1008786913 28 0 1 0
1008787022 19 0 1 1
1008787143 34 1 5 2
1008787379 4 0 1 0
1008787460 37 1 3 3
1008787562 21 0 1 1
1008787782 36 1 4 3
1008788358 36 1 5 3
1008788494 21 0 1 0
1008788666 34 1 4 2
1008788670 33 1 3 2
1008788805 11 0 1 1
1008789070 34 1 4 3
1008789138 41 1 3 2
1008789554 18 0 1 0
1008789700 10 0 1 1
1008790129 10 0 1 0
1008790134 19 0 1 0
1008790172 44 1 2 1
1008790245 34 1 1 2
1008790270 5 0 1 1
1008790354 34 1 4 2
1008790423 34 1 4 3
1008791345 39 1 1 3
1008791388 10 0 1 1
1008791457 10 0 1 0
1008791640 35 1 1 3
1008791792 40 1 7 1
1008791938 41 1 5 2
1008792026 37 1 3 2
1008792379 41 1 8 0
1008792379 41 1 5 3
1008792749 37 1 3 3
1008792994 34 1 3 3
1008793015 36 1 1 1
1008793020 40 1 8 0
1008793060 21 0 1 1
1008793413 36 1 1 0
1008793605 41 1 7 3
1008793704 37 1 4 3
1008793783 21 0 1 0
1008794001 34 1 1 3
1008794037 9 0 1 0
1008794639 38 1 1 0
1008794748 22 0 1 0
1008794778 34 1 5 3
1008795016 35 1 2 3
1008795102 40 1 7 0
1008795362 35 1 3 2
1008795437 41 1 3 3
1008795715 39 1 2 2
1008795879 11 0 1 0
1008795911 39 1 1 2
1008796050 12 0 1 0
1008796396 13 0 1 1
1008796409 39 1 5 3
1008796471 44 1 2 0
1008796552 35 1 1 2
1008796716 36 1 4 2
1008796867 33 1 2 2
1008796915 28 0 1 1
1008796945 41 1 8 1
1008797171 38 1 5 3
1008797317 33 1 3 3
1008797711 31 0 1 0
1008797901 4 0 1 1
1008797922 18 0 1 1
1008798084 40 1 8 1
1008798205 27 0 1 0
1008798852 5 0 1 0
1008799099 37 1 3 2
1008799236 35 1 4 3
1008799804 37 1 3 3
1008799870 41 1 5 2
1008800051 41 1 3 2
1008800195 21 0 1 1
1008800270 14 0 1 0
1008800355 34 1 3 2
1008800576 36 1 5 2
1008800931 36 1 1 1
1008801073 21 0 1 0
1008801085 44 1 2 1
1008801406 34 1 1 2
1008801478 36 1 5 3
1008801610 19 0 1 1
1008801738 41 1 2 2
1008801811 9 0 1 1
1008802197 34 1 5 2
1008802391 41 1 7 2
1008802512 19 0 1 0
1008802525 41 1 6 2
1008802772 43 1 2 1
1008803156 36 1 5 2
1008803161 39 1 1 3
1008803173 40 1 7 1
1008803403 41 1 6 3
1008803425 38 1 1 1
1008803653 11 0 1 1
1008803703 37 1 1 1
1008804195 41 1 8 0
1008804309 41 1 6 2
1008804459 41 1 5 3
1008804581 37 1 1 0
1008804722 19 0 1 1
1008804854 36 1 4 3
1008805459 37 1 1 1
1008805607 37 1 3 2
1008806096 37 1 3 3
1008806303 37 1 1 2
1008806305 41 1 6 3
1008806317 36 1 1 0
1008806458 18 0 1 0
1008806601 33 1 2 3
1008806641 21 0 1 1
1008807130 21 0 1 0
1008807149 41 1 7 3
1008807217 41 1 2 3
1008807257 36 1 5 3
1008807282 34 1 4 2
1008807343 37 1 3 2
1008807351 41 1 6 1
1008807373 37 1 1 0
1008807396 37 1 5 2
1008807496 34 1 2 2
1008807635 4 0 1 0
1008807727 39 1 1 2
1008807851 34 1 4 3
1008808183 38 1 1 0
1008808183 38 1 3 3
1008808251 43 1 2 0
1008808316 10 0 1 1
1008808421 21 0 1 1
1008808458 34 1 5 3
1008808695 34 1 1 3
1008808739 34 1 2 3
1008808761 41 1 8 1
1008808885 10 0 1 0
1008808962 35 1 2 2
1008808962 23 0 1 1
1008809093 39 1 5 2
1008809109 37 1 5 3
1008809134 19 0 1 0
1008809217 25 0 1 0
1008809362 8 0 1 1
1008809739 11 0 1 0
1008809913 39 1 2 3
1008810041 40 1 7 0
1008810095 41 1 2 2
1008810127 31 0 1 1
1008810336 8 0 1 0
1008810430 37 1 3 3
1008810554 35 1 4 2
1008810732 23 0 1 0
1008810744 12 0 1 1
1008810871 41 1 7 2
1008811120 34 1 3 3
1008811143 43 1 2 1
1008811341 28 0 1 0
1008811370 37 1 1 3
1008811464 21 0 1 0
1008811588 14 0 1 1
1008811601 39 1 1 3
1008811681 41 1 5 2
1008811905 38 1 1 1
1008812309 9 0 1 0
1008812465 36 1 1 2
1008812594 36 1 1 3
1008812632 36 1 4 2
1008812635 41 1 8 0
1008812689 41 1 5 3
1008812740 35 1 3 3
1008812771 41 1 6 0
1008813150 33 1 3 2
1008813343 36 1 1 1
1008813499 41 1 5 1
1008813524 36 1 5 2
1008813663 41 1 2 3
1008813774 13 0 1 0
1008814174 38 1 5 2
1008814188 5 0 1 1
1008814221 36 1 1 0
1008814343 18 0 1 1
1008814425 41 1 5 0
1008814555 41 1 3 3
1008814558 19 0 1 1
1008814697 43 1 2 0
1008815165 34 1 5 2
1008815208 27 0 1 1
1008815272 35 1 1 3
1008815457 38 1 3 2
1008815589 44 1 2 0
1008816201 34 1 1 2
1008816306 40 1 8 0
1008816339 41 1 7 3
1008816609 34 1 1 3
1008816765 11 0 1 1
1008816957 41 1 5 2
1008817023 25 0 1 1
1008817093 34 1 1 2
1008817123 33 1 2 2
1008817231 41 1 5 3
1008817235 40 1 7 1
1008817643 40 1 7 0
1008818087 36 1 1 1
1008818127 40 1 7 1
1008818139 38 1 1 0
1008818171 4 0 1 1
1008818325 34 1 4 2
1008818613 34 1 3 2
1008818789 41 1 5 2
1008818793 41 1 4 2
1008818965 36 1 1 0
1008819121 41 1 2 2
1008819261 33 1 3 3
1008819809 36 1 5 3
1008819811 41 1 6 2
1008819827 45 1 2 1
1008819863 10 0 1 1
1008819891 36 1 1 1
1008819983 41 1 7 2
1008820371 9 0 1 1
1008820715 43 1 2 1
1008820779 5 0 1 0
1008820843 19 0 1 0
1008820893 37 1 1 1
1008821017 38 1 1 1
1008821021 39 1 2 2
1008821130 36 1 4 3
1008821629 41 1 4 3
1008821653 41 1 5 3
1008822055 28 0 1 1
1008822153 41 1 8 2
1008822493 41 1 6 3
1008822547 39 1 1 2
1008822668 34 1 5 3
1008822687 45 1 2 0
1008822891 34 1 4 3
1008822961 18 0 1 0
1008823214 35 1 3 2
1008823417 39 1 5 3
1008823445 36 1 1 0
1008823531 39 1 1 1
1008823581 41 1 8 1
1008823603 37 1 1 0
1008823635 34 1 1 3
1008823925 10 0 1 0
1008824106 35 1 1 2
1008824248 13 0 1 1
1008824277 41 1 2 3
1008824387 41 1 8 3
1008824451 31 0 1 0
1008824539 11 0 1 0
1008824669 40 1 7 0
1008825154 40 1 8 1
1008825231 41 1 7 3
1008825311 43 1 2 0
1008825315 36 1 5 2
1008825400 35 1 2 3
1008825421 39 1 1 0
1008825577 36 1 5 3
1008826112 36 1 2 2
1008826159 36 1 5 2
1008826244 35 1 4 3
1008826265 38 1 1 0
1008826284 34 1 3 3
1008826349 19 0 1 1
1008826421 36 1 2 3
1008826611 19 0 1 0
1008826857 33 1 2 3
1008827146 16 0 1 1
1008827187 12 0 1 0
1008827278 14 0 1 0
1008827455 16 0 1 0
1008827990 19 0 1 1
1008828145 9 0 1 0
1008828267 4 0 1 0
1008828797 38 1 3 3
1008829325 39 1 1 3
1008830171 36 1 4 2
1008830359 41 1 8 0
1008830485 38 1 5 3
1008830527 25 0 1 0
1008831301 41 1 4 2
1008831473 36 1 5 3
1008831519 27 0 1 0
1008831689 41 1 2 2
1008831723 18 0 1 1
1008832335 45 1 2 1
1008832631 41 1 6 2
1008832723 43 1 2 1
1008833150 19 0 1 0
1008833173 41 1 7 2
1008833197 41 1 7 3
1008833197 41 1 2 3
1008833281 39 1 1 2
1008833545 39 1 1 3
1008834173 39 1 1 2
1008834197 37 1 1 1
1008834207 38 1 1 1
1008834241 38 1 1 0
1008834303 43 1 2 0
1008834315 41 1 8 1
1008834331 33 1 2 2
1008834579 41 1 8 0
1008834778 36 1 4 3
1008834957 41 1 7 2
1008834975 39 1 5 2
1008835207 41 1 8 1
1008835233 39 1 1 3
1008835423 4 0 1 1
1008835991 38 1 1 1
1008836025 18 0 1 0
1008836147 41 1 2 2
1008836247 34 1 3 2
1008836267 41 1 8 0
1008836278 34 1 2 2
1008836372 35 1 1 3
1008836535 31 0 1 1
1008836669 41 1 4 3
1008836674 37 1 5 2
1008836789 34 1 4 2
1008836909 33 1 3 2
1008836929 34 1 1 2
1008837101 34 1 5 2
1008837175 38 1 3 2
1008837181 43 1 2 1
1008837703 45 1 2 0
1008837757 40 1 8 0
1008837763 23 0 1 1
1008837765 39 1 2 3
1008837799 9 0 1 1
1008837823 10 0 1 1
1008837963 40 1 7 1
1008837974 8 0 1 1
1008838461 5 0 1 1
1008838673 33 1 3 3
1008838701 11 0 1 1
1008838823 25 0 1 1
1008839250 35 1 4 2
1008839351 35 1 2 2
1008839523 28 0 1 0
1008839601 35 1 1 2
1008839748 35 1 3 3
1008840106